transaction_id,transaction_date,store_id,product_id,customer_id,quantity,unit_price,payment_method,sales_channel
TXN000001,2025-03-18 13:15:00,ST005,PRD0028,CUST0574,2,9297.13,Mobile Wallet,Physical Store
TXN000002,2025-04-18 19:05:00,ST005,PRD0241,CUST0133,2,5942.64,Mobile Wallet,Physical Store
TXN000003,2025-11-27 20:32:00,ST004,PRD0192,CUST1022,5,812.19,Card,Physical Store
TXN000004,2025-06-14 19:23:00,ST004,PRD0270,CUST0990,4,18277.44,Online,Physical Store
TXN000005,2025-10-25 14:40:00,ST002,PRD0299,CUST0075,2,8975.12,Card,Physical Store
TXN000006,2025-08-20 21:15:00,ST004,PRD0203,CUST0448,3,10598.59,Mobile Wallet,Physical Store
TXN000007,2025-10-20 10:59:00,ST001,PRD0192,CUST0522,5,812.19,Card,Physical Store
TXN000008,2025-02-13 12:28:00,ST005,PRD0266,CUST0721,2,8348.44,Cash,Physical Store
TXN000009,2025-08-27 16:39:00,ST004,PRD0173,CUST0873,4,8871.76,Mobile Wallet,Physical Store
TXN000010,2025-07-29 13:51:00,ST004,PRD0255,CUST0650,3,5769.03,Cash,Physical Store
TXN000011,2025-04-02 15:14:00,ST001,PRD0136,CUST0156,3,12055.78,Online,Physical Store
TXN000012,2025-09-14 16:34:00,ST002,PRD0330,CUST0161,3,17208.76,Cash,Physical Store
TXN000013,2025-03-02 09:23:00,ST002,PRD0020,CUST0411,3,18682.24,Online,Physical Store
TXN000014,2025-05-09 12:47:00,ST002,PRD0141,CUST0391,5,11741.07,Online,Physical Store
TXN000015,2025-01-05 20:19:00,ST004,PRD0145,CUST0710,4,10608.78,Cash,Physical Store
TXN000016,2025-08-30 18:32:00,ST002,PRD0077,CUST0815,2,22335.09,Card,Physical Store
TXN000017,2025-08-31 11:33:00,ST003,PRD0301,CUST0960,4,16353.38,Cash,Physical Store
TXN000018,2025-06-10 21:12:00,ST004,PRD0220,CUST0856,2,11025.69,Mobile Wallet,Physical Store
TXN000019,2025-10-13 08:23:00,ST006,PRD0072,CUST0263,3,21910.16,Cash,Physical Store
TXN000020,2025-09-13 20:42:00,ST004,PRD0182,CUST0696,2,19280.03,Mobile Wallet,Physical Store
TXN000021,2025-12-18 20:25:00,ST005,PRD0276,CUST0614,3,21897.23,Cash,Physical Store
TXN000022,2025-10-18 20:02:00,ST005,PRD0072,CUST0315,3,21910.16,Mobile Wallet,Physical Store
TXN000023,2025-07-15 11:25:00,ST004,PRD0033,CUST0792,2,21125.63,Cash,Physical Store
TXN000024,2025-06-18 17:28:00,ST002,PRD0328,CUST0624,1,8691.06,Cash,Physical Store
TXN000025,2025-12-12 16:11:00,ST002,PRD0017,CUST1001,1,13431.35,Card,Physical Store
TXN000026,2025-02-05 14:18:00,ST006,PRD0106,CUST0478,3,11908.0,Cash,Physical Store
TXN000027,2025-08-21 08:23:00,ST003,PRD0266,CUST0023,2,8348.44,Mobile Wallet,Physical Store
TXN000028,2025-07-20 10:07:00,ST006,PRD0067,CUST0857,4,2993.21,Cash,Physical Store
TXN000029,2025-07-19 21:13:00,ST004,PRD0067,CUST0422,3,2993.21,Mobile Wallet,Physical Store
TXN000030,2025-03-23 17:36:00,ST006,PRD0159,CUST0416,5,2977.17,Mobile Wallet,Physical Store
TXN000031,2025-05-22 11:00:00,ST004,PRD0074,CUST0913,1,11205.61,Card,Physical Store
TXN000032,2025-09-27 13:58:00,ST004,PRD0292,CUST1006,4,7767.01,Cash,Physical Store
TXN000033,2025-02-16 12:41:00,ST004,PRD0234,CUST0711,3,15054.11,Card,Physical Store
TXN000034,2025-08-01 11:11:00,ST004,PRD0317,CUST0885,4,13310.61,Card,Physical Store
TXN000035,2025-12-24 17:06:00,ST002,PRD0202,CUST0090,2,17402.33,Online,Physical Store
TXN000036,2025-11-18 16:18:00,ST004,PRD0035,CUST0445,4,12242.79,Cash,Physical Store
TXN000037,2025-07-08 09:48:00,ST004,PRD0054,CUST1034,3,3904.5,Mobile Wallet,Physical Store
TXN000038,2025-03-26 12:13:00,ST001,PRD0260,CUST0092,4,9674.14,Cash,Physical Store
TXN000039,2025-11-24 19:43:00,ST006,PRD0237,CUST0781,3,1672.14,Mobile Wallet,Physical Store
TXN000040,2025-04-10 14:02:00,ST006,PRD0006,CUST0514,1,13477.68,Card,Physical Store
TXN000041,2025-06-17 18:47:00,ST001,PRD0238,CUST0993,4,15120.33,Cash,Physical Store
TXN000042,2025-10-08 18:15:00,ST003,PRD0225,CUST0288,4,15148.9,Card,Physical Store
TXN000043,2025-03-29 21:01:00,ST003,PRD0311,CUST0206,2,4148.18,Cash,Physical Store
TXN000044,2025-10-01 19:25:00,ST006,PRD0087,CUST0159,1,901.59,Online,Physical Store
TXN000045,2025-03-20 15:22:00,ST006,PRD0092,CUST0444,1,22187.45,Card,Physical Store
TXN000046,2025-08-15 19:03:00,ST006,PRD0326,CUST0211,4,8972.53,Online,Physical Store
TXN000047,2025-08-16 08:38:00,ST002,PRD0003,CUST0100,4,7463.9,Card,Physical Store
TXN000048,2025-07-11 11:12:00,ST001,PRD0047,CUST0033,4,5346.17,Cash,Physical Store
TXN000049,2025-06-22 21:12:00,ST006,PRD0033,CUST0452,1,21125.63,Card,Physical Store
TXN000050,2025-03-27 08:26:00,ST003,PRD0263,CUST0221,3,3550.61,Card,Physical Store
TXN000051,2025-11-16 11:59:00,ST001,PRD0278,CUST0810,4,7489.54,Card,Physical Store
TXN000052,2025-04-20 09:22:00,ST004,PRD0166,CUST0356,1,15634.98,Online,Physical Store
TXN000053,2025-01-07 14:13:00,ST006,PRD0235,CUST0451,1,17055.79,Online,Physical Store
TXN000054,2025-11-29 17:23:00,ST004,PRD0023,CUST0138,2,5149.18,Online,Physical Store
TXN000055,2025-11-03 15:06:00,ST001,PRD0275,CUST0352,3,837.23,Online,Physical Store
TXN000056,2025-11-20 19:24:00,ST006,PRD0069,CUST0681,2,12214.5,Online,Physical Store
TXN000057,2025-12-08 15:04:00,ST005,PRD0172,CUST0037,5,20895.21,Mobile Wallet,Physical Store
TXN000058,2025-07-15 16:40:00,ST006,PRD0120,CUST1032,5,14398.39,Cash,Physical Store
TXN000059,2025-04-30 08:39:00,ST006,PRD0064,CUST0633,2,1220.74,Mobile Wallet,Physical Store
TXN000060,2025-05-05 17:05:00,ST004,PRD0031,CUST0282,3,5505.62,Online,Physical Store
TXN000061,2025-04-14 10:24:00,ST006,PRD0105,CUST0078,2,3477.95,Mobile Wallet,Physical Store
TXN000062,2025-06-18 10:17:00,ST004,PRD0163,CUST0082,5,16681.73,Online,Physical Store
TXN000063,2025-01-13 11:54:00,ST002,PRD0170,CUST0702,2,1914.37,Cash,Physical Store
TXN000064,2025-12-07 11:51:00,ST003,PRD0114,CUST0782,5,9757.31,Card,Physical Store
TXN000065,2025-08-15 18:00:00,ST002,PRD0034,CUST1007,1,9530.33,Cash,Physical Store
TXN000066,2025-11-21 10:13:00,ST005,PRD0065,CUST0188,2,17099.96,Card,Physical Store
TXN000067,2025-05-01 16:05:00,ST002,PRD0219,CUST0957,3,19961.51,Card,Physical Store
TXN000068,2025-05-06 14:11:00,ST003,PRD0311,CUST0510,3,4148.18,Mobile Wallet,Physical Store
TXN000069,2025-11-22 11:17:00,ST004,PRD0247,CUST0164,3,9781.8,Mobile Wallet,Physical Store
TXN000070,2025-03-27 15:28:00,ST006,PRD0217,CUST1035,5,20488.83,Mobile Wallet,Physical Store
TXN000071,2025-03-21 21:50:00,ST004,PRD0247,CUST0041,4,9781.8,Cash,Physical Store
TXN000072,2025-06-03 17:34:00,ST004,PRD0079,CUST0360,3,6321.36,Mobile Wallet,Physical Store
TXN000073,2025-06-06 15:18:00,ST003,PRD0193,CUST0985,1,15266.12,Card,Physical Store
TXN000074,2025-08-29 11:09:00,ST005,PRD0098,CUST0009,1,620.21,Online,Physical Store
TXN000075,2025-09-09 14:59:00,ST004,PRD0213,CUST0809,3,2681.49,Mobile Wallet,Physical Store
TXN000076,2025-06-07 18:37:00,ST001,PRD0037,CUST0838,1,4663.44,Mobile Wallet,Physical Store
TXN000077,2025-10-17 10:12:00,ST005,PRD0224,CUST0523,3,9276.41,Mobile Wallet,Physical Store
TXN000078,2025-11-22 19:23:00,ST006,PRD0030,CUST0790,4,19772.8,Card,Physical Store
TXN000079,2025-05-05 15:02:00,ST003,PRD0186,CUST0058,2,12858.14,Mobile Wallet,Physical Store
TXN000080,2025-12-15 10:16:00,ST001,PRD0127,CUST0331,1,5043.76,Cash,Physical Store
TXN000081,2025-11-26 19:58:00,ST001,PRD0197,CUST0815,5,13667.49,Card,Physical Store
TXN000082,2025-08-05 10:53:00,ST005,PRD0219,CUST0518,3,19961.51,Mobile Wallet,Physical Store
TXN000083,2025-10-28 12:46:00,ST006,PRD0211,CUST0183,1,11225.27,Online,Physical Store
TXN000084,2025-03-15 12:47:00,ST001,PRD0108,CUST0816,3,7369.56,Card,Physical Store
TXN000085,2025-09-09 08:06:00,ST004,PRD0036,CUST0856,5,5751.78,Online,Physical Store
TXN000086,2025-08-09 10:11:00,ST002,PRD0192,CUST0382,2,812.19,Mobile Wallet,Physical Store
TXN000087,2025-04-04 16:07:00,ST002,PRD0231,CUST0436,2,17703.38,Cash,Physical Store
TXN000088,2025-04-04 20:48:00,ST004,PRD0099,CUST0532,4,20583.54,Cash,Physical Store
TXN000089,2025-11-22 10:05:00,ST001,PRD0151,CUST0176,4,17351.7,Online,Physical Store
TXN000090,2025-02-02 13:01:00,ST004,PRD0300,CUST0481,4,6059.15,Cash,Physical Store
TXN000091,2025-01-05 08:17:00,ST002,PRD0004,CUST0086,1,8894.11,Cash,Physical Store
TXN000092,2025-07-12 17:33:00,ST003,PRD0137,CUST0996,4,4588.15,Mobile Wallet,Physical Store
TXN000093,2025-06-22 13:43:00,ST003,PRD0176,CUST0646,2,16060.03,Mobile Wallet,Physical Store
TXN000094,2025-07-13 17:03:00,ST001,PRD0183,CUST0677,1,10505.4,Mobile Wallet,Physical Store
TXN000095,2025-12-24 14:46:00,ST001,PRD0072,CUST0053,5,21910.16,Online,Physical Store
TXN000096,2025-12-25 20:52:00,ST005,PRD0128,CUST0755,4,9239.11,Mobile Wallet,Physical Store
TXN000097,2025-09-21 14:42:00,ST001,PRD0097,CUST0007,3,7060.13,Online,Physical Store
TXN000098,2025-01-24 20:47:00,ST005,PRD0167,CUST0910,2,474.16,Mobile Wallet,Physical Store
TXN000099,2025-07-24 19:39:00,ST004,PRD0042,CUST0714,4,21532.78,Cash,Physical Store
TXN000100,2025-07-17 12:38:00,ST005,PRD0100,CUST0294,5,12867.68,Cash,Physical Store
TXN000100,2025-03-07 15:50:00,ST004,PRD0045,CUST0618,5,1726.89,Card,Physical Store
TXN000102,2025-08-17 09:30:00,ST002,PRD0277,CUST0494,2,8719.93,Card,Physical Store
TXN000103,2025-12-04 19:05:00,ST002,PRD0055,CUST0891,1,18651.16,Online,Physical Store
TXN000104,2025-07-16 20:17:00,ST006,PRD0113,CUST0528,4,5925.51,Cash,Physical Store
TXN000105,2025-12-07 10:59:00,ST006,PRD0274,CUST1008,1,2220.38,Online,Physical Store
TXN000106,2025-04-25 17:49:00,ST004,PRD0308,CUST0133,3,8374.13,Mobile Wallet,Physical Store
TXN000107,2025-12-01 18:50:00,ST002,PRD0288,CUST0895,2,2165.9,Online,Physical Store
TXN000108,2025-03-01 12:05:00,ST006,PRD0058,CUST0183,3,9174.14,Card,Physical Store
TXN000109,2025-03-01 17:23:00,ST005,PRD0066,CUST0642,4,13064.65,Cash,Physical Store
TXN000110,2025-06-09 08:37:00,ST004,PRD0275,CUST0389,4,837.23,Online,Physical Store
TXN000111,2025-07-06 20:43:00,ST004,PRD0065,CUST0455,1,17099.96,Cash,Physical Store
TXN000112,2025-10-03 21:29:00,ST002,PRD0162,CUST0297,3,19501.87,Mobile Wallet,Physical Store
TXN000113,2025-12-15 15:09:00,ST006,PRD0308,CUST0581,2,8374.13,Cash,Physical Store
TXN000114,2025-11-03 13:19:00,ST006,PRD0258,CUST0253,3,3276.89,Mobile Wallet,Physical Store
TXN000115,2025-11-20 21:13:00,ST001,PRD0254,CUST0597,4,11992.71,Online,Physical Store
TXN000116,2025-03-20 21:45:00,ST002,PRD0108,CUST0461,1,7369.56,Mobile Wallet,Physical Store
TXN000117,2025-07-20 12:52:00,ST004,PRD0082,CUST0045,5,20809.35,Online,Physical Store
TXN000118,2025-08-05 18:30:00,ST001,PRD0179,CUST0802,4,20362.49,Online,Physical Store
TXN000119,2025-05-25 19:59:00,ST002,PRD0100,CUST0807,1,12867.68,Online,Physical Store
TXN000120,2025-10-25 21:51:00,ST006,PRD0028,CUST0623,4,9297.13,Card,Physical Store
TXN000121,2025-10-23 10:28:00,ST002,PRD0248,CUST0597,2,7269.43,Card,Physical Store
TXN000122,2025-04-11 19:41:00,ST001,PRD0005,CUST0742,5,13674.28,Card,Physical Store
TXN000123,2025-07-12 14:43:00,ST003,PRD0087,CUST0116,1,901.59,Mobile Wallet,Physical Store
TXN000124,2025-04-02 08:07:00,ST004,PRD0264,CUST0694,5,8405.05,Card,Physical Store
TXN000125,2025-11-18 19:25:00,ST002,PRD0126,CUST0070,1,8272.6,Mobile Wallet,Physical Store
TXN000126,2025-09-08 12:44:00,ST006,PRD0306,CUST0354,4,2327.28,Cash,Physical Store
TXN000127,2025-08-26 21:52:00,ST006,PRD0333,CUST0783,3,6748.68,Mobile Wallet,Physical Store
TXN000128,2025-07-08 08:07:00,ST004,PRD0060,CUST0170,1,20909.2,Card,Physical Store
TXN000129,2025-01-12 17:36:00,ST006,PRD0294,CUST0983,3,2896.16,Cash,Physical Store
TXN000130,2025-10-31 10:24:00,ST005,PRD0248,CUST0889,3,7269.43,Card,Physical Store
TXN000131,2025-02-20 13:04:00,ST006,PRD0276,CUST0379,4,21897.23,Cash,Physical Store
TXN000132,2025-07-21 16:52:00,ST005,PRD0275,CUST1001,1,837.23,Cash,Physical Store
TXN000133,2025-04-17 18:57:00,ST006,PRD0061,CUST0371,5,15518.33,Card,Physical Store
TXN000134,2025-01-03 16:28:00,ST002,PRD0161,CUST0252,1,9788.18,Card,Physical Store
TXN000135,2025-12-01 10:05:00,ST001,PRD0288,CUST0526,1,2165.9,Cash,Physical Store
TXN000136,2025-09-17 12:23:00,ST006,PRD0279,CUST0352,4,1882.31,Cash,Physical Store
TXN000137,2025-05-08 12:02:00,ST004,PRD0266,CUST0601,5,8348.44,Card,Physical Store
TXN000138,2025-10-23 15:44:00,ST005,PRD0161,CUST0722,5,9788.18,Card,Physical Store
TXN000139,2025-12-19 09:42:00,ST002,PRD0023,CUST0486,1,5149.18,Card,Physical Store
TXN000140,2025-06-03 21:53:00,ST005,PRD0111,CUST0275,5,20533.53,Card,Physical Store
TXN000141,2025-10-30 13:17:00,ST005,PRD0066,CUST0865,1,13064.65,Online,Physical Store
TXN000142,2025-05-14 14:41:00,ST001,PRD0084,CUST0820,4,16667.34,Online,Physical Store
TXN000143,2025-12-13 14:44:00,ST006,PRD0074,CUST0418,1,11205.61,Online,Physical Store
TXN000144,2025-11-21 19:41:00,ST006,PRD0099,CUST0763,5,20583.54,Card,Physical Store
TXN000145,2025-08-03 21:09:00,ST001,PRD0162,CUST0889,4,19501.87,Card,Physical Store
TXN000146,2025-02-09 12:07:00,ST004,PRD0273,CUST0226,5,13625.49,Cash,Physical Store
TXN000147,2025-06-18 18:05:00,ST002,PRD0186,CUST0684,3,12858.14,Card,Physical Store
TXN000148,2025-05-21 08:06:00,ST001,PRD0194,CUST0456,4,16959.55,Cash,Physical Store
TXN000149,2025-03-31 16:46:00,ST005,PRD0157,CUST1003,1,19405.25,Online,Physical Store
TXN000150,2025-12-25 17:55:00,ST001,PRD0145,CUST0556,5,10608.78,Cash,Physical Store
TXN000151,2025-03-29 13:48:00,ST006,PRD0200,CUST0371,3,997.46,Mobile Wallet,Physical Store
TXN000152,2025-09-02 17:08:00,ST006,PRD0133,CUST0020,5,1638.63,Card,Physical Store
TXN000153,2025-12-03 10:09:00,ST006,PRD0194,CUST0548,1,16959.55,Online,Physical Store
TXN000154,2025-12-29 20:15:00,ST002,PRD0312,CUST0857,4,6604.88,Mobile Wallet,Physical Store
TXN000155,2025-07-01 20:29:00,ST004,PRD0258,CUST0588,3,3276.89,Card,Physical Store
TXN000156,2025-06-06 18:54:00,ST003,PRD0045,CUST0626,4,1726.89,Cash,Physical Store
TXN000157,2025-11-21 09:04:00,ST005,PRD0123,CUST0192,2,13170.98,Cash,Physical Store
TXN000158,2025-02-13 19:18:00,ST004,PRD0284,CUST1010,1,20638.42,Card,Physical Store
TXN000159,2025-09-03 15:32:00,ST001,PRD0273,CUST0256,4,13625.49,Card,Physical Store
TXN000160,2025-01-04 19:27:00,ST006,PRD0274,CUST0707,2,2220.38,Cash,Physical Store
TXN000161,2025-11-07 15:10:00,ST001,PRD0269,CUST0461,2,6185.21,Online,Physical Store
TXN000162,2025-03-10 16:22:00,ST004,PRD0027,CUST0866,4,3678.01,Card,Physical Store
TXN000163,2025-07-11 09:21:00,ST003,PRD0128,CUST0242,3,9239.11,Mobile Wallet,Physical Store
TXN000164,2025-05-31 12:13:00,ST003,PRD0002,CUST0807,2,5132.62,Cash,Physical Store
TXN000165,2025-08-26 17:54:00,ST001,PRD0250,CUST0118,3,2291.41,Mobile Wallet,Physical Store
TXN000166,2025-06-18 12:22:00,ST006,PRD0055,CUST0011,3,18651.16,Card,Physical Store
TXN000167,2025-07-25 13:00:00,ST002,PRD0052,CUST0883,4,7984.07,Cash,Physical Store
TXN000168,2025-09-28 16:57:00,ST004,PRD0079,CUST0842,1,6321.36,Cash,Physical Store
TXN000169,2025-03-21 20:42:00,ST004,PRD0129,CUST0464,4,13492.02,Online,Physical Store
TXN000170,2025-06-03 13:27:00,ST004,PRD0094,CUST0552,1,19664.63,Mobile Wallet,Physical Store
TXN000171,2025-03-24 10:22:00,ST006,PRD0223,CUST0012,3,16691.47,Card,Physical Store
TXN000172,2025-02-26 11:18:00,ST004,PRD0021,CUST0274,4,1768.36,Online,Physical Store
TXN000173,2025-01-17 10:42:00,ST001,PRD0102,CUST0982,3,18335.61,Mobile Wallet,Physical Store
TXN000174,2025-09-08 16:31:00,ST005,PRD0066,CUST0666,4,13064.65,Mobile Wallet,Physical Store
TXN000175,2025-03-09 09:06:00,ST003,PRD0011,CUST0259,2,12715.64,Cash,Physical Store
TXN000176,2025-12-17 11:03:00,ST006,PRD0176,CUST0880,5,16060.03,Cash,Physical Store
TXN000177,2025-08-11 15:18:00,ST004,PRD0145,CUST0996,1,10608.78,Card,Physical Store
TXN000178,2025-11-13 10:46:00,ST003,PRD0262,CUST0383,2,19768.74,Cash,Physical Store
TXN000179,2025-05-15 19:15:00,ST006,PRD0220,CUST0407,4,11025.69,Cash,Physical Store
TXN000180,2025-12-25 19:32:00,ST005,PRD0313,CUST0372,2,11708.67,Card,Physical Store
TXN000181,2025-04-28 09:08:00,ST002,PRD0206,CUST0079,3,2082.08,Card,Physical Store
TXN000182,2025-08-07 08:39:00,ST004,PRD0103,CUST0187,1,9758.61,Mobile Wallet,Physical Store
TXN000183,2025-09-26 12:44:00,ST003,PRD0325,CUST0474,2,10102.17,Mobile Wallet,Physical Store
TXN000184,2025-09-03 08:32:00,ST001,PRD0219,CUST0106,3,19961.51,Online,Physical Store
TXN000185,2025-07-06 12:22:00,ST001,PRD0215,CUST0506,3,3497.38,Card,Physical Store
TXN000186,2025-01-21 08:03:00,ST004,PRD0165,CUST0435,3,15750.95,Online,Physical Store
TXN000187,2025-11-07 09:27:00,ST003,PRD0095,CUST0517,4,14194.94,Online,Physical Store
TXN000188,2025-06-05 09:06:00,ST003,PRD0007,CUST0267,3,13705.32,Online,Physical Store
TXN000189,2025-10-29 16:38:00,ST002,PRD0191,CUST0488,3,9077.42,Mobile Wallet,Physical Store
TXN000190,2025-02-14 09:08:00,ST005,PRD0323,CUST0247,1,14720.06,Card,Physical Store
TXN000191,2025-04-09 19:28:00,ST005,PRD0051,CUST0154,5,10472.7,Online,Physical Store
TXN000192,2025-06-04 19:30:00,ST002,PRD0104,CUST0315,1,12631.32,Card,Physical Store
TXN000193,2025-08-03 16:45:00,ST004,PRD0130,CUST0712,3,15909.47,Cash,Physical Store
TXN000194,2025-08-12 09:30:00,ST002,PRD0215,CUST1032,1,3497.38,Online,Physical Store
TXN000195,2025-12-23 10:18:00,ST006,PRD0024,CUST0125,2,13723.71,Mobile Wallet,Physical Store
TXN000196,2025-09-11 18:34:00,ST004,PRD0263,CUST0154,2,3550.61,Mobile Wallet,Physical Store
TXN000197,2025-10-15 20:24:00,ST002,PRD0206,CUST0557,2,2082.08,Cash,Physical Store
TXN000198,2025-03-23 17:13:00,ST004,PRD0304,CUST0019,5,2572.59,Online,Physical Store
TXN000199,2025-06-05 21:14:00,ST001,PRD0152,CUST0550,5,13560.83,Card,Physical Store
TXN000200,2025-04-25 08:34:00,ST006,PRD0122,CUST0598,1,5139.97,Card,Physical Store
TXN000201,2025-05-23 10:17:00,ST005,PRD0027,,2,3678.01,Cash,Physical Store
TXN000202,2025-01-01 18:22:00,ST001,PRD0324,CUST0756,3,10127.07,Online,Physical Store
TXN000203,2025-03-10 14:57:00,ST001,PRD0314,CUST0604,3,14001.37,Cash,Physical Store
TXN000204,2025-07-02 11:46:00,ST001,PRD0144,CUST0362,3,17251.78,Cash,Physical Store
TXN000205,2025-12-19 14:41:00,ST002,PRD0132,CUST0423,4,8197.06,Online,Physical Store
TXN000206,2025-05-18 11:37:00,ST004,PRD0323,CUST0810,2,14720.06,Card,Physical Store
TXN000207,2025-08-11 13:09:00,ST002,PRD0246,CUST0192,4,437.82,Mobile Wallet,Physical Store
TXN000208,2025-04-05 21:55:00,ST004,PRD0091,CUST0387,5,17670.77,Card,Physical Store
TXN000209,2025-11-28 12:01:00,ST004,PRD0159,CUST0334,2,2977.17,Card,Physical Store
TXN000210,2025-02-05 10:04:00,ST006,PRD0219,CUST0503,4,19961.51,Mobile Wallet,Physical Store
TXN000211,2025-02-21 19:33:00,ST001,PRD0071,CUST0025,5,3015.69,Mobile Wallet,Physical Store
TXN000212,2025-07-16 08:07:00,ST002,PRD0007,CUST0090,2,13705.32,Cash,Physical Store
TXN000213,2025-05-18 10:40:00,ST001,PRD0308,CUST0028,1,8374.13,Online,Physical Store
TXN000214,2025-12-29 09:12:00,ST004,PRD0072,CUST0984,5,21910.16,Card,Physical Store
TXN000215,2025-06-07 13:30:00,ST005,PRD0080,CUST0500,1,5394.99,Online,Physical Store
TXN000216,2025-11-18 16:07:00,ST005,PRD0011,CUST0092,1,12715.64,Online,Physical Store
TXN000217,2025-02-22 16:56:00,ST002,PRD0213,CUST0291,1,2681.49,Cash,Physical Store
TXN000218,2025-04-27 14:24:00,ST002,PRD0076,CUST0724,3,3801.59,Mobile Wallet,Physical Store
TXN000219,2025-12-18 19:52:00,ST001,PRD0058,CUST1008,2,9174.14,Card,Physical Store
TXN000220,2025-02-22 12:22:00,ST003,PRD0040,CUST0684,1,11363.76,Cash,Physical Store
TXN000221,2025-01-23 17:09:00,ST003,PRD0092,CUST0878,5,22187.45,Card,Physical Store
TXN000222,2025-12-14 14:09:00,ST001,PRD0155,CUST0588,3,15377.25,Online,Physical Store
TXN000223,2025-09-13 18:23:00,ST002,PRD0136,CUST0157,1,12055.78,Card,Physical Store
TXN000224,2025-06-13 10:24:00,ST001,PRD0229,CUST0980,1,22339.45,Mobile Wallet,Physical Store
TXN000225,2025-05-23 10:05:00,ST004,PRD0166,CUST0262,2,15634.98,Online,Physical Store
TXN000226,2025-06-13 15:27:00,ST006,PRD0247,CUST0848,5,9781.8,Online,Physical Store
TXN000227,2025-03-12 20:41:00,ST005,PRD0126,CUST0785,4,8272.6,Mobile Wallet,Physical Store
TXN000228,2025-10-03 16:31:00,ST001,PRD0273,CUST0472,4,13625.49,Mobile Wallet,Physical Store
TXN000229,2025-09-27 17:49:00,ST003,PRD0113,CUST0179,2,5925.51,Cash,Physical Store
TXN000230,2025-04-15 21:01:00,ST001,PRD0186,CUST0971,2,12858.14,Cash,Physical Store
TXN000231,2025-06-28 13:54:00,ST002,PRD0072,CUST0604,4,21910.16,Mobile Wallet,Physical Store
TXN000232,2025-05-05 11:52:00,ST001,PRD0115,CUST0115,2,3172.29,Card,Physical Store
TXN000233,2025-07-13 19:01:00,ST006,PRD0218,CUST0762,1,17938.6,Cash,Physical Store
TXN000234,2025-12-06 17:04:00,ST002,PRD0245,CUST0324,1,8847.6,Online,Physical Store
TXN000235,2025-03-14 09:15:00,ST004,PRD0040,CUST0026,5,11363.76,Card,Physical Store
TXN000236,2025-04-04 15:47:00,ST004,PRD0072,CUST0614,4,21910.16,Online,Physical Store
TXN000237,2025-08-16 20:41:00,ST002,PRD0007,CUST0588,1,13705.32,Cash,Physical Store
TXN000238,2025-11-25 08:38:00,ST001,PRD0089,CUST1031,2,4127.23,Mobile Wallet,Physical Store
TXN000239,2025-08-05 18:56:00,ST005,PRD0233,CUST0529,5,11296.41,Online,Physical Store
TXN000240,2025-12-30 11:27:00,ST005,PRD0081,CUST0557,1,15889.25,Mobile Wallet,Physical Store
TXN000241,2025-03-06 19:13:00,ST004,PRD0206,CUST0115,2,2082.08,Card,Physical Store
TXN000242,2025-10-14 17:53:00,ST003,PRD0040,CUST0960,4,11363.76,Mobile Wallet,Physical Store
TXN000243,2025-07-14 10:03:00,ST003,PRD0191,CUST0869,2,9077.42,Cash,Physical Store
TXN000244,2025-02-23 09:23:00,ST002,PRD0309,CUST0688,1,20175.41,Online,Physical Store
TXN000245,2025-03-25 16:06:00,ST001,PRD0034,CUST0434,5,9530.33,Online,Physical Store
TXN000246,2025-04-07 16:12:00,ST003,PRD0327,CUST0067,2,8268.43,Cash,Physical Store
TXN000247,2025-10-19 17:02:00,ST001,PRD0289,CUST0991,1,9318.7,Online,Physical Store
TXN000248,2025-02-17 12:00:00,ST005,PRD0183,CUST0579,4,10505.4,Card,Physical Store
TXN000249,2025-06-11 20:25:00,ST003,PRD0183,CUST0266,1,10505.4,Mobile Wallet,Physical Store
TXN000250,2025-09-15 09:32:00,ST004,PRD0077,CUST0049,5,22335.09,Mobile Wallet,Physical Store
TXN000251,2025-10-28 21:54:00,ST002,PRD0020,CUST0595,2,18682.24,Mobile Wallet,Physical Store
TXN000252,2025-02-10 18:05:00,ST006,PRD0119,CUST0442,2,9036.76,Card,Physical Store
TXN000253,2025-09-14 16:46:00,ST002,PRD0312,CUST0700,4,6604.88,Online,Physical Store
TXN000254,2025-05-29 13:39:00,ST002,PRD0221,CUST0082,4,6401.8,Card,Physical Store
TXN000255,2025-11-09 17:04:00,ST001,PRD0079,CUST1019,1,6321.36,Card,Physical Store
TXN000256,2025-06-08 16:55:00,ST004,PRD0045,CUST1022,1,1726.89,Online,Physical Store
TXN000257,2025-03-28 12:10:00,ST003,PRD0035,CUST0574,5,12242.79,Online,Physical Store
TXN000258,2025-02-15 09:11:00,ST003,PRD0236,CUST0529,4,16144.93,Mobile Wallet,Physical Store
TXN000259,2025-11-29 10:07:00,ST003,PRD0292,CUST1000,1,7767.01,Online,Physical Store
TXN000260,2025-07-25 14:54:00,ST003,PRD0318,CUST0265,4,9023.94,Online,Physical Store
TXN000261,2025-07-11 09:43:00,ST003,PRD0212,CUST1037,4,7877.4,Cash,Physical Store
TXN000262,2025-11-14 18:03:00,ST001,PRD0126,CUST0017,2,8272.6,Online,Physical Store
TXN000263,2025-07-12 10:36:00,ST004,PRD0205,CUST0150,2,9509.22,Mobile Wallet,Physical Store
TXN000264,2025-12-09 09:22:00,ST004,PRD0239,CUST0960,5,12672.74,Cash,Physical Store
TXN000265,2025-02-13 10:46:00,ST002,PRD0056,CUST0813,4,13701.85,Mobile Wallet,Physical Store
TXN000266,2025-06-18 09:20:00,ST006,PRD0176,CUST0996,2,16060.03,Mobile Wallet,Physical Store
TXN000267,2025-02-28 12:29:00,ST002,PRD0020,CUST0319,4,18682.24,Card,Physical Store
TXN000268,2025-06-13 17:02:00,ST003,PRD0308,CUST0779,1,8374.13,Mobile Wallet,Physical Store
TXN000269,2025-08-31 11:03:00,ST003,PRD0109,CUST0047,4,6325.94,Online,Physical Store
TXN000270,2025-11-22 10:05:00,ST004,PRD0073,CUST0142,3,13155.27,Cash,Physical Store
TXN000271,2025-06-02 21:45:00,ST002,PRD0232,CUST0860,5,14516.97,Online,Physical Store
TXN000272,2025-04-05 21:03:00,ST003,PRD0048,CUST0878,3,3322.36,Card,Physical Store
TXN000273,2025-04-12 13:26:00,ST006,PRD0247,CUST0974,5,9781.8,Card,Physical Store
TXN000274,2025-12-23 14:22:00,ST005,PRD0293,CUST0797,1,17487.15,Card,Physical Store
TXN000275,2025-02-09 19:42:00,ST006,PRD0297,CUST0297,3,14685.23,Online,Physical Store
TXN000276,2025-01-08 10:57:00,ST003,PRD0235,CUST0303,4,17055.79,Cash,Physical Store
TXN000277,2025-12-12 14:16:00,ST002,PRD0267,CUST0008,4,13855.01,Mobile Wallet,Physical Store
TXN000278,2025-11-24 17:06:00,ST004,PRD0019,CUST0448,2,7427.25,Card,Physical Store
TXN000279,2025-11-04 14:13:00,ST006,PRD0179,CUST0430,2,20362.49,Cash,Physical Store
TXN000280,2025-07-09 21:23:00,ST005,PRD0009,CUST0619,3,2429.12,Cash,Physical Store
TXN000281,2025-12-25 15:41:00,ST003,PRD0234,CUST0848,4,15054.11,Online,Physical Store
TXN000282,2025-10-05 14:33:00,ST004,PRD0172,CUST0233,2,20895.21,Mobile Wallet,Physical Store
TXN000283,2025-07-11 10:35:00,ST004,PRD0305,CUST0334,5,1169.36,Mobile Wallet,Physical Store
TXN000284,2025-05-26 21:42:00,ST001,PRD0224,CUST0581,5,9276.41,Cash,Physical Store
TXN000285,2025-02-23 09:41:00,ST004,PRD0009,CUST0843,1,2429.12,Cash,Physical Store
TXN000286,2025-11-21 15:32:00,ST004,PRD0298,CUST0067,3,8588.83,Card,Physical Store
TXN000287,2025-04-25 20:29:00,ST002,PRD0283,CUST0781,1,16821.68,Mobile Wallet,Physical Store
TXN000288,2025-03-05 13:50:00,ST001,PRD0238,CUST0846,4,15120.33,Online,Physical Store
TXN000289,2025-04-25 16:18:00,ST004,PRD0138,CUST0542,3,7484.07,Card,Physical Store
TXN000290,2025-01-03 14:02:00,ST003,PRD0008,CUST0054,2,18695.07,Online,Physical Store
TXN000291,2025-06-21 10:36:00,ST004,PRD0221,CUST0496,5,6401.8,Card,Physical Store
TXN000292,2025-11-12 18:25:00,ST006,PRD0027,CUST0879,2,3678.01,Mobile Wallet,Physical Store
TXN000293,2025-03-30 14:57:00,ST002,PRD0163,CUST0325,4,16681.73,Cash,Physical Store
TXN000294,2025-12-30 20:08:00,ST004,PRD0259,CUST0243,5,7839.33,Online,Physical Store
TXN000295,2025-10-11 10:20:00,ST001,PRD0105,CUST0191,1,3477.95,Mobile Wallet,Physical Store
TXN000296,2025-01-06 18:49:00,ST005,PRD0304,CUST0314,1,2572.59,Cash,Physical Store
TXN000297,2025-10-20 14:01:00,ST002,PRD0067,CUST0930,3,2993.21,Card,Physical Store
TXN000298,2025-12-01 11:19:00,ST003,PRD0100,CUST0503,4,12867.68,Cash,Physical Store
TXN000299,2025-05-21 09:59:00,ST001,PRD0074,CUST0048,5,11205.61,Cash,Physical Store
TXN000300,2025-08-24 17:07:00,ST003,PRD0055,CUST0291,3,18651.16,Card,Physical Store
TXN000301,2025-02-17 09:31:00,ST001,PRD0186,CUST0426,-3,12858.14,Mobile Wallet,Physical Store
TXN000302,2025-01-12 14:04:00,ST006,PRD0250,CUST0157,2,2291.41,Mobile Wallet,Physical Store
TXN000303,2025-07-12 13:40:00,ST003,PRD0231,CUST0330,2,17703.38,Cash,Physical Store
TXN000304,2025-04-02 18:36:00,ST003,PRD0324,CUST0065,1,10127.07,Online,Physical Store
TXN000305,2025-09-05 17:38:00,ST005,PRD0280,CUST0011,2,14906.05,Online,Physical Store
TXN000306,2025-03-04 11:38:00,ST005,PRD0016,CUST0048,5,20268.14,Card,Physical Store
TXN000307,2025-04-21 21:23:00,ST003,PRD0059,CUST0445,1,2986.61,Card,Physical Store
TXN000308,2025-04-23 09:46:00,ST004,PRD0065,CUST0549,3,17099.96,Card,Physical Store
TXN000309,2025-02-17 13:45:00,ST006,PRD0283,CUST0603,4,16821.68,Mobile Wallet,Physical Store
TXN000310,2025-08-12 16:25:00,ST002,PRD0099,CUST0513,2,20583.54,Online,Physical Store
TXN000311,2025-07-21 09:37:00,ST002,PRD0301,CUST0639,2,16353.38,Mobile Wallet,Physical Store
TXN000312,2025-08-10 15:27:00,ST005,PRD0306,CUST0557,3,2327.28,Cash,Physical Store
TXN000313,2025-11-07 14:27:00,ST006,PRD0103,CUST0723,3,9758.61,Cash,Physical Store
TXN000314,2025-08-19 10:56:00,ST005,PRD0018,CUST1048,3,21346.27,Mobile Wallet,Physical Store
TXN000315,2025-05-31 17:52:00,ST001,PRD0331,CUST0722,4,7946.53,Cash,Physical Store
TXN000316,2025-04-03 20:20:00,ST002,PRD0220,CUST0381,3,11025.69,Cash,Physical Store
TXN000317,2025-04-21 18:23:00,ST001,PRD0191,CUST0298,3,9077.42,Cash,Physical Store
TXN000318,2025-06-13 19:00:00,ST005,PRD0169,CUST0438,4,10615.75,Online,Physical Store
TXN000319,2025-04-30 16:04:00,ST002,PRD0198,CUST0581,5,2914.92,Card,Physical Store
TXN000320,2025-02-22 16:17:00,ST006,PRD0312,CUST0154,5,6604.88,Mobile Wallet,Physical Store
TXN000321,2025-12-16 20:27:00,ST002,PRD0163,CUST0656,2,16681.73,Cash,Physical Store
TXN000322,2025-09-10 15:02:00,ST001,PRD0141,CUST0863,1,11741.07,Mobile Wallet,Physical Store
TXN000323,2025-03-29 17:20:00,ST005,PRD0303,CUST0785,2,11893.96,Cash,Physical Store
TXN000324,2025-05-26 08:41:00,ST003,PRD0295,CUST0010,4,20720.46,Card,Physical Store
TXN000325,2025-07-26 08:57:00,ST006,PRD0274,CUST0081,3,2220.38,Cash,Physical Store
TXN000326,2025-02-05 15:06:00,ST003,PRD0213,CUST0617,3,2681.49,Online,Physical Store
TXN000327,2025-07-24 09:35:00,ST001,PRD0161,CUST1012,5,9788.18,Mobile Wallet,Physical Store
TXN000328,2025-06-02 19:29:00,ST005,PRD0253,CUST0249,3,17101.61,Cash,Physical Store
TXN000329,2025-01-15 11:03:00,ST003,PRD0006,CUST0285,1,13477.68,Mobile Wallet,Physical Store
TXN000330,2025-04-26 10:05:00,ST001,PRD0098,CUST0756,5,620.21,Cash,Physical Store
TXN000331,2025-05-13 20:02:00,ST001,PRD0057,CUST0099,3,21303.63,Online,Physical Store
TXN000332,2025-06-18 19:39:00,ST002,PRD0195,CUST0553,2,2320.2,Mobile Wallet,Physical Store
TXN000333,2025-03-03 10:20:00,ST006,PRD0076,CUST0847,4,3801.59,Cash,Physical Store
TXN000334,2025-09-25 16:15:00,ST003,PRD0296,CUST0979,4,10919.63,Online,Physical Store
TXN000335,2025-09-05 11:05:00,ST003,PRD0136,CUST0607,1,12055.78,Card,Physical Store
TXN000336,2025-12-04 18:47:00,ST004,PRD0106,CUST0160,1,11908.0,Cash,Physical Store
TXN000337,2025-04-19 08:42:00,ST002,PRD0111,CUST0959,4,20533.53,Mobile Wallet,Physical Store
TXN000338,2025-02-23 13:13:00,ST006,PRD0303,CUST0642,3,11893.96,Mobile Wallet,Physical Store
TXN000339,2025-12-02 10:54:00,ST002,PRD0259,CUST0217,2,7839.33,Online,Physical Store
TXN000340,2025-07-17 15:55:00,ST002,PRD0318,CUST0416,4,9023.94,Cash,Physical Store
TXN000341,2025-05-23 14:10:00,ST004,PRD0158,CUST0210,2,20704.01,Cash,Physical Store
TXN000342,2025-02-26 11:01:00,ST001,PRD0236,CUST0384,3,16144.93,Mobile Wallet,Physical Store
TXN000343,2025-12-05 16:28:00,ST005,PRD0181,CUST0544,1,8249.71,Cash,Physical Store
TXN000344,2025-07-01 14:13:00,ST004,PRD0078,CUST0813,5,15781.51,Online,Physical Store
TXN000345,2025-01-28 15:17:00,ST006,PRD0190,CUST0201,1,5190.85,Mobile Wallet,Physical Store
TXN000346,2025-08-05 11:18:00,ST005,PRD0097,CUST0825,2,7060.13,Online,Physical Store
TXN000347,2025-09-29 17:31:00,ST006,PRD0266,CUST0888,1,8348.44,Cash,Physical Store
TXN000348,2025-11-27 11:07:00,ST001,PRD0113,CUST0236,1,5925.51,Online,Physical Store
TXN000349,2025-05-03 09:34:00,ST005,PRD0052,CUST0565,2,7984.07,Mobile Wallet,Physical Store
TXN000350,2025-07-20 14:06:00,ST002,PRD0113,CUST0550,4,5925.51,Card,Physical Store
TXN000351,2025-04-15 13:40:00,ST001,PRD0148,CUST0590,1,2911.86,Card,Physical Store
TXN000352,2025-09-15 19:39:00,ST002,PRD0245,CUST0626,2,8847.6,Online,Physical Store
TXN000353,2025-12-15 09:10:00,ST002,PRD0096,CUST0681,4,5240.02,Cash,Physical Store
TXN000354,2025-12-08 15:27:00,ST003,PRD0172,CUST0043,2,20895.21,Cash,Physical Store
TXN000355,2025-03-29 18:48:00,ST005,PRD0005,CUST0722,4,13674.28,Cash,Physical Store
TXN000356,2025-09-08 21:15:00,ST001,PRD0242,CUST0225,1,11290.47,Online,Physical Store
TXN000357,2025-04-27 16:32:00,ST001,PRD0086,CUST0301,1,347.58,Online,Physical Store
TXN000358,2025-06-21 15:31:00,ST003,PRD0180,CUST0528,4,18463.04,Online,Physical Store
TXN000359,2025-08-23 08:52:00,ST005,PRD0181,CUST0617,3,8249.71,Mobile Wallet,Physical Store
TXN000360,2025-02-27 12:43:00,ST004,PRD0266,CUST0043,2,8348.44,Card,Physical Store
TXN000361,2025-12-04 10:22:00,ST005,PRD0255,CUST0064,2,5769.03,Mobile Wallet,Physical Store
TXN000362,2025-07-04 11:47:00,ST006,PRD0046,CUST0397,4,20894.04,Cash,Physical Store
TXN000363,2025-05-21 18:43:00,ST002,PRD0279,CUST0921,5,1882.31,Online,Physical Store
TXN000364,2025-12-14 13:56:00,ST004,PRD0170,CUST0801,5,1914.37,Online,Physical Store
TXN000365,2025-06-08 11:02:00,ST001,PRD0297,CUST0704,5,14685.23,Mobile Wallet,Physical Store
TXN000366,2025-08-21 17:50:00,ST001,PRD0178,CUST0591,1,970.06,Mobile Wallet,Physical Store
TXN000367,2025-12-17 10:29:00,ST005,PRD0077,CUST0594,5,22335.09,Card,Physical Store
TXN000368,2025-06-05 15:18:00,ST004,PRD0034,CUST0604,1,9530.33,Cash,Physical Store
TXN000369,2025-04-22 12:52:00,ST004,PRD0304,CUST0253,1,2572.59,Online,Physical Store
TXN000370,2025-01-03 14:22:00,ST002,PRD0001,CUST0103,3,11200.87,Online,Physical Store
TXN000371,2025-05-26 20:54:00,ST006,PRD0258,CUST0318,1,3276.89,Online,Physical Store
TXN000372,2025-03-15 19:12:00,ST002,PRD0222,CUST0166,3,19331.27,Cash,Physical Store
TXN000373,2025-08-31 13:15:00,ST004,PRD0327,CUST0792,4,8268.43,Cash,Physical Store
TXN000374,2025-05-14 12:38:00,ST004,PRD0160,CUST0355,5,16917.41,Online,Physical Store
TXN000375,2025-10-24 10:43:00,ST004,PRD0103,CUST0513,2,9758.61,Card,Physical Store
TXN000376,2025-06-04 12:05:00,ST002,PRD0153,CUST0945,5,17511.62,Mobile Wallet,Physical Store
TXN000377,2025-08-12 09:08:00,ST005,PRD0270,CUST0906,3,18277.44,Online,Physical Store
TXN000378,2025-08-28 13:27:00,ST004,PRD0239,CUST0862,4,12672.74,Cash,Physical Store
TXN000379,2025-10-14 08:49:00,ST005,PRD0216,CUST0182,2,5330.04,Online,Physical Store
TXN000380,2025-05-05 17:32:00,ST005,PRD0192,CUST0261,5,812.19,Online,Physical Store
TXN000381,2025-01-28 20:54:00,ST006,PRD0202,CUST0258,4,17402.33,Cash,Physical Store
TXN000382,2025-08-25 20:48:00,ST001,PRD0266,CUST0943,1,8348.44,Cash,Physical Store
TXN000383,2025-05-19 21:41:00,ST001,PRD0055,CUST0683,5,18651.16,Online,Physical Store
TXN000384,2025-10-17 15:44:00,ST006,PRD0170,CUST0125,1,1914.37,Cash,Physical Store
TXN000385,2025-12-26 11:33:00,ST002,PRD0074,CUST1015,2,11205.61,Card,Physical Store
TXN000386,2025-06-04 18:19:00,ST006,PRD0004,CUST0994,5,8894.11,Card,Physical Store
TXN000387,2025-02-28 09:00:00,ST001,PRD0079,CUST0248,5,6321.36,Card,Physical Store
TXN000388,2025-04-15 09:30:00,ST004,PRD0013,CUST1036,4,22686.55,Cash,Physical Store
TXN000389,2025-03-04 12:25:00,ST005,PRD0248,CUST0377,2,7269.43,Online,Physical Store
TXN000390,2025-11-10 18:28:00,ST002,PRD0316,CUST0253,4,13933.6,Cash,Physical Store
TXN000391,2025-04-05 10:52:00,ST006,PRD0124,CUST0350,5,2894.98,Card,Physical Store
TXN000392,2025-09-01 15:18:00,ST004,PRD0149,CUST0205,5,19334.45,Online,Physical Store
TXN000393,2025-12-08 12:25:00,ST004,PRD0198,CUST0220,4,2914.92,Mobile Wallet,Physical Store
TXN000394,2025-03-17 08:18:00,ST004,PRD0235,CUST0247,5,17055.79,Cash,Physical Store
TXN000395,2025-10-25 12:02:00,ST003,PRD0331,CUST0911,1,7946.53,Card,Physical Store
TXN000396,2025-08-28 19:29:00,ST003,PRD0142,CUST0019,2,1184.22,Card,Physical Store
TXN000397,2025-06-28 19:33:00,ST006,PRD0200,CUST0129,2,997.46,Card,Physical Store
TXN000398,2025-06-30 18:46:00,ST006,PRD0289,CUST0695,4,9318.7,Card,Physical Store
TXN000399,2025-05-23 20:48:00,ST006,PRD0156,CUST0807,1,7788.01,Mobile Wallet,Physical Store
TXN000400,2025-07-12 15:38:00,ST003,PRD0093,CUST1039,5,4406.01,Card,Physical Store
TXN000401,2025-12-24 13:37:00,ST005,PRD0298,CUST0713,5,-500,Mobile Wallet,Physical Store
TXN000402,2025-02-04 08:01:00,ST006,PRD0082,CUST0475,1,20809.35,Cash,Physical Store
TXN000403,2025-09-13 18:30:00,ST001,PRD0166,CUST0475,2,15634.98,Card,Physical Store
TXN000404,2025-07-16 20:26:00,ST003,PRD0033,CUST0127,5,21125.63,Cash,Physical Store
TXN000405,2025-01-20 21:47:00,ST005,PRD0038,CUST0905,3,16717.88,Cash,Physical Store
TXN000406,2025-03-31 13:06:00,ST006,PRD0231,CUST0774,2,17703.38,Card,Physical Store
TXN000407,2025-04-11 12:31:00,ST002,PRD0225,CUST0586,2,15148.9,Card,Physical Store
TXN000408,2025-08-11 21:33:00,ST001,PRD0099,CUST0177,5,20583.54,Cash,Physical Store
TXN000409,2025-04-15 08:51:00,ST004,PRD0072,CUST0011,3,21910.16,Cash,Physical Store
TXN000410,2025-06-24 10:43:00,ST002,PRD0329,CUST1017,2,2156.83,Mobile Wallet,Physical Store
TXN000411,2025-09-14 13:22:00,ST004,PRD0317,CUST0283,1,13310.61,Mobile Wallet,Physical Store
TXN000412,2025-11-17 14:55:00,ST005,PRD0037,CUST0161,2,4663.44,Online,Physical Store
TXN000413,2025-02-21 09:31:00,ST005,PRD0119,CUST0106,5,9036.76,Online,Physical Store
TXN000414,2025-01-12 11:52:00,ST006,PRD0149,CUST0515,4,19334.45,Online,Physical Store
TXN000415,2025-02-04 21:55:00,ST005,PRD0081,CUST0590,1,15889.25,Card,Physical Store
TXN000416,2025-09-23 17:32:00,ST001,PRD0160,CUST0818,5,16917.41,Cash,Physical Store
TXN000417,2025-10-26 15:59:00,ST003,PRD0135,CUST0062,1,310.8,Mobile Wallet,Physical Store
TXN000418,2025-05-14 11:21:00,ST005,PRD0031,CUST0286,2,5505.62,Online,Physical Store
TXN000419,2025-12-06 08:15:00,ST005,PRD0253,CUST0150,5,17101.61,Cash,Physical Store
TXN000420,2025-06-27 09:26:00,ST004,PRD0307,CUST0166,5,11194.39,Card,Physical Store
TXN000421,2025-05-19 19:02:00,ST005,PRD0054,CUST0073,4,3904.5,Card,Physical Store
TXN000422,2025-11-29 13:27:00,ST001,PRD0245,CUST0622,2,8847.6,Cash,Physical Store
TXN000423,2025-01-14 20:50:00,ST005,PRD0101,CUST0777,1,2955.72,Mobile Wallet,Physical Store
TXN000424,2025-01-27 14:49:00,ST006,PRD0194,CUST0257,4,16959.55,Mobile Wallet,Physical Store
TXN000425,2025-10-09 10:07:00,ST003,PRD0225,CUST0242,5,15148.9,Online,Physical Store
TXN000426,2025-04-10 13:27:00,ST001,PRD0030,CUST0488,2,19772.8,Cash,Physical Store
TXN000427,2025-04-27 14:47:00,ST006,PRD0275,CUST0094,1,837.23,Card,Physical Store
TXN000428,2025-01-30 09:03:00,ST003,PRD0065,CUST0899,2,17099.96,Cash,Physical Store
TXN000429,2025-06-10 13:38:00,ST002,PRD0336,CUST0501,3,2121.27,Mobile Wallet,Physical Store
TXN000430,2025-09-03 18:07:00,ST005,PRD0040,CUST0157,3,11363.76,Card,Physical Store
TXN000431,2025-09-11 19:47:00,ST006,PRD0183,CUST0452,4,10505.4,Online,Physical Store
TXN000432,2025-07-07 20:35:00,ST003,PRD0150,CUST0501,5,3759.79,Online,Physical Store
TXN000433,2025-12-24 16:32:00,ST004,PRD0054,CUST0111,3,3904.5,Mobile Wallet,Physical Store
TXN000434,2025-05-24 09:13:00,ST006,PRD0071,CUST0473,3,3015.69,Card,Physical Store
TXN000435,2025-03-04 13:46:00,ST006,PRD0073,CUST0074,2,13155.27,Mobile Wallet,Physical Store
TXN000436,2025-11-29 20:29:00,ST001,PRD0059,CUST0044,4,2986.61,Online,Physical Store
TXN000437,2025-05-23 17:24:00,ST003,PRD0154,CUST0174,1,13504.25,Mobile Wallet,Physical Store
TXN000438,2025-09-11 08:55:00,ST001,PRD0196,CUST0788,4,14688.58,Card,Physical Store
TXN000439,2025-04-16 14:11:00,ST001,PRD0221,CUST0108,3,6401.8,Online,Physical Store
TXN000440,2025-01-14 17:48:00,ST002,PRD0173,CUST0538,5,8871.76,Cash,Physical Store
TXN000441,2025-06-24 19:53:00,ST006,PRD0319,CUST0889,4,6266.57,Cash,Physical Store
TXN000442,2025-02-25 16:24:00,ST005,PRD0148,CUST0950,4,2911.86,Online,Physical Store
TXN000443,2025-03-25 14:29:00,ST003,PRD0122,CUST0271,1,5139.97,Online,Physical Store
TXN000444,2025-02-13 11:49:00,ST005,PRD0278,CUST0606,3,7489.54,Mobile Wallet,Physical Store
TXN000445,2025-01-20 17:17:00,ST006,PRD0186,CUST0551,3,12858.14,Cash,Physical Store
TXN000446,2025-03-05 12:36:00,ST004,PRD0165,CUST0542,2,15750.95,Mobile Wallet,Physical Store
TXN000447,2025-01-09 15:00:00,ST004,PRD0239,CUST0076,3,12672.74,Card,Physical Store
TXN000448,2025-07-29 08:37:00,ST005,PRD0041,CUST0567,5,16598.91,Online,Physical Store
TXN000449,2025-02-02 15:11:00,ST004,PRD0133,CUST0566,3,1638.63,Card,Physical Store
TXN000450,2025-04-27 18:11:00,ST001,PRD0076,CUST0102,2,3801.59,Cash,Physical Store
TXN000451,2025-04-05 18:32:00,ST005,PRD0226,CUST0650,1,18502.93,Card,Physical Store
TXN000452,2025-02-01 19:16:00,ST005,PRD0132,CUST0034,3,8197.06,Cash,Physical Store
TXN000453,2025-11-04 11:22:00,ST004,PRD0056,CUST0159,5,13701.85,Cash,Physical Store
TXN000454,2025-09-19 09:15:00,ST003,PRD0105,CUST0668,5,3477.95,Mobile Wallet,Physical Store
TXN000455,2025-02-06 18:27:00,ST003,PRD0145,CUST0294,1,10608.78,Online,Physical Store
TXN000456,2025-06-21 14:57:00,ST003,PRD0334,CUST0768,4,9286.96,Cash,Physical Store
TXN000457,2025-03-24 13:02:00,ST001,PRD0149,CUST0308,5,19334.45,Cash,Physical Store
TXN000458,2025-11-08 11:51:00,ST005,PRD0161,CUST1047,5,9788.18,Online,Physical Store
TXN000459,2025-04-21 14:53:00,ST004,PRD0299,CUST0067,2,8975.12,Cash,Physical Store
TXN000460,2025-02-09 11:36:00,ST006,PRD0258,CUST0857,5,3276.89,Cash,Physical Store
TXN000461,2025-09-28 20:03:00,ST005,PRD0311,CUST0968,5,4148.18,Mobile Wallet,Physical Store
TXN000462,2025-06-12 12:12:00,ST003,PRD0295,CUST0601,2,20720.46,Card,Physical Store
TXN000463,2025-07-05 11:29:00,ST004,PRD0162,CUST0237,2,19501.87,Mobile Wallet,Physical Store
TXN000464,2025-07-05 09:22:00,ST003,PRD0287,CUST1036,1,3212.74,Mobile Wallet,Physical Store
TXN000465,2025-11-06 11:28:00,ST002,PRD0215,CUST0471,5,3497.38,Card,Physical Store
TXN000466,2025-07-28 18:37:00,ST003,PRD0071,CUST0534,3,3015.69,Online,Physical Store
TXN000467,2025-03-02 09:26:00,ST005,PRD0216,CUST1035,2,5330.04,Mobile Wallet,Physical Store
TXN000468,2025-11-20 20:12:00,ST002,PRD0093,CUST0930,1,4406.01,Cash,Physical Store
TXN000469,2025-08-03 12:48:00,ST002,PRD0284,CUST0963,1,20638.42,Cash,Physical Store
TXN000470,2025-08-09 08:44:00,ST005,PRD0086,CUST0150,2,347.58,Mobile Wallet,Physical Store
TXN000471,2025-08-05 13:08:00,ST001,PRD0206,CUST0495,3,2082.08,Online,Physical Store
TXN000472,2025-06-22 17:38:00,ST001,PRD0316,CUST0221,1,13933.6,Online,Physical Store
TXN000473,2025-08-18 14:40:00,ST004,PRD0231,CUST0893,3,17703.38,Card,Physical Store
TXN000474,2025-04-04 19:49:00,ST002,PRD0302,CUST1044,1,9747.03,Cash,Physical Store
TXN000475,2025-10-31 17:23:00,ST003,PRD0333,CUST0929,4,6748.68,Mobile Wallet,Physical Store
TXN000476,2025-04-01 16:46:00,ST002,PRD0302,CUST0573,1,9747.03,Online,Physical Store
TXN000477,2025-09-10 13:03:00,ST003,PRD0289,CUST1041,4,9318.7,Online,Physical Store
TXN000478,2025-07-16 13:48:00,ST006,PRD0092,CUST0294,1,22187.45,Card,Physical Store
TXN000479,2025-08-09 16:17:00,ST003,PRD0295,CUST0644,1,20720.46,Online,Physical Store
TXN000480,2025-03-26 09:18:00,ST002,PRD0141,CUST0997,4,11741.07,Card,Physical Store
TXN000481,2025-05-28 12:38:00,ST002,PRD0055,CUST0475,3,18651.16,Cash,Physical Store
TXN000482,2025-04-16 16:53:00,ST005,PRD0261,CUST0346,1,21613.13,Cash,Physical Store
TXN000483,2025-10-04 16:51:00,ST001,PRD0100,CUST0014,4,12867.68,Online,Physical Store
TXN000484,2025-04-15 12:36:00,ST002,PRD0219,CUST0912,5,19961.51,Mobile Wallet,Physical Store
TXN000485,2025-06-01 09:45:00,ST004,PRD0062,CUST0911,4,3706.43,Online,Physical Store
TXN000486,2025-02-14 21:08:00,ST001,PRD0143,CUST0239,3,7468.23,Card,Physical Store
TXN000487,2025-02-08 13:10:00,ST004,PRD0260,CUST0687,3,9674.14,Cash,Physical Store
TXN000488,2025-12-28 19:20:00,ST006,PRD0020,CUST0888,1,18682.24,Online,Physical Store
TXN000489,2025-04-08 21:35:00,ST002,PRD0321,CUST0073,1,11771.0,Card,Physical Store
TXN000490,2025-10-28 14:55:00,ST004,PRD0113,CUST0401,3,5925.51,Card,Physical Store
TXN000491,2025-09-06 21:11:00,ST002,PRD0255,CUST0579,2,5769.03,Cash,Physical Store
TXN000492,2025-09-22 21:46:00,ST001,PRD0110,CUST0007,4,5481.63,Mobile Wallet,Physical Store
TXN000493,2025-10-13 17:13:00,ST006,PRD0092,CUST0080,4,22187.45,Online,Physical Store
TXN000494,2025-11-11 14:40:00,ST004,PRD0299,CUST0481,3,8975.12,Card,Physical Store
TXN000495,2025-06-03 21:14:00,ST006,PRD0150,CUST0994,4,3759.79,Mobile Wallet,Physical Store
TXN000496,2025-11-03 13:34:00,ST002,PRD0247,CUST0606,1,9781.8,Cash,Physical Store
TXN000497,2025-05-28 14:28:00,ST001,PRD0167,CUST0507,4,474.16,Card,Physical Store
TXN000498,2025-08-26 13:42:00,ST006,PRD0059,CUST0712,4,2986.61,Card,Physical Store
TXN000499,2025-09-05 21:51:00,ST001,PRD0251,CUST0844,2,6655.05,Online,Physical Store
TXN000500,2025-05-18 16:13:00,ST003,PRD0210,CUST0125,5,17734.18,Online,Physical Store
TXN000501,2030-06-15 12:30:00,ST004,PRD0201,CUST0906,4,4607.12,Online,Physical Store
TXN000502,2025-01-28 12:31:00,ST003,PRD0113,CUST0696,1,5925.51,Mobile Wallet,Physical Store
TXN000503,2025-07-29 11:36:00,ST005,PRD0086,CUST0423,1,347.58,Online,Physical Store
TXN000504,2025-03-08 17:34:00,ST001,PRD0011,CUST0044,4,12715.64,Online,Physical Store
TXN000505,2025-06-30 20:49:00,ST005,PRD0284,CUST0130,1,20638.42,Card,Physical Store
TXN000506,2025-07-05 16:12:00,ST003,PRD0081,CUST0811,2,15889.25,Card,Physical Store
TXN000507,2025-07-11 13:26:00,ST001,PRD0111,CUST0510,1,20533.53,Cash,Physical Store
TXN000508,2025-09-27 09:32:00,ST002,PRD0204,CUST0994,1,20131.16,Online,Physical Store
TXN000509,2025-06-04 08:14:00,ST003,PRD0324,CUST0507,1,10127.07,Cash,Physical Store
TXN000510,2025-07-13 18:25:00,ST001,PRD0068,CUST0553,1,12827.93,Cash,Physical Store
TXN000511,2025-09-16 19:45:00,ST006,PRD0213,CUST0042,1,2681.49,Card,Physical Store
TXN000512,2025-02-18 19:37:00,ST003,PRD0201,CUST0398,5,4607.12,Online,Physical Store
TXN000513,2025-08-06 16:47:00,ST004,PRD0012,CUST0619,3,3550.38,Card,Physical Store
TXN000514,2025-02-21 12:41:00,ST003,PRD0296,CUST0966,4,10919.63,Mobile Wallet,Physical Store
TXN000515,2025-02-17 11:26:00,ST003,PRD0288,CUST0571,4,2165.9,Card,Physical Store
TXN000516,2025-07-15 08:31:00,ST006,PRD0202,CUST0764,5,17402.33,Cash,Physical Store
TXN000517,2025-08-20 11:36:00,ST004,PRD0013,CUST0814,2,22686.55,Online,Physical Store
TXN000518,2025-09-02 17:06:00,ST002,PRD0330,CUST0637,3,17208.76,Cash,Physical Store
TXN000519,2025-02-18 16:10:00,ST002,PRD0107,CUST1004,5,10336.83,Cash,Physical Store
TXN000520,2025-03-14 14:39:00,ST004,PRD0243,CUST0477,1,3916.43,Online,Physical Store
TXN000521,2025-07-30 12:47:00,ST003,PRD0173,CUST0309,1,8871.76,Mobile Wallet,Physical Store
TXN000522,2025-01-03 12:44:00,ST004,PRD0108,CUST1001,5,7369.56,Online,Physical Store
TXN000523,2025-11-30 11:20:00,ST005,PRD0237,CUST0990,5,1672.14,Cash,Physical Store
TXN000524,2025-02-23 14:44:00,ST001,PRD0040,CUST0770,2,11363.76,Card,Physical Store
TXN000525,2025-09-24 19:07:00,ST001,PRD0086,CUST0405,4,347.58,Cash,Physical Store
TXN000526,2025-08-06 15:10:00,ST006,PRD0321,CUST0998,2,11771.0,Mobile Wallet,Physical Store
TXN000527,2025-07-24 08:18:00,ST006,PRD0061,CUST0892,3,15518.33,Online,Physical Store
TXN000528,2025-09-25 13:39:00,ST003,PRD0191,CUST0340,2,9077.42,Card,Physical Store
TXN000529,2025-11-11 19:23:00,ST004,PRD0266,CUST0515,4,8348.44,Card,Physical Store
TXN000530,2025-06-19 19:46:00,ST006,PRD0070,CUST0337,5,13037.06,Mobile Wallet,Physical Store
TXN000531,2025-01-06 13:26:00,ST001,PRD0092,CUST0308,4,22187.45,Cash,Physical Store
TXN000532,2025-06-09 19:12:00,ST004,PRD0103,CUST0193,5,9758.61,Online,Physical Store
TXN000533,2025-02-18 08:39:00,ST003,PRD0240,CUST0321,1,5346.51,Card,Physical Store
TXN000534,2025-06-26 18:00:00,ST004,PRD0099,CUST0563,3,20583.54,Online,Physical Store
TXN000535,2025-07-08 17:49:00,ST005,PRD0207,CUST0522,5,10872.38,Card,Physical Store
TXN000536,2025-02-09 17:09:00,ST002,PRD0053,CUST0444,3,4167.18,Online,Physical Store
TXN000537,2025-10-16 09:08:00,ST005,PRD0268,CUST0785,3,4050.68,Online,Physical Store
TXN000538,2025-11-12 18:58:00,ST001,PRD0243,CUST0429,2,3916.43,Card,Physical Store
TXN000539,2025-04-21 09:59:00,ST002,PRD0315,CUST0301,2,6862.13,Mobile Wallet,Physical Store
TXN000540,2025-01-01 13:04:00,ST004,PRD0027,CUST0281,5,3678.01,Mobile Wallet,Physical Store
TXN000541,2025-12-07 15:20:00,ST002,PRD0155,CUST1025,1,15377.25,Mobile Wallet,Physical Store
TXN000542,2025-07-13 20:24:00,ST005,PRD0243,CUST0728,3,3916.43,Online,Physical Store
TXN000543,2025-09-29 09:56:00,ST006,PRD0310,CUST0439,2,21244.72,Online,Physical Store
TXN000544,2025-12-31 10:53:00,ST006,PRD0224,CUST0905,4,9276.41,Online,Physical Store
TXN000545,2025-12-17 09:35:00,ST001,PRD0223,CUST0714,2,16691.47,Online,Physical Store
TXN000546,2025-08-27 20:42:00,ST005,PRD0178,CUST0869,2,970.06,Card,Physical Store
TXN000547,2025-07-15 13:11:00,ST003,PRD0006,CUST0402,4,13477.68,Card,Physical Store
TXN000548,2025-01-03 17:19:00,ST003,PRD0169,CUST0193,3,10615.75,Cash,Physical Store
TXN000549,2025-11-07 12:02:00,ST004,PRD0332,CUST0564,4,7226.95,Cash,Physical Store
TXN000550,2025-12-23 19:16:00,ST001,PRD0141,CUST0118,5,11741.07,Mobile Wallet,Physical Store
TXN000551,2025-11-08 18:29:00,ST006,PRD0252,CUST0356,4,6953.84,Cash,Physical Store
TXN000552,2025-01-20 13:01:00,ST002,PRD0314,CUST0314,2,14001.37,Cash,Physical Store
TXN000553,2025-08-03 21:54:00,ST006,PRD0062,CUST0115,4,3706.43,Cash,Physical Store
TXN000554,2025-06-10 09:54:00,ST006,PRD0279,CUST0569,2,1882.31,Cash,Physical Store
TXN000555,2025-06-20 21:43:00,ST006,PRD0163,CUST0347,5,16681.73,Online,Physical Store
TXN000556,2025-09-22 08:42:00,ST001,PRD0207,CUST0853,1,10872.38,Card,Physical Store
TXN000557,2025-09-14 10:46:00,ST004,PRD0137,CUST0172,2,4588.15,Cash,Physical Store
TXN000558,2025-05-22 17:12:00,ST006,PRD0259,CUST0839,2,7839.33,Cash,Physical Store
TXN000559,2025-06-09 12:35:00,ST004,PRD0180,CUST0242,3,18463.04,Cash,Physical Store
TXN000560,2025-10-17 15:05:00,ST006,PRD0060,CUST0186,2,20909.2,Cash,Physical Store
TXN000561,2025-04-06 13:37:00,ST001,PRD0321,CUST0042,2,11771.0,Card,Physical Store
TXN000562,2025-11-23 13:29:00,ST006,PRD0042,CUST0506,3,21532.78,Card,Physical Store
TXN000563,2025-03-09 12:03:00,ST003,PRD0195,CUST0588,2,2320.2,Card,Physical Store
TXN000564,2025-10-17 13:26:00,ST002,PRD0116,CUST0386,3,18307.89,Card,Physical Store
TXN000565,2025-06-01 12:44:00,ST004,PRD0226,CUST0542,1,18502.93,Online,Physical Store
TXN000566,2025-10-24 13:22:00,ST001,PRD0329,CUST0921,2,2156.83,Mobile Wallet,Physical Store
TXN000567,2025-03-21 16:36:00,ST006,PRD0108,CUST0889,3,7369.56,Online,Physical Store
TXN000568,2025-04-17 13:44:00,ST005,PRD0258,CUST0551,1,3276.89,Card,Physical Store
TXN000569,2025-05-13 11:29:00,ST005,PRD0134,CUST0065,1,16453.67,Card,Physical Store
TXN000570,2025-09-01 10:29:00,ST005,PRD0301,CUST0662,3,16353.38,Mobile Wallet,Physical Store
TXN000571,2025-12-04 17:57:00,ST006,PRD0018,CUST0661,1,21346.27,Online,Physical Store
TXN000572,2025-01-05 10:26:00,ST006,PRD0244,CUST0686,3,14144.2,Cash,Physical Store
TXN000573,2025-04-06 13:19:00,ST002,PRD0084,CUST0957,5,16667.34,Cash,Physical Store
TXN000574,2025-08-13 20:39:00,ST004,PRD0234,CUST0891,4,15054.11,Card,Physical Store
TXN000575,2025-05-10 19:23:00,ST006,PRD0308,CUST0692,4,8374.13,Mobile Wallet,Physical Store
TXN000576,2025-06-03 08:59:00,ST004,PRD0120,CUST1039,1,14398.39,Mobile Wallet,Physical Store
TXN000577,2025-05-18 17:25:00,ST005,PRD0304,CUST0059,2,2572.59,Card,Physical Store
TXN000578,2025-06-03 17:44:00,ST002,PRD0269,CUST0407,5,6185.21,Card,Physical Store
TXN000579,2025-12-06 13:50:00,ST002,PRD0028,CUST0186,3,9297.13,Online,Physical Store
TXN000580,2025-08-23 14:10:00,ST002,PRD0236,CUST0002,2,16144.93,Card,Physical Store
TXN000581,2025-06-04 12:05:00,ST004,PRD0095,CUST0484,2,14194.94,Cash,Physical Store
TXN000582,2025-05-06 10:43:00,ST004,PRD0285,CUST0767,1,11577.34,Card,Physical Store
TXN000583,2025-06-26 09:30:00,ST004,PRD0282,CUST0808,2,5174.17,Mobile Wallet,Physical Store
TXN000584,2025-08-26 19:15:00,ST003,PRD0050,CUST0794,2,2136.14,Card,Physical Store
TXN000585,2025-07-24 20:20:00,ST004,PRD0145,CUST0870,5,10608.78,Cash,Physical Store
TXN000586,2025-06-27 15:42:00,ST005,PRD0301,CUST0056,2,16353.38,Card,Physical Store
TXN000587,2025-05-01 13:23:00,ST005,PRD0175,CUST1027,1,4600.64,Mobile Wallet,Physical Store
TXN000588,2025-02-09 18:14:00,ST001,PRD0071,CUST1024,2,3015.69,Card,Physical Store
TXN000589,2025-06-04 14:05:00,ST004,PRD0174,CUST0787,2,14032.47,Card,Physical Store
TXN000590,2025-05-26 12:24:00,ST004,PRD0247,CUST0072,3,9781.8,Card,Physical Store
TXN000591,2025-03-25 14:43:00,ST001,PRD0265,CUST0218,4,10997.21,Online,Physical Store
TXN000592,2025-12-18 19:06:00,ST002,PRD0336,CUST0829,1,2121.27,Online,Physical Store
TXN000593,2025-03-07 17:32:00,ST004,PRD0197,CUST0932,1,13667.49,Mobile Wallet,Physical Store
TXN000594,2025-08-05 20:03:00,ST006,PRD0156,CUST0871,3,7788.01,Cash,Physical Store
TXN000595,2025-11-06 20:51:00,ST004,PRD0231,CUST1029,3,17703.38,Online,Physical Store
TXN000596,2025-10-01 13:07:00,ST004,PRD0092,CUST0869,5,22187.45,Cash,Physical Store
TXN000597,2025-03-18 08:21:00,ST005,PRD0303,CUST0529,2,11893.96,Mobile Wallet,Physical Store
TXN000598,2025-08-11 08:29:00,ST004,PRD0145,CUST0082,1,10608.78,Mobile Wallet,Physical Store
TXN000599,2025-07-07 08:56:00,ST004,PRD0307,CUST0757,3,11194.39,Online,Physical Store
TXN000600,2025-12-12 12:49:00,ST003,PRD0013,CUST0548,2,22686.55,Online,Physical Store
TXN000601,2025-08-02 08:28:00,ST005,PRD9999,CUST0610,1,474.16,Cash,Physical Store
TXN000602,2025-07-02 19:02:00,ST002,PRD0273,CUST0812,2,13625.49,Cash,Physical Store
TXN000603,2025-10-01 09:08:00,ST003,PRD0075,CUST1011,4,20450.52,Online,Physical Store
TXN000604,2025-08-23 19:39:00,ST001,PRD0125,CUST0939,1,13628.37,Online,Physical Store
TXN000605,2025-07-10 08:09:00,ST005,PRD0312,CUST0208,4,6604.88,Cash,Physical Store
TXN000606,2025-06-22 18:47:00,ST001,PRD0155,CUST0866,4,15377.25,Card,Physical Store
TXN000607,2025-05-12 19:41:00,ST002,PRD0041,CUST0888,1,16598.91,Online,Physical Store
TXN000608,2025-06-05 17:32:00,ST003,PRD0277,CUST0500,1,8719.93,Mobile Wallet,Physical Store
TXN000609,2025-04-21 20:59:00,ST003,PRD0224,CUST0563,2,9276.41,Cash,Physical Store
TXN000610,2025-11-06 14:58:00,ST001,PRD0093,CUST0584,3,4406.01,Mobile Wallet,Physical Store
TXN000611,2025-04-17 08:50:00,ST003,PRD0213,CUST0266,3,2681.49,Mobile Wallet,Physical Store
TXN000612,2025-11-03 20:40:00,ST002,PRD0163,CUST0199,2,16681.73,Cash,Physical Store
TXN000613,2025-12-30 13:14:00,ST004,PRD0033,CUST0590,5,21125.63,Mobile Wallet,Physical Store
TXN000614,2025-11-22 17:21:00,ST005,PRD0278,CUST0797,4,7489.54,Cash,Physical Store
TXN000615,2025-06-25 13:20:00,ST004,PRD0178,CUST0911,2,970.06,Mobile Wallet,Physical Store
TXN000616,2025-04-18 16:44:00,ST004,PRD0088,CUST0799,3,2632.29,Cash,Physical Store
TXN000617,2025-12-05 21:36:00,ST003,PRD0041,CUST0997,5,16598.91,Cash,Physical Store
TXN000618,2025-04-17 19:33:00,ST003,PRD0190,CUST0623,3,5190.85,Mobile Wallet,Physical Store
TXN000619,2025-12-12 15:01:00,ST003,PRD0080,CUST0342,5,5394.99,Mobile Wallet,Physical Store
TXN000620,2025-08-01 20:01:00,ST004,PRD0146,CUST1006,2,4109.1,Card,Physical Store
TXN000621,2025-07-13 17:54:00,ST002,PRD0064,CUST0199,4,1220.74,Card,Physical Store
TXN000622,2025-02-26 17:18:00,ST005,PRD0092,CUST0326,4,22187.45,Mobile Wallet,Physical Store
TXN000623,2025-06-30 20:13:00,ST003,PRD0215,CUST0572,3,3497.38,Cash,Physical Store
TXN000624,2025-12-07 18:40:00,ST005,PRD0326,CUST0651,5,8972.53,Mobile Wallet,Physical Store
TXN000625,2025-04-26 21:25:00,ST004,PRD0254,CUST0951,3,11992.71,Card,Physical Store
TXN000626,2025-04-01 14:18:00,ST006,PRD0002,CUST0685,4,5132.62,Card,Physical Store
TXN000627,2025-12-16 09:24:00,ST004,PRD0298,CUST0857,4,8588.83,Card,Physical Store
TXN000628,2025-11-22 08:39:00,ST005,PRD0115,CUST0284,5,3172.29,Cash,Physical Store
TXN000629,2025-11-03 17:46:00,ST005,PRD0210,CUST0047,3,17734.18,Card,Physical Store
TXN000630,2025-03-27 17:40:00,ST001,PRD0242,CUST0187,3,11290.47,Mobile Wallet,Physical Store
TXN000631,2025-10-10 16:55:00,ST003,PRD0099,CUST0331,4,20583.54,Card,Physical Store
TXN000632,2025-03-31 15:59:00,ST003,PRD0103,CUST0661,2,9758.61,Cash,Physical Store
TXN000633,2025-01-16 11:36:00,ST006,PRD0237,CUST0941,2,1672.14,Mobile Wallet,Physical Store
TXN000634,2025-05-04 20:11:00,ST005,PRD0237,CUST1025,1,1672.14,Online,Physical Store
TXN000635,2025-03-23 11:29:00,ST006,PRD0036,CUST0015,1,5751.78,Mobile Wallet,Physical Store
TXN000636,2025-09-24 15:55:00,ST003,PRD0198,CUST0145,4,2914.92,Cash,Physical Store
TXN000637,2025-11-07 18:34:00,ST006,PRD0013,CUST0899,4,22686.55,Cash,Physical Store
TXN000638,2025-05-30 20:25:00,ST006,PRD0021,CUST0745,4,1768.36,Mobile Wallet,Physical Store
TXN000639,2025-08-08 20:07:00,ST005,PRD0054,CUST0299,3,3904.5,Cash,Physical Store
TXN000640,2025-03-28 13:26:00,ST004,PRD0174,CUST0291,2,14032.47,Card,Physical Store
TXN000641,2025-05-16 09:21:00,ST006,PRD0329,CUST0152,4,2156.83,Mobile Wallet,Physical Store
TXN000642,2025-05-06 20:16:00,ST003,PRD0176,CUST0605,4,16060.03,Mobile Wallet,Physical Store
TXN000643,2025-12-25 12:36:00,ST002,PRD0141,CUST0074,2,11741.07,Online,Physical Store
TXN000644,2025-01-14 11:56:00,ST003,PRD0190,CUST0743,3,5190.85,Card,Physical Store
TXN000645,2025-10-18 18:19:00,ST002,PRD0244,CUST0901,3,14144.2,Card,Physical Store
TXN000646,2025-03-17 17:18:00,ST001,PRD0197,CUST0527,2,13667.49,Card,Physical Store
TXN000647,2025-10-26 12:09:00,ST003,PRD0300,CUST0025,3,6059.15,Mobile Wallet,Physical Store
TXN000648,2025-09-02 17:57:00,ST005,PRD0088,CUST0705,2,2632.29,Online,Physical Store
TXN000649,2025-09-25 13:24:00,ST004,PRD0249,CUST0347,5,15746.95,Card,Physical Store
TXN000650,2025-09-05 14:00:00,ST003,PRD0034,CUST0702,2,9530.33,Card,Physical Store
TXN000651,2025-04-25 10:17:00,ST003,PRD0312,CUST0245,2,6604.88,Mobile Wallet,Physical Store
TXN000652,2025-08-24 17:58:00,ST002,PRD0327,CUST0025,5,8268.43,Card,Physical Store
TXN000653,2025-07-06 18:02:00,ST005,PRD0205,CUST0203,3,9509.22,Cash,Physical Store
TXN000654,2025-05-19 16:34:00,ST004,PRD0276,CUST0163,1,21897.23,Card,Physical Store
TXN000655,2025-05-06 12:51:00,ST006,PRD0094,CUST0502,2,19664.63,Mobile Wallet,Physical Store
TXN000656,2025-04-01 08:38:00,ST006,PRD0137,CUST0569,1,4588.15,Card,Physical Store
TXN000657,2025-02-02 10:33:00,ST002,PRD0156,CUST0125,2,7788.01,Card,Physical Store
TXN000658,2025-10-27 20:37:00,ST005,PRD0245,CUST0951,1,8847.6,Cash,Physical Store
TXN000659,2025-06-13 20:40:00,ST001,PRD0038,CUST0403,4,16717.88,Mobile Wallet,Physical Store
TXN000660,2025-02-12 15:12:00,ST004,PRD0052,CUST0441,5,7984.07,Online,Physical Store
TXN000661,2025-10-19 08:37:00,ST006,PRD0221,CUST0229,4,6401.8,Card,Physical Store
TXN000662,2025-10-29 20:40:00,ST003,PRD0315,CUST0935,1,6862.13,Mobile Wallet,Physical Store
TXN000663,2025-11-04 12:31:00,ST005,PRD0324,CUST0362,3,10127.07,Mobile Wallet,Physical Store
TXN000664,2025-09-21 12:41:00,ST002,PRD0154,CUST0542,5,13504.25,Online,Physical Store
TXN000665,2025-05-21 18:35:00,ST001,PRD0258,CUST0633,4,3276.89,Card,Physical Store
TXN000666,2025-09-07 08:20:00,ST002,PRD0261,CUST0964,4,21613.13,Card,Physical Store
TXN000667,2025-02-03 20:27:00,ST003,PRD0156,CUST0194,4,7788.01,Card,Physical Store
TXN000668,2025-04-10 20:06:00,ST005,PRD0119,CUST0437,3,9036.76,Online,Physical Store
TXN000669,2025-06-13 20:33:00,ST005,PRD0242,CUST0211,3,11290.47,Card,Physical Store
TXN000670,2025-10-20 18:09:00,ST004,PRD0166,CUST0321,2,15634.98,Card,Physical Store
TXN000671,2025-03-22 17:42:00,ST004,PRD0081,CUST0667,5,15889.25,Mobile Wallet,Physical Store
TXN000672,2025-05-18 11:59:00,ST003,PRD0135,CUST0967,3,310.8,Card,Physical Store
TXN000673,2025-06-06 13:46:00,ST003,PRD0182,CUST0646,4,19280.03,Mobile Wallet,Physical Store
TXN000674,2025-10-16 14:48:00,ST001,PRD0214,CUST0012,4,829.59,Mobile Wallet,Physical Store
TXN000675,2025-07-01 18:51:00,ST001,PRD0072,CUST0936,3,21910.16,Card,Physical Store
TXN000676,2025-04-17 18:45:00,ST001,PRD0132,CUST0604,3,8197.06,Online,Physical Store
TXN000677,2025-08-07 20:24:00,ST005,PRD0167,CUST0409,2,474.16,Mobile Wallet,Physical Store
TXN000678,2025-05-21 09:04:00,ST006,PRD0125,CUST0329,3,13628.37,Mobile Wallet,Physical Store
TXN000679,2025-10-31 15:02:00,ST003,PRD0200,CUST0998,2,997.46,Mobile Wallet,Physical Store
TXN000680,2025-01-31 09:03:00,ST005,PRD0328,CUST0702,3,8691.06,Online,Physical Store
TXN000681,2025-08-13 12:07:00,ST003,PRD0242,CUST0276,1,11290.47,Mobile Wallet,Physical Store
TXN000682,2025-03-19 21:09:00,ST002,PRD0302,CUST0613,5,9747.03,Cash,Physical Store
TXN000683,2025-08-13 11:20:00,ST005,PRD0294,CUST0534,5,2896.16,Online,Physical Store
TXN000684,2025-12-20 08:08:00,ST004,PRD0035,CUST0643,3,12242.79,Card,Physical Store
TXN000685,2025-04-05 13:29:00,ST003,PRD0117,CUST0944,3,14750.74,Card,Physical Store
TXN000686,2025-12-13 19:16:00,ST001,PRD0131,CUST0048,2,7115.22,Mobile Wallet,Physical Store
TXN000687,2025-08-07 14:51:00,ST001,PRD0250,CUST0099,5,2291.41,Online,Physical Store
TXN000688,2025-01-09 17:27:00,ST005,PRD0017,CUST1033,3,13431.35,Mobile Wallet,Physical Store
TXN000689,2025-05-25 17:21:00,ST005,PRD0325,CUST0138,1,10102.17,Cash,Physical Store
TXN000690,2025-10-13 20:07:00,ST001,PRD0273,CUST0325,5,13625.49,Mobile Wallet,Physical Store
TXN000691,2025-11-09 18:12:00,ST004,PRD0038,CUST0883,3,16717.88,Mobile Wallet,Physical Store
TXN000692,2025-03-19 18:21:00,ST003,PRD0038,CUST0373,5,16717.88,Mobile Wallet,Physical Store
TXN000693,2025-09-28 20:44:00,ST005,PRD0222,CUST0044,4,19331.27,Online,Physical Store
TXN000694,2025-01-04 17:53:00,ST002,PRD0200,CUST0039,1,997.46,Online,Physical Store
TXN000695,2025-08-07 10:16:00,ST004,PRD0115,CUST0669,5,3172.29,Card,Physical Store
TXN000696,2025-10-22 13:57:00,ST002,PRD0296,CUST0313,2,10919.63,Card,Physical Store
TXN000697,2025-06-07 10:06:00,ST005,PRD0014,CUST0081,2,6143.33,Online,Physical Store
TXN000698,2025-02-05 13:55:00,ST002,PRD0162,CUST0472,2,19501.87,Online,Physical Store
TXN000699,2025-03-25 14:17:00,ST001,PRD0120,CUST0445,3,14398.39,Card,Physical Store
TXN000700,2025-08-14 09:53:00,ST006,PRD0193,CUST0053,4,15266.12,Card,Physical Store
TXN000701,2025-07-14 08:28:00,ST002,PRD0225,CUST9999,2,15148.9,Mobile Wallet,Physical Store
TXN000702,2025-10-30 21:07:00,ST005,PRD0048,CUST0359,5,3322.36,Cash,Physical Store
TXN000703,2025-03-25 20:13:00,ST003,PRD0062,CUST1002,5,3706.43,Online,Physical Store
TXN000704,2025-08-01 11:13:00,ST004,PRD0047,CUST1039,3,5346.17,Online,Physical Store
TXN000705,2025-09-18 09:29:00,ST004,PRD0009,CUST0015,4,2429.12,Mobile Wallet,Physical Store
TXN000706,2025-02-21 13:23:00,ST006,PRD0159,CUST0134,4,2977.17,Online,Physical Store
TXN000707,2025-04-28 19:05:00,ST001,PRD0334,CUST0799,4,9286.96,Online,Physical Store
TXN000708,2025-11-28 13:02:00,ST005,PRD0073,CUST0510,2,13155.27,Cash,Physical Store
TXN000709,2025-03-07 16:09:00,ST001,PRD0072,CUST0963,1,21910.16,Card,Physical Store
TXN000710,2025-12-05 12:23:00,ST004,PRD0317,CUST0850,2,13310.61,Card,Physical Store
TXN000711,2025-03-31 16:09:00,ST002,PRD0093,CUST0748,1,4406.01,Cash,Physical Store
TXN000712,2025-09-12 11:19:00,ST005,PRD0207,CUST0765,3,10872.38,Online,Physical Store
TXN000713,2025-01-15 20:01:00,ST001,PRD0170,CUST0059,4,1914.37,Card,Physical Store
TXN000714,2025-07-28 08:34:00,ST001,PRD0194,CUST0348,2,16959.55,Cash,Physical Store
TXN000715,2025-06-28 11:05:00,ST004,PRD0215,CUST0136,1,3497.38,Mobile Wallet,Physical Store
TXN000716,2025-08-01 21:57:00,ST005,PRD0275,CUST0902,2,837.23,Cash,Physical Store
TXN000717,2025-06-09 15:30:00,ST006,PRD0132,CUST0263,3,8197.06,Online,Physical Store
TXN000718,2025-11-11 18:45:00,ST006,PRD0050,CUST0979,4,2136.14,Card,Physical Store
TXN000719,2025-03-06 11:32:00,ST006,PRD0067,CUST0293,2,2993.21,Cash,Physical Store
TXN000720,2025-02-18 19:25:00,ST002,PRD0145,CUST0216,2,10608.78,Online,Physical Store
TXN000721,2025-04-05 19:42:00,ST006,PRD0155,CUST0674,4,15377.25,Online,Physical Store
TXN000722,2025-03-09 13:27:00,ST006,PRD0192,CUST0298,5,812.19,Cash,Physical Store
TXN000723,2025-07-17 18:03:00,ST002,PRD0102,CUST0374,1,18335.61,Cash,Physical Store
TXN000724,2025-05-02 10:25:00,ST004,PRD0166,CUST0024,5,15634.98,Mobile Wallet,Physical Store
TXN000725,2025-06-26 11:40:00,ST002,PRD0296,CUST0831,4,10919.63,Mobile Wallet,Physical Store
TXN000726,2025-11-15 12:34:00,ST006,PRD0226,CUST0242,3,18502.93,Online,Physical Store
TXN000727,2025-06-22 10:16:00,ST004,PRD0175,CUST0999,5,4600.64,Cash,Physical Store
TXN000728,2025-12-09 21:21:00,ST003,PRD0266,CUST0539,1,8348.44,Mobile Wallet,Physical Store
TXN000729,2025-11-25 08:34:00,ST004,PRD0065,CUST0194,2,17099.96,Cash,Physical Store
TXN000730,2025-03-03 16:45:00,ST003,PRD0152,CUST0259,3,13560.83,Mobile Wallet,Physical Store
TXN000731,2025-08-12 16:05:00,ST005,PRD0259,CUST0374,4,7839.33,Card,Physical Store
TXN000732,2025-03-14 21:43:00,ST006,PRD0114,CUST0035,2,9757.31,Online,Physical Store
TXN000733,2025-09-27 17:49:00,ST003,PRD0078,CUST0097,5,15781.51,Card,Physical Store
TXN000734,2025-12-22 16:10:00,ST006,PRD0192,CUST0326,1,812.19,Card,Physical Store
TXN000735,2025-11-22 18:54:00,ST005,PRD0317,CUST0464,2,13310.61,Mobile Wallet,Physical Store
TXN000736,2025-04-14 12:03:00,ST005,PRD0206,CUST0608,4,2082.08,Mobile Wallet,Physical Store
TXN000737,2025-09-01 15:20:00,ST001,PRD0070,CUST0615,1,13037.06,Online,Physical Store
TXN000738,2025-12-29 16:42:00,ST005,PRD0160,CUST0428,5,16917.41,Cash,Physical Store
TXN000739,2025-01-31 20:26:00,ST002,PRD0072,CUST0295,4,21910.16,Card,Physical Store
TXN000740,2025-07-20 20:10:00,ST005,PRD0331,CUST0859,4,7946.53,Card,Physical Store
TXN000741,2025-05-08 21:22:00,ST002,PRD0037,CUST0464,3,4663.44,Mobile Wallet,Physical Store
TXN000742,2025-03-05 19:47:00,ST004,PRD0300,CUST0311,2,6059.15,Card,Physical Store
TXN000743,2025-12-11 12:48:00,ST005,PRD0168,CUST0023,1,14853.54,Online,Physical Store
TXN000744,2025-09-26 09:49:00,ST006,PRD0322,CUST0965,2,1196.67,Mobile Wallet,Physical Store
TXN000745,2025-06-02 21:07:00,ST001,PRD0278,CUST0931,2,7489.54,Online,Physical Store
TXN000746,2025-05-20 08:24:00,ST004,PRD0131,CUST0232,4,7115.22,Card,Physical Store
TXN000747,2025-12-30 19:55:00,ST005,PRD0250,CUST0597,2,2291.41,Cash,Physical Store
TXN000748,2025-02-15 19:38:00,ST006,PRD0307,CUST0743,2,11194.39,Mobile Wallet,Physical Store
TXN000749,2025-12-26 14:26:00,ST006,PRD0030,CUST0216,3,19772.8,Online,Physical Store
TXN000750,2025-05-09 18:32:00,ST003,PRD0169,CUST0860,3,10615.75,Cash,Physical Store
TXN000751,2025-01-07 09:45:00,ST004,PRD0249,CUST0498,5,15746.95,Card,Physical Store
TXN000752,2025-10-30 14:42:00,ST005,PRD0137,CUST0213,4,4588.15,Mobile Wallet,Physical Store
TXN000753,2025-11-07 16:55:00,ST001,PRD0196,CUST0087,5,14688.58,Cash,Physical Store
TXN000754,2025-10-22 09:07:00,ST006,PRD0123,CUST0739,5,13170.98,Mobile Wallet,Physical Store
TXN000755,2025-07-21 19:47:00,ST004,PRD0021,CUST0712,4,1768.36,Cash,Physical Store
TXN000756,2025-07-24 21:51:00,ST002,PRD0322,CUST0885,1,1196.67,Card,Physical Store
TXN000757,2025-01-13 18:21:00,ST001,PRD0051,CUST0599,4,10472.7,Mobile Wallet,Physical Store
TXN000758,2025-05-10 13:52:00,ST003,PRD0177,CUST0722,2,6812.39,Mobile Wallet,Physical Store
TXN000759,2025-01-25 13:29:00,ST002,PRD0326,CUST0539,2,8972.53,Online,Physical Store
TXN000760,2025-07-25 20:22:00,ST003,PRD0089,CUST1024,1,4127.23,Online,Physical Store
TXN000761,2025-11-12 16:47:00,ST001,PRD0117,CUST0649,3,14750.74,Cash,Physical Store
TXN000762,2025-11-24 14:20:00,ST004,PRD0319,CUST1019,2,6266.57,Card,Physical Store
TXN000763,2025-05-16 21:45:00,ST004,PRD0249,CUST0719,3,15746.95,Online,Physical Store
TXN000764,2025-03-23 10:20:00,ST005,PRD0009,CUST0229,2,2429.12,Online,Physical Store
TXN000765,2025-09-17 19:41:00,ST005,PRD0287,CUST0607,5,3212.74,Card,Physical Store
TXN000766,2025-07-23 17:44:00,ST001,PRD0039,CUST0407,1,15677.76,Mobile Wallet,Physical Store
TXN000767,2025-05-15 10:45:00,ST002,PRD0175,CUST0725,4,4600.64,Mobile Wallet,Physical Store
TXN000768,2025-02-23 21:47:00,ST002,PRD0151,CUST0169,3,17351.7,Mobile Wallet,Physical Store
TXN000769,2025-01-21 11:35:00,ST004,PRD0080,CUST0561,1,5394.99,Card,Physical Store
TXN000770,2025-12-22 11:15:00,ST002,PRD0116,CUST0902,2,18307.89,Cash,Physical Store
TXN000771,2025-06-01 11:01:00,ST004,PRD0314,CUST0990,4,14001.37,Card,Physical Store
TXN000772,2025-07-31 10:54:00,ST004,PRD0266,CUST0819,5,8348.44,Online,Physical Store
TXN000773,2025-12-28 20:23:00,ST003,PRD0135,CUST0884,3,310.8,Card,Physical Store
TXN000774,2025-06-13 16:22:00,ST006,PRD0040,CUST0276,3,11363.76,Card,Physical Store
TXN000775,2025-10-03 17:08:00,ST005,PRD0050,CUST1040,4,2136.14,Online,Physical Store
TXN000776,2025-02-23 20:52:00,ST006,PRD0310,CUST0467,3,21244.72,Card,Physical Store
TXN000777,2025-08-27 12:36:00,ST004,PRD0028,CUST0943,5,9297.13,Mobile Wallet,Physical Store
TXN000778,2025-10-30 14:04:00,ST004,PRD0088,CUST0046,5,2632.29,Cash,Physical Store
TXN000779,2025-06-27 15:55:00,ST001,PRD0076,CUST0131,3,3801.59,Online,Physical Store
TXN000780,2025-10-19 12:57:00,ST006,PRD0015,CUST1006,4,7026.68,Card,Physical Store
TXN000781,2025-07-22 11:42:00,ST006,PRD0232,CUST0635,5,14516.97,Online,Physical Store
TXN000782,2025-06-19 11:36:00,ST005,PRD0261,CUST0834,2,21613.13,Online,Physical Store
TXN000783,2025-01-04 17:03:00,ST005,PRD0184,CUST0246,1,3319.57,Cash,Physical Store
TXN000784,2025-09-29 14:46:00,ST005,PRD0083,CUST0399,2,8207.95,Card,Physical Store
TXN000785,2025-04-03 08:41:00,ST001,PRD0254,CUST0245,3,11992.71,Cash,Physical Store
TXN000786,2025-07-26 17:44:00,ST006,PRD0199,CUST0835,4,10404.09,Mobile Wallet,Physical Store
TXN000787,2025-03-12 21:21:00,ST003,PRD0094,CUST0197,3,19664.63,Card,Physical Store
TXN000788,2025-12-29 14:56:00,ST002,PRD0130,CUST1024,1,15909.47,Online,Physical Store
TXN000789,2025-07-25 11:14:00,ST004,PRD0180,CUST0168,3,18463.04,Cash,Physical Store
TXN000790,2025-09-26 12:01:00,ST001,PRD0311,CUST0125,5,4148.18,Online,Physical Store
TXN000791,2025-02-18 10:00:00,ST003,PRD0271,CUST0026,1,2468.45,Mobile Wallet,Physical Store
TXN000792,2025-06-06 08:51:00,ST002,PRD0291,CUST0768,1,11295.17,Card,Physical Store
TXN000793,2025-11-22 17:31:00,ST001,PRD0094,CUST0448,3,19664.63,Card,Physical Store
TXN000794,2025-11-04 13:36:00,ST005,PRD0091,CUST0903,2,17670.77,Card,Physical Store
TXN000795,2025-08-16 08:39:00,ST003,PRD0020,CUST0247,3,18682.24,Cash,Physical Store
TXN000796,2025-06-28 18:11:00,ST004,PRD0303,CUST0343,1,11893.96,Card,Physical Store
TXN000797,2025-11-05 10:39:00,ST004,PRD0173,CUST0932,5,8871.76,Mobile Wallet,Physical Store
TXN000798,2025-03-01 18:35:00,ST003,PRD0034,CUST0693,2,9530.33,Card,Physical Store
TXN000799,2025-05-03 21:31:00,ST003,PRD0097,CUST0828,1,7060.13,Cash,Physical Store
TXN000800,2025-09-03 20:53:00,ST001,PRD0303,CUST0203,5,11893.96,Online,Physical Store
TXN000801,15/08/2025 14:30,ST006,PRD0273,CUST0808,5,13625.49,Card,Physical Store
TXN000802,2025-05-25 13:08:00,ST006,PRD0230,CUST0406,3,17471.77,Mobile Wallet,Physical Store
TXN000803,2025-07-26 14:24:00,ST004,PRD0043,CUST1005,1,8647.43,Cash,Physical Store
TXN000804,2025-06-14 16:30:00,ST004,PRD0313,CUST0797,3,11708.67,Online,Physical Store
TXN000805,2025-12-17 19:03:00,ST001,PRD0271,CUST0086,2,2468.45,Online,Physical Store
TXN000806,2025-10-28 19:57:00,ST006,PRD0293,CUST0356,3,17487.15,Cash,Physical Store
TXN000807,2025-10-01 08:03:00,ST003,PRD0156,CUST0789,2,7788.01,Cash,Physical Store
TXN000808,2025-12-17 21:27:00,ST003,PRD0261,CUST0366,5,21613.13,Cash,Physical Store
TXN000809,2025-04-20 09:29:00,ST001,PRD0096,CUST0454,3,5240.02,Card,Physical Store
TXN000810,2025-09-11 11:36:00,ST004,PRD0328,CUST0032,1,8691.06,Card,Physical Store
TXN000811,2025-12-19 09:59:00,ST006,PRD0149,CUST0010,2,19334.45,Online,Physical Store
TXN000812,2025-04-01 14:52:00,ST001,PRD0117,CUST0762,4,14750.74,Card,Physical Store
TXN000813,2025-03-14 17:15:00,ST006,PRD0319,CUST0529,4,6266.57,Online,Physical Store
TXN000814,2025-04-15 18:47:00,ST004,PRD0140,CUST0839,1,12592.3,Mobile Wallet,Physical Store
TXN000815,2025-07-13 12:53:00,ST005,PRD0098,CUST1000,3,620.21,Cash,Physical Store
TXN000816,2025-11-17 19:25:00,ST006,PRD0022,CUST0920,2,13125.31,Card,Physical Store
TXN000817,2025-02-06 18:07:00,ST001,PRD0060,CUST0326,4,20909.2,Card,Physical Store
TXN000818,2025-10-02 13:10:00,ST005,PRD0132,CUST0816,3,8197.06,Online,Physical Store
TXN000819,2025-05-26 21:36:00,ST004,PRD0134,CUST0223,1,16453.67,Card,Physical Store
TXN000820,2025-02-14 16:54:00,ST005,PRD0255,CUST0412,2,5769.03,Cash,Physical Store
TXN000821,2025-08-29 15:06:00,ST004,PRD0058,CUST0469,1,9174.14,Card,Physical Store
TXN000822,2025-02-12 20:44:00,ST005,PRD0035,CUST0496,4,12242.79,Online,Physical Store
TXN000823,2025-08-13 19:09:00,ST002,PRD0227,CUST0085,5,17168.54,Card,Physical Store
TXN000824,2025-06-12 08:36:00,ST003,PRD0008,CUST0313,3,18695.07,Card,Physical Store
TXN000825,2025-06-29 15:12:00,ST004,PRD0330,CUST0116,4,17208.76,Card,Physical Store
TXN000826,2025-05-30 16:04:00,ST003,PRD0116,CUST0377,2,18307.89,Mobile Wallet,Physical Store
TXN000827,2025-01-13 21:28:00,ST005,PRD0036,CUST0504,5,5751.78,Online,Physical Store
TXN000828,2025-10-13 10:09:00,ST001,PRD0281,CUST0651,1,4870.82,Cash,Physical Store
TXN000829,2025-07-29 16:34:00,ST003,PRD0009,CUST0348,3,2429.12,Cash,Physical Store
TXN000830,2025-03-15 09:43:00,ST001,PRD0120,CUST0013,4,14398.39,Cash,Physical Store
TXN000831,2025-07-18 20:36:00,ST005,PRD0062,CUST0460,1,3706.43,Cash,Physical Store
TXN000832,2025-01-11 18:52:00,ST006,PRD0244,CUST0791,3,14144.2,Mobile Wallet,Physical Store
TXN000833,2025-08-19 19:15:00,ST006,PRD0252,CUST0513,3,6953.84,Mobile Wallet,Physical Store
TXN000834,2025-09-03 10:29:00,ST002,PRD0275,CUST0738,2,837.23,Online,Physical Store
TXN000835,2025-11-23 19:11:00,ST003,PRD0199,CUST0527,2,10404.09,Cash,Physical Store
TXN000836,2025-08-10 20:19:00,ST004,PRD0074,CUST0088,4,11205.61,Card,Physical Store
TXN000837,2025-07-25 10:53:00,ST004,PRD0321,CUST0723,2,11771.0,Mobile Wallet,Physical Store
TXN000838,2025-08-02 15:46:00,ST004,PRD0232,CUST0910,4,14516.97,Online,Physical Store
TXN000839,2025-06-22 13:42:00,ST002,PRD0205,CUST0273,5,9509.22,Card,Physical Store
TXN000840,2025-04-22 19:12:00,ST003,PRD0292,CUST0399,5,7767.01,Mobile Wallet,Physical Store
TXN000841,2025-10-08 21:48:00,ST002,PRD0210,CUST0768,3,17734.18,Mobile Wallet,Physical Store
TXN000842,2025-03-14 15:06:00,ST005,PRD0278,CUST0927,3,7489.54,Mobile Wallet,Physical Store
TXN000843,2025-01-27 11:13:00,ST005,PRD0173,CUST0321,4,8871.76,Mobile Wallet,Physical Store
TXN000844,2025-04-03 15:01:00,ST006,PRD0106,CUST0791,5,11908.0,Card,Physical Store
TXN000845,2025-05-20 19:43:00,ST005,PRD0289,CUST0320,4,9318.7,Card,Physical Store
TXN000846,2025-03-19 14:20:00,ST004,PRD0240,CUST0504,2,5346.51,Online,Physical Store
TXN000847,2025-11-09 20:39:00,ST001,PRD0272,CUST0073,1,9997.42,Cash,Physical Store
TXN000848,2025-01-11 08:58:00,ST003,PRD0028,CUST0679,1,9297.13,Online,Physical Store
TXN000849,2025-04-14 19:09:00,ST003,PRD0110,CUST0630,1,5481.63,Online,Physical Store
TXN000850,2025-10-26 21:28:00,ST003,PRD0244,CUST0694,2,14144.2,Online,Physical Store
TXN000851,2025-02-21 20:35:00,ST004,PRD0082,CUST0312,2,20809.35,Cash,Physical Store
TXN000852,2025-09-30 17:26:00,ST006,PRD0082,CUST0962,3,20809.35,Card,Physical Store
TXN000853,2025-02-28 18:09:00,ST002,PRD0228,CUST0199,1,11198.46,Mobile Wallet,Physical Store
TXN000854,2025-08-31 14:30:00,ST006,PRD0088,CUST0041,5,2632.29,Online,Physical Store
TXN000855,2025-08-14 17:36:00,ST004,PRD0094,CUST0917,1,19664.63,Online,Physical Store
TXN000856,2025-06-23 09:56:00,ST002,PRD0190,CUST0142,2,5190.85,Online,Physical Store
TXN000857,2025-12-13 14:58:00,ST006,PRD0077,CUST0228,2,22335.09,Online,Physical Store
TXN000858,2025-05-30 19:50:00,ST004,PRD0043,CUST0727,5,8647.43,Cash,Physical Store
TXN000859,2025-11-15 17:26:00,ST002,PRD0087,CUST0748,3,901.59,Online,Physical Store
TXN000860,2025-09-24 08:31:00,ST006,PRD0164,CUST0342,1,12166.75,Card,Physical Store
TXN000861,2025-12-25 12:16:00,ST001,PRD0230,CUST0887,3,17471.77,Online,Physical Store
TXN000862,2025-12-03 15:42:00,ST001,PRD0042,CUST0682,5,21532.78,Card,Physical Store
TXN000863,2025-11-16 08:47:00,ST004,PRD0294,CUST0040,3,2896.16,Card,Physical Store
TXN000864,2025-08-29 14:24:00,ST003,PRD0019,CUST0554,4,7427.25,Online,Physical Store
TXN000865,2025-09-20 21:50:00,ST002,PRD0218,CUST0834,3,17938.6,Online,Physical Store
TXN000866,2025-05-14 16:12:00,ST001,PRD0251,CUST0577,3,6655.05,Mobile Wallet,Physical Store
TXN000867,2025-12-10 09:51:00,ST001,PRD0164,CUST1043,1,12166.75,Card,Physical Store
TXN000868,2025-02-24 11:04:00,ST002,PRD0091,CUST0765,1,17670.77,Card,Physical Store
TXN000869,2025-02-14 21:04:00,ST005,PRD0005,CUST0028,3,13674.28,Cash,Physical Store
TXN000870,2025-03-21 17:40:00,ST005,PRD0236,CUST0678,1,16144.93,Cash,Physical Store
TXN000871,2025-01-29 19:08:00,ST001,PRD0103,CUST0167,2,9758.61,Cash,Physical Store
TXN000872,2025-01-02 14:50:00,ST006,PRD0120,CUST0431,1,14398.39,Cash,Physical Store
TXN000873,2025-07-18 13:40:00,ST002,PRD0272,CUST0395,4,9997.42,Mobile Wallet,Physical Store
TXN000874,2025-11-06 19:11:00,ST001,PRD0241,CUST0590,5,5942.64,Mobile Wallet,Physical Store
TXN000875,2025-04-05 16:00:00,ST003,PRD0041,CUST0361,2,16598.91,Card,Physical Store
TXN000876,2025-10-05 17:12:00,ST002,PRD0064,CUST0156,2,1220.74,Online,Physical Store
TXN000877,2025-04-27 10:25:00,ST004,PRD0326,CUST0608,5,8972.53,Online,Physical Store
TXN000878,2025-04-22 14:16:00,ST001,PRD0177,CUST0494,5,6812.39,Online,Physical Store
TXN000879,2025-05-25 20:10:00,ST004,PRD0034,CUST0127,1,9530.33,Online,Physical Store
TXN000880,2025-01-31 17:48:00,ST001,PRD0221,CUST0164,4,6401.8,Cash,Physical Store
TXN000881,2025-06-13 17:49:00,ST003,PRD0186,CUST0135,5,12858.14,Online,Physical Store
TXN000882,2025-08-19 13:47:00,ST003,PRD0246,CUST0759,4,437.82,Mobile Wallet,Physical Store
TXN000883,2025-06-10 16:47:00,ST002,PRD0098,CUST0468,5,620.21,Cash,Physical Store
TXN000884,2025-12-20 13:26:00,ST004,PRD0239,CUST0946,3,12672.74,Mobile Wallet,Physical Store
TXN000885,2025-08-26 15:09:00,ST001,PRD0073,CUST0790,4,13155.27,Card,Physical Store
TXN000886,2025-06-12 14:55:00,ST003,PRD0324,CUST0306,4,10127.07,Cash,Physical Store
TXN000887,2025-08-11 20:52:00,ST002,PRD0089,CUST0310,5,4127.23,Card,Physical Store
TXN000888,2025-02-18 08:25:00,ST003,PRD0242,CUST0307,3,11290.47,Card,Physical Store
TXN000889,2025-01-12 15:25:00,ST003,PRD0082,CUST0622,5,20809.35,Card,Physical Store
TXN000890,2025-04-08 15:38:00,ST002,PRD0256,CUST0887,4,2281.57,Mobile Wallet,Physical Store
TXN000891,2025-12-07 08:22:00,ST006,PRD0055,CUST0138,3,18651.16,Mobile Wallet,Physical Store
TXN000892,2025-11-08 12:09:00,ST004,PRD0121,CUST1013,2,11401.01,Mobile Wallet,Physical Store
TXN000893,2025-01-07 12:40:00,ST006,PRD0082,CUST0694,3,20809.35,Mobile Wallet,Physical Store
TXN000894,2025-11-10 09:38:00,ST006,PRD0067,CUST0578,3,2993.21,Online,Physical Store
TXN000895,2025-12-19 21:08:00,ST001,PRD0190,CUST0970,1,5190.85,Mobile Wallet,Physical Store
TXN000896,2025-07-09 14:15:00,ST003,PRD0108,CUST0669,2,7369.56,Mobile Wallet,Physical Store
TXN000897,2025-05-24 16:21:00,ST002,PRD0296,CUST0679,2,10919.63,Online,Physical Store
TXN000898,2025-11-20 17:58:00,ST004,PRD0118,CUST0486,2,21036.15,Mobile Wallet,Physical Store
TXN000899,2025-01-10 13:32:00,ST005,PRD0049,CUST0787,2,17860.23,Online,Physical Store
TXN000900,2025-02-11 16:31:00,ST004,PRD0237,CUST0545,1,1672.14,Mobile Wallet,Physical Store
TXN000901,2025-04-09 20:49:00,ST001,PRD0142,CUST0294,3,1184.22,Mobile Wallet,Physical Store
TXN000902,2025-05-07 11:40:00,ST005,PRD0002,CUST0671,3,5132.62,Mobile Wallet,Physical Store
TXN000903,2025-10-15 10:50:00,ST003,PRD0140,CUST0656,4,12592.3,Card,Physical Store
TXN000904,2025-11-27 11:59:00,ST006,PRD0306,CUST0247,3,2327.28,Cash,Physical Store
TXN000905,2025-04-10 16:51:00,ST004,PRD0259,CUST0579,2,7839.33,Mobile Wallet,Physical Store
TXN000906,2025-12-25 21:54:00,ST002,PRD0006,CUST0611,3,13477.68,Card,Physical Store
TXN000907,2025-06-01 08:01:00,ST003,PRD0334,CUST0864,1,9286.96,Mobile Wallet,Physical Store
TXN000908,2025-03-17 15:40:00,ST004,PRD0196,CUST0322,5,14688.58,Online,Physical Store
TXN000909,2025-02-25 12:29:00,ST004,PRD0142,CUST0406,5,1184.22,Online,Physical Store
TXN000910,2025-03-25 17:08:00,ST001,PRD0166,CUST0035,1,15634.98,Online,Physical Store
TXN000911,2025-10-10 15:23:00,ST005,PRD0073,CUST0646,4,13155.27,Cash,Physical Store
TXN000912,2025-11-18 14:41:00,ST003,PRD0166,CUST0811,2,15634.98,Cash,Physical Store
TXN000913,2025-11-26 12:20:00,ST001,PRD0290,CUST0081,5,1192.9,Card,Physical Store
TXN000914,2025-09-12 09:59:00,ST001,PRD0035,CUST0287,2,12242.79,Card,Physical Store
TXN000915,2025-05-01 09:48:00,ST001,PRD0185,CUST0732,3,17940.87,Mobile Wallet,Physical Store
TXN000916,2025-06-25 20:04:00,ST001,PRD0253,CUST0821,5,17101.61,Mobile Wallet,Physical Store
TXN000917,2025-11-25 20:25:00,ST004,PRD0080,CUST0184,2,5394.99,Card,Physical Store
TXN000918,2025-03-01 20:58:00,ST001,PRD0134,CUST0466,2,16453.67,Cash,Physical Store
TXN000919,2025-01-27 18:53:00,ST001,PRD0116,CUST0981,1,18307.89,Card,Physical Store
TXN000920,2025-04-30 10:55:00,ST003,PRD0071,CUST1026,3,3015.69,Mobile Wallet,Physical Store
TXN000921,2025-11-21 18:25:00,ST004,PRD0010,CUST1045,3,15285.57,Cash,Physical Store
TXN000922,2025-12-09 19:44:00,ST002,PRD0213,CUST0140,1,2681.49,Cash,Physical Store
TXN000923,2025-04-17 11:37:00,ST006,PRD0252,CUST0015,3,6953.84,Cash,Physical Store
TXN000924,2025-10-25 13:32:00,ST002,PRD0085,CUST0814,2,15600.74,Cash,Physical Store
TXN000925,2025-11-18 19:39:00,ST003,PRD0145,CUST0545,5,10608.78,Mobile Wallet,Physical Store
TXN000926,2025-03-23 21:12:00,ST002,PRD0312,CUST0525,3,6604.88,Online,Physical Store
TXN000927,2025-05-14 14:07:00,ST001,PRD0334,CUST0585,4,9286.96,Mobile Wallet,Physical Store
TXN000928,2025-11-05 18:42:00,ST002,PRD0263,CUST0831,2,3550.61,Cash,Physical Store
TXN000929,2025-01-22 14:51:00,ST005,PRD0055,CUST0422,2,18651.16,Online,Physical Store
TXN000930,2025-12-20 18:13:00,ST004,PRD0304,CUST0622,3,2572.59,Cash,Physical Store
TXN000931,2025-11-28 18:14:00,ST005,PRD0291,CUST0517,2,11295.17,Cash,Physical Store
TXN000932,2025-06-08 08:13:00,ST004,PRD0093,CUST0684,2,4406.01,Mobile Wallet,Physical Store
TXN000933,2025-06-17 15:25:00,ST004,PRD0309,CUST0339,4,20175.41,Online,Physical Store
TXN000934,2025-12-08 21:15:00,ST001,PRD0040,CUST0220,1,11363.76,Cash,Physical Store
TXN000935,2025-01-06 12:59:00,ST004,PRD0001,CUST0622,4,11200.87,Card,Physical Store
TXN000936,2025-02-19 08:23:00,ST006,PRD0111,CUST0391,4,20533.53,Online,Physical Store
TXN000937,2025-02-08 12:26:00,ST001,PRD0335,CUST0046,3,8481.29,Cash,Physical Store
TXN000938,2025-06-04 10:16:00,ST006,PRD0234,CUST0420,1,15054.11,Cash,Physical Store
TXN000939,2025-09-01 10:00:00,ST004,PRD0058,CUST0177,2,9174.14,Online,Physical Store
TXN000940,2025-05-19 08:44:00,ST006,PRD0289,CUST0983,1,9318.7,Card,Physical Store
TXN000941,2025-04-21 09:25:00,ST004,PRD0194,CUST0062,1,16959.55,Mobile Wallet,Physical Store
TXN000942,2025-08-27 14:11:00,ST003,PRD0007,CUST0091,1,13705.32,Online,Physical Store
TXN000943,2025-09-03 11:51:00,ST002,PRD0137,CUST0050,3,4588.15,Card,Physical Store
TXN000944,2025-12-20 15:51:00,ST004,PRD0001,CUST0091,5,11200.87,Mobile Wallet,Physical Store
TXN000945,2025-04-29 19:54:00,ST001,PRD0025,CUST0587,3,5447.28,Online,Physical Store
TXN000946,2025-08-22 21:30:00,ST006,PRD0279,CUST0336,3,1882.31,Online,Physical Store
TXN000947,2025-10-10 16:09:00,ST002,PRD0165,CUST0711,4,15750.95,Mobile Wallet,Physical Store
TXN000948,2025-07-10 15:22:00,ST006,PRD0150,CUST0303,4,3759.79,Mobile Wallet,Physical Store
TXN000949,2025-07-04 14:05:00,ST003,PRD0309,CUST0519,2,20175.41,Online,Physical Store
TXN000950,2025-11-27 15:28:00,ST003,PRD0277,CUST0337,1,8719.93,Card,Physical Store
TXN000951,2025-11-03 13:34:00,ST002,PRD0324,CUST0327,5,10127.07,Card,Physical Store
TXN000952,2025-12-21 14:05:00,ST005,PRD0215,CUST0230,5,3497.38,Cash,Physical Store
TXN000953,2025-09-24 09:36:00,ST006,PRD0003,CUST0522,5,7463.9,Card,Physical Store
TXN000954,2025-04-27 18:45:00,ST003,PRD0172,CUST1002,1,20895.21,Online,Physical Store
TXN000955,2025-10-08 14:33:00,ST003,PRD0202,CUST0449,5,17402.33,Mobile Wallet,Physical Store
TXN000956,2025-12-19 20:06:00,ST006,PRD0116,CUST0930,2,18307.89,Card,Physical Store
TXN000957,2025-01-01 20:32:00,ST001,PRD0056,CUST1015,2,13701.85,Online,Physical Store
TXN000958,2025-05-04 20:25:00,ST006,PRD0156,CUST0429,5,7788.01,Cash,Physical Store
TXN000959,2025-04-08 08:01:00,ST002,PRD0016,CUST0606,1,20268.14,Card,Physical Store
TXN000960,2025-12-15 09:04:00,ST004,PRD0130,CUST0927,1,15909.47,Online,Physical Store
TXN000961,2025-12-05 14:00:00,ST004,PRD0306,CUST0615,3,2327.28,Online,Physical Store
TXN000962,2025-04-17 12:27:00,ST005,PRD0318,CUST0980,5,9023.94,Cash,Physical Store
TXN000963,2025-12-14 15:02:00,ST001,PRD0256,CUST0655,3,2281.57,Online,Physical Store
TXN000964,2025-12-25 15:55:00,ST006,PRD0197,CUST0201,4,13667.49,Online,Physical Store
TXN000965,2025-12-17 15:01:00,ST001,PRD0195,CUST0080,4,2320.2,Mobile Wallet,Physical Store
TXN000966,2025-05-10 16:05:00,ST004,PRD0043,CUST0503,1,8647.43,Mobile Wallet,Physical Store
TXN000967,2025-06-22 11:38:00,ST003,PRD0241,CUST0071,3,5942.64,Mobile Wallet,Physical Store
TXN000968,2025-04-21 17:26:00,ST005,PRD0049,CUST0022,2,17860.23,Cash,Physical Store
TXN000969,2025-09-17 15:04:00,ST003,PRD0258,CUST0372,4,3276.89,Mobile Wallet,Physical Store
TXN000970,2025-10-02 18:46:00,ST001,PRD0025,CUST0519,5,5447.28,Mobile Wallet,Physical Store
TXN000971,2025-03-31 15:18:00,ST005,PRD0084,CUST0082,3,16667.34,Online,Physical Store
TXN000972,2025-08-07 09:43:00,ST004,PRD0080,CUST0158,2,5394.99,Mobile Wallet,Physical Store
TXN000973,2025-05-08 08:24:00,ST001,PRD0335,CUST0362,4,8481.29,Online,Physical Store
TXN000974,2025-04-04 11:21:00,ST006,PRD0299,CUST1011,2,8975.12,Mobile Wallet,Physical Store
TXN000975,2025-12-25 09:06:00,ST006,PRD0085,CUST0286,2,15600.74,Cash,Physical Store
TXN000976,2025-08-13 15:23:00,ST006,PRD0221,CUST0043,5,6401.8,Online,Physical Store
TXN000977,2025-11-22 16:06:00,ST003,PRD0215,CUST0971,1,3497.38,Mobile Wallet,Physical Store
TXN000978,2025-10-13 19:27:00,ST003,PRD0035,CUST0134,1,12242.79,Online,Physical Store
TXN000979,2025-09-01 14:32:00,ST001,PRD0125,CUST0282,1,13628.37,Card,Physical Store
TXN000980,2025-02-14 17:11:00,ST003,PRD0101,CUST0914,5,2955.72,Online,Physical Store
TXN000981,2025-09-02 09:50:00,ST005,PRD0095,CUST0847,1,14194.94,Cash,Physical Store
TXN000982,2025-04-29 11:09:00,ST001,PRD0154,CUST0273,4,13504.25,Online,Physical Store
TXN000983,2025-01-31 16:50:00,ST006,PRD0007,CUST0231,5,13705.32,Online,Physical Store
TXN000984,2025-10-27 16:00:00,ST002,PRD0156,CUST0281,3,7788.01,Mobile Wallet,Physical Store
TXN000985,2025-04-20 11:42:00,ST002,PRD0244,CUST0980,4,14144.2,Cash,Physical Store
TXN000986,2025-03-30 14:35:00,ST006,PRD0325,CUST0146,2,10102.17,Card,Physical Store
TXN000987,2025-09-19 10:55:00,ST001,PRD0035,CUST0979,5,12242.79,Card,Physical Store
TXN000988,2025-05-07 18:48:00,ST003,PRD0212,CUST0741,2,7877.4,Mobile Wallet,Physical Store
TXN000989,2025-01-31 20:27:00,ST001,PRD0022,CUST0657,4,13125.31,Card,Physical Store
TXN000990,2025-12-10 19:59:00,ST005,PRD0192,CUST0801,4,812.19,Card,Physical Store
TXN000991,2025-03-07 15:39:00,ST002,PRD0261,CUST0833,2,21613.13,Online,Physical Store
TXN000992,2025-09-12 20:04:00,ST001,PRD0222,CUST0064,4,19331.27,Cash,Physical Store
TXN000993,2025-12-27 20:09:00,ST003,PRD0329,CUST0082,3,2156.83,Mobile Wallet,Physical Store
TXN000994,2025-05-24 15:41:00,ST005,PRD0175,CUST0622,5,4600.64,Online,Physical Store
TXN000995,2025-06-07 21:30:00,ST006,PRD0262,CUST0999,4,19768.74,Card,Physical Store
TXN000996,2025-08-29 13:05:00,ST005,PRD0251,CUST0702,5,6655.05,Cash,Physical Store
TXN000997,2025-05-09 18:17:00,ST005,PRD0139,CUST0592,5,3538.08,Card,Physical Store
TXN000998,2025-06-10 13:58:00,ST003,PRD0123,CUST0392,3,13170.98,Card,Physical Store
TXN000999,2025-06-21 16:43:00,ST005,PRD0211,CUST0571,3,11225.27,Mobile Wallet,Physical Store
TXN001000,2025-12-09 18:12:00,ST002,PRD0314,CUST0286,3,14001.37,Online,Physical Store
TXN001001,2025-12-31 16:35:00,ST005,PRD0165,CUST0419,4,15750.95,Card,Physical Store
TXN001002,2025-03-02 19:46:00,ST005,PRD0150,CUST0506,2,3759.79,Online,Physical Store
TXN001003,2025-04-04 18:51:00,ST004,PRD0255,CUST0768,2,5769.03,Mobile Wallet,Physical Store
TXN001004,2025-05-19 17:29:00,ST003,PRD0276,CUST0700,2,21897.23,Cash,Physical Store
TXN001005,2025-05-10 09:24:00,ST001,PRD0282,CUST0806,1,5174.17,Card,Physical Store
TXN001006,2025-05-11 15:29:00,ST005,PRD0282,CUST0568,5,5174.17,Mobile Wallet,Physical Store
TXN001007,2025-04-12 12:03:00,ST001,PRD0219,CUST1003,5,19961.51,Mobile Wallet,Physical Store
TXN001008,2025-08-12 14:20:00,ST001,PRD0062,CUST0287,2,3706.43,Online,Physical Store
TXN001009,2025-01-28 08:54:00,ST005,PRD0036,CUST0569,1,5751.78,Online,Physical Store
TXN001010,2025-03-07 20:06:00,ST006,PRD0217,CUST0420,1,20488.83,Cash,Physical Store
TXN001011,2025-01-06 09:21:00,ST004,PRD0320,CUST0568,3,8347.21,Card,Physical Store
TXN001012,2025-04-29 11:39:00,ST003,PRD0310,CUST0547,5,21244.72,Card,Physical Store
TXN001013,2025-03-19 08:35:00,ST002,PRD0300,CUST0649,2,6059.15,Mobile Wallet,Physical Store
TXN001014,2025-04-15 16:39:00,ST005,PRD0009,CUST0329,1,2429.12,Online,Physical Store
TXN001015,2025-09-06 09:06:00,ST002,PRD0127,CUST0833,2,5043.76,Mobile Wallet,Physical Store
TXN001016,2025-11-09 10:57:00,ST001,PRD0089,CUST0452,3,4127.23,Cash,Physical Store
TXN001017,2025-05-03 18:19:00,ST002,PRD0223,CUST0792,4,16691.47,Card,Physical Store
TXN001018,2025-02-21 21:05:00,ST002,PRD0210,CUST0910,4,17734.18,Mobile Wallet,Physical Store
TXN001019,2025-11-11 20:24:00,ST006,PRD0012,CUST0557,2,3550.38,Mobile Wallet,Physical Store
TXN001020,2025-08-12 20:56:00,ST001,PRD0269,CUST0702,3,6185.21,Mobile Wallet,Physical Store
TXN001021,2025-09-17 17:24:00,ST002,PRD0227,CUST0421,3,17168.54,Cash,Physical Store
TXN001022,2025-11-04 21:44:00,ST002,PRD0194,CUST0345,4,16959.55,Card,Physical Store
TXN001023,2025-06-10 13:25:00,ST002,PRD0141,CUST0510,3,11741.07,Mobile Wallet,Physical Store
TXN001024,2025-11-04 15:01:00,ST004,PRD0289,CUST0500,1,9318.7,Cash,Physical Store
TXN001025,2025-07-19 17:22:00,ST004,PRD0185,CUST0781,1,17940.87,Mobile Wallet,Physical Store
TXN001026,2025-08-17 14:05:00,ST002,PRD0224,CUST0523,3,9276.41,Online,Physical Store
TXN001027,2025-07-07 12:30:00,ST005,PRD0081,CUST0346,2,15889.25,Card,Physical Store
TXN001028,2025-01-19 14:23:00,ST006,PRD0025,CUST0469,1,5447.28,Card,Physical Store
TXN001029,2025-02-17 17:44:00,ST001,PRD0284,CUST0103,3,20638.42,Online,Physical Store
TXN001030,2025-08-20 10:18:00,ST002,PRD0073,CUST0893,3,13155.27,Card,Physical Store
TXN001031,2025-07-29 12:10:00,ST001,PRD0267,CUST0137,2,13855.01,Cash,Physical Store
TXN001032,2025-10-21 18:50:00,ST004,PRD0091,CUST0591,5,17670.77,Mobile Wallet,Physical Store
TXN001033,2025-03-27 11:01:00,ST001,PRD0101,CUST0158,1,2955.72,Online,Physical Store
TXN001034,2025-04-02 16:07:00,ST002,PRD0237,CUST0756,2,1672.14,Card,Physical Store
TXN001035,2025-05-06 20:00:00,ST005,PRD0167,CUST0352,3,474.16,Cash,Physical Store
TXN001036,2025-09-14 16:57:00,ST002,PRD0030,CUST0807,2,19772.8,Cash,Physical Store
TXN001037,2025-08-29 10:54:00,ST003,PRD0068,CUST0496,5,12827.93,Online,Physical Store
TXN001038,2025-08-25 11:29:00,ST002,PRD0090,CUST0226,2,18163.73,Cash,Physical Store
TXN001039,2025-02-04 14:08:00,ST005,PRD0001,CUST0589,4,11200.87,Mobile Wallet,Physical Store
TXN001040,2025-12-13 20:25:00,ST004,PRD0282,CUST0828,5,5174.17,Online,Physical Store
TXN001041,2025-11-07 17:45:00,ST004,PRD0208,CUST0515,5,826.73,Card,Physical Store
TXN001042,2025-09-15 21:31:00,ST001,PRD0065,CUST0075,2,17099.96,Online,Physical Store
TXN001043,2025-06-02 09:38:00,ST003,PRD0212,CUST0784,4,7877.4,Online,Physical Store
TXN001044,2025-01-13 13:31:00,ST004,PRD0102,CUST0033,2,18335.61,Card,Physical Store
TXN001045,2025-08-19 21:37:00,ST002,PRD0072,CUST0619,4,21910.16,Card,Physical Store
TXN001046,2025-01-09 11:57:00,ST004,PRD0225,CUST0518,4,15148.9,Mobile Wallet,Physical Store
TXN001047,2025-12-31 15:23:00,ST004,PRD0105,CUST0949,2,3477.95,Cash,Physical Store
TXN001048,2025-05-06 10:57:00,ST003,PRD0328,CUST0208,3,8691.06,Cash,Physical Store
TXN001049,2025-06-29 15:58:00,ST005,PRD0198,CUST0888,1,2914.92,Online,Physical Store
TXN001050,2025-07-01 21:32:00,ST004,PRD0283,CUST0978,1,16821.68,Cash,Physical Store
TXN001051,2025-06-30 13:12:00,ST001,PRD0159,CUST1038,2,2977.17,Cash,Physical Store
TXN001052,2025-03-16 19:45:00,ST001,PRD0288,CUST0553,1,2165.9,Card,Physical Store
TXN001053,2025-11-19 16:23:00,ST003,PRD0013,CUST0919,4,22686.55,Mobile Wallet,Physical Store
TXN001054,2025-06-27 17:20:00,ST005,PRD0146,CUST0754,1,4109.1,Cash,Physical Store
TXN001055,2025-08-13 20:31:00,ST006,PRD0222,CUST0075,5,19331.27,Cash,Physical Store
TXN001056,2025-03-20 21:24:00,ST002,PRD0170,CUST0901,3,1914.37,Card,Physical Store
TXN001057,2025-04-11 09:39:00,ST002,PRD0197,CUST0565,4,13667.49,Cash,Physical Store
TXN001058,2025-01-23 12:00:00,ST005,PRD0069,CUST0399,4,12214.5,Card,Physical Store
TXN001059,2025-08-02 20:52:00,ST005,PRD0078,CUST0875,5,15781.51,Online,Physical Store
TXN001060,2025-04-18 08:04:00,ST006,PRD0084,CUST0077,3,16667.34,Mobile Wallet,Physical Store
TXN001061,2025-02-03 11:29:00,ST001,PRD0085,CUST1011,1,15600.74,Mobile Wallet,Physical Store
TXN001062,2025-06-25 17:46:00,ST005,PRD0191,CUST0961,3,9077.42,Online,Physical Store
TXN001063,2025-11-20 18:20:00,ST005,PRD0270,CUST0319,5,18277.44,Online,Physical Store
TXN001064,2025-11-01 20:57:00,ST004,PRD0126,CUST0464,1,8272.6,Mobile Wallet,Physical Store
TXN001065,2025-05-20 13:32:00,ST001,PRD0154,CUST1022,4,13504.25,Online,Physical Store
TXN001066,2025-05-12 09:52:00,ST002,PRD0076,CUST0458,2,3801.59,Mobile Wallet,Physical Store
TXN001067,2025-03-20 09:44:00,ST004,PRD0278,CUST1036,3,7489.54,Mobile Wallet,Physical Store
TXN001068,2025-08-03 17:21:00,ST002,PRD0154,CUST0167,2,13504.25,Mobile Wallet,Physical Store
TXN001069,2025-12-06 09:49:00,ST004,PRD0161,CUST0117,4,9788.18,Mobile Wallet,Physical Store
TXN001070,2025-03-20 14:30:00,ST001,PRD0016,CUST0684,3,20268.14,Online,Physical Store
TXN001071,2025-05-01 15:56:00,ST002,PRD0252,CUST0812,5,6953.84,Mobile Wallet,Physical Store
TXN001072,2025-08-09 21:15:00,ST002,PRD0147,CUST0499,5,17668.05,Online,Physical Store
TXN001073,2025-03-23 17:20:00,ST001,PRD0304,CUST0772,1,2572.59,Cash,Physical Store
TXN001074,2025-02-12 20:47:00,ST004,PRD0005,CUST0308,5,13674.28,Mobile Wallet,Physical Store
TXN001075,2025-02-17 20:51:00,ST001,PRD0332,CUST0312,1,7226.95,Mobile Wallet,Physical Store
TXN001076,2025-04-01 08:08:00,ST006,PRD0150,CUST0752,3,3759.79,Cash,Physical Store
TXN001077,2025-01-21 10:57:00,ST001,PRD0159,CUST0677,1,2977.17,Cash,Physical Store
TXN001078,2025-01-21 17:00:00,ST004,PRD0099,CUST0349,4,20583.54,Cash,Physical Store
TXN001079,2025-05-17 17:18:00,ST003,PRD0316,CUST0147,5,13933.6,Card,Physical Store
TXN001080,2025-02-03 15:38:00,ST001,PRD0134,CUST0323,5,16453.67,Mobile Wallet,Physical Store
TXN001081,2025-11-07 11:44:00,ST003,PRD0146,CUST0066,4,4109.1,Card,Physical Store
TXN001082,2025-12-22 15:51:00,ST003,PRD0232,CUST0735,5,14516.97,Online,Physical Store
TXN001083,2025-12-01 19:52:00,ST003,PRD0206,CUST0857,2,2082.08,Online,Physical Store
TXN001084,2025-04-18 11:29:00,ST001,PRD0077,CUST0318,1,22335.09,Cash,Physical Store
TXN001085,2025-10-28 09:09:00,ST002,PRD0056,CUST0920,2,13701.85,Cash,Physical Store
TXN001086,2025-05-25 20:21:00,ST004,PRD0164,CUST0490,4,12166.75,Mobile Wallet,Physical Store
TXN001087,2025-03-04 18:42:00,ST004,PRD0283,CUST0620,2,16821.68,Cash,Physical Store
TXN001088,2025-07-06 10:25:00,ST001,PRD0099,CUST0707,1,20583.54,Cash,Physical Store
TXN001089,2025-05-10 14:11:00,ST006,PRD0255,CUST0950,4,5769.03,Online,Physical Store
TXN001090,2025-08-19 10:52:00,ST005,PRD0168,CUST0865,3,14853.54,Card,Physical Store
TXN001091,2025-01-04 21:50:00,ST001,PRD0085,CUST0514,4,15600.74,Mobile Wallet,Physical Store
TXN001092,2025-06-21 10:02:00,ST005,PRD0072,CUST0492,5,21910.16,Mobile Wallet,Physical Store
TXN001093,2025-05-23 11:46:00,ST001,PRD0093,CUST0856,1,4406.01,Online,Physical Store
TXN001094,2025-12-31 13:51:00,ST001,PRD0315,CUST0764,3,6862.13,Cash,Physical Store
TXN001095,2025-09-05 20:52:00,ST002,PRD0257,CUST0414,2,13818.08,Online,Physical Store
TXN001096,2025-12-15 18:54:00,ST004,PRD0259,CUST0561,5,7839.33,Card,Physical Store
TXN001097,2025-08-11 20:46:00,ST005,PRD0021,CUST0932,5,1768.36,Online,Physical Store
TXN001098,2025-10-03 20:29:00,ST001,PRD0023,CUST0583,3,5149.18,Mobile Wallet,Physical Store
TXN001099,2025-10-29 18:50:00,ST004,PRD0033,CUST0972,4,21125.63,Card,Physical Store
TXN001100,2025-06-11 21:37:00,ST003,PRD0115,CUST0921,3,3172.29,Cash,Physical Store
TXN001101,2025-04-28 18:57:00,ST003,PRD0297,CUST0521,4,14685.23,Cash,Physical Store
TXN001102,2025-09-29 11:02:00,ST004,PRD0114,CUST0921,2,9757.31,Cash,Physical Store
TXN001103,2025-08-09 08:04:00,ST005,PRD0141,CUST0854,1,11741.07,Online,Physical Store
TXN001104,2025-11-04 18:03:00,ST006,PRD0255,CUST0438,5,5769.03,Online,Physical Store
TXN001105,2025-03-01 21:15:00,ST005,PRD0200,CUST0673,2,997.46,Card,Physical Store
TXN001106,2025-01-08 18:27:00,ST004,PRD0041,CUST0674,2,16598.91,Cash,Physical Store
TXN001107,2025-02-20 10:59:00,ST006,PRD0133,CUST0347,3,1638.63,Online,Physical Store
TXN001108,2025-08-01 10:57:00,ST003,PRD0219,CUST0418,2,19961.51,Cash,Physical Store
TXN001109,2025-05-28 12:34:00,ST002,PRD0281,CUST0141,1,4870.82,Cash,Physical Store
TXN001110,2025-01-02 11:04:00,ST004,PRD0139,CUST0367,1,3538.08,Online,Physical Store
TXN001111,2025-03-04 16:49:00,ST001,PRD0274,CUST0953,5,2220.38,Mobile Wallet,Physical Store
TXN001112,2025-12-09 17:17:00,ST003,PRD0043,CUST0730,1,8647.43,Card,Physical Store
TXN001113,2025-07-18 20:12:00,ST005,PRD0280,CUST0513,1,14906.05,Cash,Physical Store
TXN001114,2025-02-02 10:09:00,ST006,PRD0176,CUST0329,5,16060.03,Card,Physical Store
TXN001115,2025-09-03 20:40:00,ST004,PRD0180,CUST0062,3,18463.04,Mobile Wallet,Physical Store
TXN001116,2025-02-23 20:32:00,ST002,PRD0207,CUST0435,2,10872.38,Mobile Wallet,Physical Store
TXN001117,2025-10-28 19:44:00,ST005,PRD0035,CUST0465,4,12242.79,Mobile Wallet,Physical Store
TXN001118,2025-07-18 13:41:00,ST001,PRD0189,CUST0408,1,11978.82,Mobile Wallet,Physical Store
TXN001119,2025-04-07 08:36:00,ST006,PRD0182,CUST0036,3,19280.03,Online,Physical Store
TXN001120,2025-08-01 19:53:00,ST001,PRD0004,CUST0646,4,8894.11,Card,Physical Store
TXN001121,2025-02-19 17:33:00,ST002,PRD0288,CUST0239,5,2165.9,Mobile Wallet,Physical Store
TXN001122,2025-09-11 16:35:00,ST001,PRD0175,CUST0246,5,4600.64,Online,Physical Store
TXN001123,2025-05-06 12:34:00,ST001,PRD0218,CUST0601,1,17938.6,Cash,Physical Store
TXN001124,2025-06-03 18:08:00,ST003,PRD0133,CUST0778,2,1638.63,Online,Physical Store
TXN001125,2025-07-30 09:33:00,ST003,PRD0187,CUST0154,4,17512.81,Online,Physical Store
TXN001126,2025-07-28 08:01:00,ST006,PRD0146,CUST0672,2,4109.1,Cash,Physical Store
TXN001127,2025-03-12 16:38:00,ST001,PRD0307,CUST0206,3,11194.39,Cash,Physical Store
TXN001128,2025-05-16 20:21:00,ST005,PRD0163,CUST0254,2,16681.73,Card,Physical Store
TXN001129,2025-10-26 20:05:00,ST003,PRD0119,CUST0101,3,9036.76,Cash,Physical Store
TXN001130,2025-12-31 16:59:00,ST006,PRD0296,CUST0609,5,10919.63,Online,Physical Store
TXN001131,2025-02-21 14:48:00,ST001,PRD0021,CUST0639,4,1768.36,Online,Physical Store
TXN001132,2025-05-18 19:03:00,ST005,PRD0071,CUST0141,1,3015.69,Cash,Physical Store
TXN001133,2025-02-24 15:02:00,ST005,PRD0241,CUST0740,4,5942.64,Cash,Physical Store
TXN001134,2025-05-16 10:37:00,ST003,PRD0288,CUST0508,1,2165.9,Card,Physical Store
TXN001135,2025-04-05 18:58:00,ST004,PRD0292,CUST0213,1,7767.01,Card,Physical Store
TXN001136,2025-12-29 10:10:00,ST001,PRD0261,CUST0489,4,21613.13,Online,Physical Store
TXN001137,2025-10-23 20:46:00,ST002,PRD0097,CUST1009,5,7060.13,Cash,Physical Store
TXN001138,2025-08-09 11:39:00,ST003,PRD0199,CUST0395,5,10404.09,Online,Physical Store
TXN001139,2025-03-11 14:37:00,ST002,PRD0211,CUST0590,3,11225.27,Cash,Physical Store
TXN001140,2025-12-28 14:16:00,ST001,PRD0332,CUST1020,1,7226.95,Mobile Wallet,Physical Store
TXN001141,2025-10-30 11:47:00,ST002,PRD0130,CUST0263,5,15909.47,Cash,Physical Store
TXN001142,2025-12-10 11:08:00,ST006,PRD0021,CUST0473,2,1768.36,Cash,Physical Store
TXN001143,2025-02-06 18:25:00,ST001,PRD0069,CUST0447,3,12214.5,Cash,Physical Store
TXN001144,2025-11-30 11:45:00,ST001,PRD0057,CUST0029,4,21303.63,Online,Physical Store
TXN001145,2025-04-16 15:09:00,ST003,PRD0076,CUST0253,3,3801.59,Mobile Wallet,Physical Store
TXN001146,2025-07-13 18:33:00,ST006,PRD0141,CUST0909,2,11741.07,Card,Physical Store
TXN001147,2025-04-16 14:22:00,ST004,PRD0097,CUST0498,4,7060.13,Online,Physical Store
TXN001148,2025-08-12 08:16:00,ST002,PRD0002,CUST0888,4,5132.62,Cash,Physical Store
TXN001149,2025-01-31 19:29:00,ST004,PRD0269,CUST0593,2,6185.21,Cash,Physical Store
TXN001150,2025-05-28 10:18:00,ST001,PRD0144,CUST0363,4,17251.78,Mobile Wallet,Physical Store
TXN001151,2025-09-29 09:37:00,ST006,PRD0233,CUST0713,3,11296.41,Card,Physical Store
TXN001152,2025-08-19 11:44:00,ST003,PRD0142,CUST0977,4,1184.22,Card,Physical Store
TXN001153,2025-09-03 11:28:00,ST006,PRD0069,CUST0036,2,12214.5,Mobile Wallet,Physical Store
TXN001154,2025-07-16 11:35:00,ST003,PRD0261,CUST0297,1,21613.13,Online,Physical Store
TXN001155,2025-09-25 12:44:00,ST003,PRD0051,CUST0557,5,10472.7,Mobile Wallet,Physical Store
TXN001156,2025-01-11 09:36:00,ST003,PRD0055,CUST0495,3,18651.16,Card,Physical Store
TXN001157,2025-12-09 16:54:00,ST005,PRD0315,CUST0375,4,6862.13,Cash,Physical Store
TXN001158,2025-03-18 08:20:00,ST003,PRD0284,CUST0860,5,20638.42,Cash,Physical Store
TXN001159,2025-09-04 11:11:00,ST003,PRD0056,CUST0628,4,13701.85,Online,Physical Store
TXN001160,2025-10-28 11:40:00,ST004,PRD0206,CUST0731,1,2082.08,Mobile Wallet,Physical Store
TXN001161,2025-11-16 11:56:00,ST003,PRD0126,CUST0666,1,8272.6,Online,Physical Store
TXN001162,2025-08-30 20:15:00,ST002,PRD0273,CUST0683,4,13625.49,Mobile Wallet,Physical Store
TXN001163,2025-10-15 08:44:00,ST002,PRD0040,CUST0212,5,11363.76,Card,Physical Store
TXN001164,2025-07-30 21:02:00,ST005,PRD0105,CUST0957,4,3477.95,Cash,Physical Store
TXN001165,2025-02-22 18:35:00,ST006,PRD0226,CUST0278,2,18502.93,Card,Physical Store
TXN001166,2025-04-22 13:06:00,ST005,PRD0019,CUST0526,1,7427.25,Mobile Wallet,Physical Store
TXN001167,2025-03-03 12:41:00,ST001,PRD0302,CUST0922,2,9747.03,Online,Physical Store
TXN001168,2025-05-02 17:07:00,ST005,PRD0048,CUST0513,5,3322.36,Card,Physical Store
TXN001169,2025-01-23 15:44:00,ST004,PRD0142,CUST0343,1,1184.22,Card,Physical Store
TXN001170,2025-07-30 13:06:00,ST002,PRD0046,CUST1032,5,20894.04,Online,Physical Store
TXN001171,2025-01-01 14:44:00,ST005,PRD0179,CUST0731,4,20362.49,Card,Physical Store
TXN001172,2025-01-14 19:06:00,ST002,PRD0322,CUST0044,3,1196.67,Card,Physical Store
TXN001173,2025-03-22 11:47:00,ST002,PRD0024,CUST0368,2,13723.71,Card,Physical Store
TXN001174,2025-03-09 12:29:00,ST005,PRD0032,CUST0921,2,16689.25,Card,Physical Store
TXN001175,2025-01-17 09:46:00,ST006,PRD0105,CUST0751,3,3477.95,Mobile Wallet,Physical Store
TXN001176,2025-03-20 19:04:00,ST001,PRD0082,CUST0971,4,20809.35,Card,Physical Store
TXN001177,2025-07-11 08:34:00,ST001,PRD0090,CUST0861,1,18163.73,Card,Physical Store
TXN001178,2025-04-19 09:09:00,ST002,PRD0213,CUST0223,4,2681.49,Card,Physical Store
TXN001179,2025-05-17 19:33:00,ST002,PRD0285,CUST0676,4,11577.34,Card,Physical Store
TXN001180,2025-08-18 14:11:00,ST003,PRD0313,CUST0912,3,11708.67,Online,Physical Store
TXN001181,2025-11-07 11:59:00,ST003,PRD0011,CUST0402,4,12715.64,Mobile Wallet,Physical Store
TXN001182,2025-10-02 15:59:00,ST001,PRD0047,CUST0237,2,5346.17,Card,Physical Store
TXN001183,2025-12-25 16:54:00,ST006,PRD0058,CUST0982,4,9174.14,Card,Physical Store
TXN001184,2025-01-28 16:11:00,ST002,PRD0276,CUST0475,2,21897.23,Cash,Physical Store
TXN001185,2025-09-18 21:38:00,ST005,PRD0279,CUST0152,2,1882.31,Cash,Physical Store
TXN001186,2025-06-23 16:34:00,ST003,PRD0048,CUST0532,3,3322.36,Card,Physical Store
TXN001187,2025-04-02 08:27:00,ST002,PRD0252,CUST0421,2,6953.84,Cash,Physical Store
TXN001188,2025-09-23 10:39:00,ST006,PRD0227,CUST0147,4,17168.54,Cash,Physical Store
TXN001189,2025-06-14 15:10:00,ST001,PRD0142,CUST0692,1,1184.22,Cash,Physical Store
TXN001190,2025-01-14 20:42:00,ST003,PRD0013,CUST0063,1,22686.55,Card,Physical Store
TXN001191,2025-11-23 17:05:00,ST001,PRD0043,CUST0390,4,8647.43,Mobile Wallet,Physical Store
TXN001192,2025-10-03 18:23:00,ST003,PRD0030,CUST0053,2,19772.8,Online,Physical Store
TXN001193,2025-07-14 18:07:00,ST003,PRD0259,CUST0594,3,7839.33,Card,Physical Store
TXN001194,2025-02-13 16:52:00,ST004,PRD0076,CUST0977,3,3801.59,Cash,Physical Store
TXN001195,2025-03-19 10:52:00,ST001,PRD0148,CUST1027,5,2911.86,Online,Physical Store
TXN001196,2025-07-14 15:02:00,ST001,PRD0260,CUST0891,4,9674.14,Cash,Physical Store
TXN001197,2025-11-03 08:00:00,ST003,PRD0134,CUST0504,4,16453.67,Online,Physical Store
TXN001198,2025-02-15 13:46:00,ST002,PRD0265,CUST0564,5,10997.21,Mobile Wallet,Physical Store
TXN001199,2025-07-13 17:07:00,ST003,PRD0121,CUST0846,2,11401.01,Card,Physical Store
TXN001200,2025-06-14 13:42:00,ST002,PRD0026,CUST0750,3,17486.51,Mobile Wallet,Physical Store
TXN001201,2025-01-22 16:45:00,ST004,PRD0021,CUST0963,1,1768.36,Card,Physical Store
TXN001202,2025-05-04 14:38:00,ST003,PRD0315,CUST0943,5,6862.13,Cash,Physical Store
TXN001203,2025-11-16 20:40:00,ST001,PRD0270,CUST0379,2,18277.44,Cash,Physical Store
TXN001204,2025-05-18 20:03:00,ST005,PRD0063,CUST0803,3,13040.87,Cash,Physical Store
TXN001205,2025-10-12 16:47:00,ST006,PRD0003,CUST0536,3,7463.9,Card,Physical Store
TXN001206,2025-10-08 15:31:00,ST006,PRD0128,CUST0398,4,9239.11,Card,Physical Store
TXN001207,2025-09-28 18:04:00,ST002,PRD0205,CUST0549,2,9509.22,Cash,Physical Store
TXN001208,2025-03-14 19:25:00,ST005,PRD0317,CUST0605,2,13310.61,Online,Physical Store
TXN001209,2025-07-28 12:10:00,ST006,PRD0011,CUST0498,4,12715.64,Card,Physical Store
TXN001210,2025-07-08 19:46:00,ST001,PRD0271,CUST0883,2,2468.45,Online,Physical Store
TXN001211,2025-05-09 09:29:00,ST006,PRD0021,CUST0800,3,1768.36,Mobile Wallet,Physical Store
TXN001212,2025-03-22 13:48:00,ST002,PRD0192,CUST0596,1,812.19,Mobile Wallet,Physical Store
TXN001213,2025-04-28 19:43:00,ST006,PRD0189,CUST0697,5,11978.82,Card,Physical Store
TXN001214,2025-05-31 11:55:00,ST004,PRD0012,CUST0174,4,3550.38,Online,Physical Store
TXN001215,2025-07-30 20:17:00,ST002,PRD0149,CUST1035,1,19334.45,Cash,Physical Store
TXN001216,2025-07-08 11:35:00,ST003,PRD0257,CUST0366,3,13818.08,Card,Physical Store
TXN001217,2025-08-27 17:53:00,ST003,PRD0032,CUST0697,1,16689.25,Cash,Physical Store
TXN001218,2025-05-30 11:13:00,ST002,PRD0111,CUST0428,3,20533.53,Online,Physical Store
TXN001219,2025-10-28 13:56:00,ST002,PRD0063,CUST0809,2,13040.87,Cash,Physical Store
TXN001220,2025-02-16 09:45:00,ST004,PRD0308,CUST0932,5,8374.13,Cash,Physical Store
TXN001221,2025-10-06 08:38:00,ST001,PRD0102,CUST0494,5,18335.61,Card,Physical Store
TXN001222,2025-09-10 11:08:00,ST001,PRD0208,CUST0662,2,826.73,Mobile Wallet,Physical Store
TXN001223,2025-01-18 19:04:00,ST003,PRD0043,CUST1035,4,8647.43,Mobile Wallet,Physical Store
TXN001224,2025-02-18 15:32:00,ST002,PRD0209,CUST0018,1,2802.76,Card,Physical Store
TXN001225,2025-01-14 20:01:00,ST004,PRD0301,CUST0219,3,16353.38,Cash,Physical Store
TXN001226,2025-10-09 10:53:00,ST006,PRD0306,CUST0027,2,2327.28,Mobile Wallet,Physical Store
TXN001227,2025-06-20 15:40:00,ST005,PRD0255,CUST0541,3,5769.03,Cash,Physical Store
TXN001228,2025-08-01 08:56:00,ST003,PRD0318,CUST0438,4,9023.94,Online,Physical Store
TXN001229,2025-03-10 08:04:00,ST005,PRD0160,CUST0146,1,16917.41,Online,Physical Store
TXN001230,2025-02-25 16:18:00,ST005,PRD0116,CUST0474,4,18307.89,Mobile Wallet,Physical Store
TXN001231,2025-06-25 21:01:00,ST002,PRD0301,CUST0286,4,16353.38,Card,Physical Store
TXN001232,2025-03-22 11:38:00,ST001,PRD0309,CUST1036,2,20175.41,Card,Physical Store
TXN001233,2025-08-20 12:21:00,ST001,PRD0173,CUST0857,1,8871.76,Online,Physical Store
TXN001234,2025-01-19 19:47:00,ST005,PRD0151,CUST0267,5,17351.7,Mobile Wallet,Physical Store
TXN001235,2025-01-22 21:23:00,ST002,PRD0323,CUST0044,3,14720.06,Mobile Wallet,Physical Store
TXN001236,2025-07-22 14:27:00,ST006,PRD0024,CUST0197,1,13723.71,Card,Physical Store
TXN001237,2025-08-07 20:54:00,ST001,PRD0010,CUST0087,2,15285.57,Card,Physical Store
TXN001238,2025-07-04 14:25:00,ST004,PRD0312,CUST0182,1,6604.88,Card,Physical Store
TXN001239,2025-12-17 15:04:00,ST002,PRD0165,CUST0436,1,15750.95,Card,Physical Store
TXN001240,2025-05-11 13:22:00,ST005,PRD0027,CUST0881,5,3678.01,Card,Physical Store
TXN001241,2025-08-12 17:06:00,ST005,PRD0249,CUST0994,4,15746.95,Card,Physical Store
TXN001242,2025-11-15 11:33:00,ST001,PRD0136,CUST0595,1,12055.78,Card,Physical Store
TXN001243,2025-06-05 16:00:00,ST003,PRD0271,CUST0917,2,2468.45,Online,Physical Store
TXN001244,2025-05-02 15:55:00,ST001,PRD0282,CUST0280,4,5174.17,Card,Physical Store
TXN001245,2025-04-30 18:23:00,ST001,PRD0315,CUST0255,1,6862.13,Online,Physical Store
TXN001246,2025-08-20 19:44:00,ST003,PRD0010,CUST0098,5,15285.57,Cash,Physical Store
TXN001247,2025-05-29 12:36:00,ST003,PRD0094,CUST0033,4,19664.63,Card,Physical Store
TXN001248,2025-07-26 20:38:00,ST005,PRD0294,CUST0862,5,2896.16,Mobile Wallet,Physical Store
TXN001249,2025-12-03 12:53:00,ST005,PRD0283,CUST0935,1,16821.68,Online,Physical Store
TXN001250,2025-03-16 16:50:00,ST002,PRD0188,CUST0787,5,10116.21,Card,Physical Store
TXN001251,2025-06-19 17:06:00,ST003,PRD0151,CUST0044,5,17351.7,Card,Physical Store
TXN001252,2025-03-31 11:06:00,ST002,PRD0095,CUST0457,3,14194.94,Mobile Wallet,Physical Store
TXN001253,2025-07-26 17:35:00,ST006,PRD0029,CUST0836,5,14939.28,Cash,Physical Store
TXN001254,2025-10-13 15:09:00,ST004,PRD0204,CUST0242,4,20131.16,Cash,Physical Store
TXN001255,2025-11-25 15:11:00,ST006,PRD0111,CUST0634,5,20533.53,Card,Physical Store
TXN001256,2025-09-24 17:14:00,ST005,PRD0167,CUST0741,2,474.16,Card,Physical Store
TXN001257,2025-12-03 16:48:00,ST003,PRD0009,CUST0584,1,2429.12,Mobile Wallet,Physical Store
TXN001258,2025-12-06 09:09:00,ST001,PRD0290,CUST0890,3,1192.9,Card,Physical Store
TXN001259,2025-07-27 17:48:00,ST006,PRD0184,CUST0301,4,3319.57,Online,Physical Store
TXN001260,2025-02-17 20:35:00,ST004,PRD0196,CUST0775,3,14688.58,Cash,Physical Store
TXN001261,2025-04-21 08:35:00,ST006,PRD0247,CUST0873,1,9781.8,Card,Physical Store
TXN001262,2025-04-08 20:33:00,ST003,PRD0161,CUST0690,1,9788.18,Card,Physical Store
TXN001263,2025-05-17 14:34:00,ST003,PRD0077,CUST0493,5,22335.09,Online,Physical Store
TXN001264,2025-11-17 08:54:00,ST002,PRD0016,CUST0337,4,20268.14,Cash,Physical Store
TXN001265,2025-01-04 18:54:00,ST004,PRD0264,CUST0890,5,8405.05,Mobile Wallet,Physical Store
TXN001266,2025-02-02 08:07:00,ST001,PRD0199,CUST1032,2,10404.09,Cash,Physical Store
TXN001267,2025-12-09 11:52:00,ST001,PRD0314,CUST0686,1,14001.37,Cash,Physical Store
TXN001268,2025-07-12 16:03:00,ST003,PRD0314,CUST0572,1,14001.37,Cash,Physical Store
TXN001269,2025-06-14 08:29:00,ST002,PRD0209,CUST0363,5,2802.76,Mobile Wallet,Physical Store
TXN001270,2025-11-25 14:40:00,ST002,PRD0074,CUST0104,3,11205.61,Online,Physical Store
TXN001271,2025-05-19 08:57:00,ST005,PRD0254,CUST0903,4,11992.71,Online,Physical Store
TXN001272,2025-07-20 10:03:00,ST004,PRD0230,CUST0287,4,17471.77,Card,Physical Store
TXN001273,2025-11-02 10:22:00,ST006,PRD0010,CUST0189,4,15285.57,Mobile Wallet,Physical Store
TXN001274,2025-07-16 08:10:00,ST001,PRD0290,CUST0137,3,1192.9,Mobile Wallet,Physical Store
TXN001275,2025-09-26 18:34:00,ST002,PRD0135,CUST0138,2,310.8,Card,Physical Store
TXN001276,2025-08-21 11:05:00,ST006,PRD0068,CUST0644,3,12827.93,Card,Physical Store
TXN001277,2025-04-14 13:58:00,ST005,PRD0206,CUST0223,4,2082.08,Cash,Physical Store
TXN001278,2025-08-26 08:13:00,ST005,PRD0085,CUST0209,1,15600.74,Card,Physical Store
TXN001279,2025-01-01 14:07:00,ST005,PRD0113,CUST0865,2,5925.51,Online,Physical Store
TXN001280,2025-03-09 15:31:00,ST001,PRD0280,CUST0707,4,14906.05,Card,Physical Store
TXN001281,2025-04-22 15:04:00,ST003,PRD0280,CUST0608,3,14906.05,Cash,Physical Store
TXN001282,2025-03-28 21:37:00,ST004,PRD0166,CUST0098,2,15634.98,Online,Physical Store
TXN001283,2025-09-19 08:52:00,ST003,PRD0049,CUST0884,3,17860.23,Cash,Physical Store
TXN001284,2025-05-02 15:13:00,ST004,PRD0129,CUST0209,4,13492.02,Cash,Physical Store
TXN001285,2025-03-14 15:47:00,ST001,PRD0256,CUST0349,2,2281.57,Cash,Physical Store
TXN001286,2025-03-24 18:05:00,ST006,PRD0252,CUST0374,1,6953.84,Card,Physical Store
TXN001287,2025-05-14 16:59:00,ST005,PRD0215,CUST0352,5,3497.38,Online,Physical Store
TXN001288,2025-09-09 20:46:00,ST004,PRD0311,CUST0897,2,4148.18,Card,Physical Store
TXN001289,2025-10-04 11:56:00,ST006,PRD0059,CUST0363,5,2986.61,Online,Physical Store
TXN001290,2025-07-29 08:21:00,ST004,PRD0118,CUST0921,1,21036.15,Mobile Wallet,Physical Store
TXN001291,2025-07-26 18:59:00,ST006,PRD0061,CUST0929,4,15518.33,Cash,Physical Store
TXN001292,2025-07-26 21:31:00,ST002,PRD0121,CUST0830,5,11401.01,Cash,Physical Store
TXN001293,2025-07-06 20:00:00,ST006,PRD0193,CUST0295,1,15266.12,Card,Physical Store
TXN001294,2025-04-03 11:40:00,ST001,PRD0179,CUST0672,2,20362.49,Mobile Wallet,Physical Store
TXN001295,2025-12-14 21:42:00,ST005,PRD0188,CUST0031,3,10116.21,Mobile Wallet,Physical Store
TXN001296,2025-02-23 18:16:00,ST005,PRD0208,CUST0308,1,826.73,Card,Physical Store
TXN001297,2025-02-07 17:08:00,ST005,PRD0168,CUST0815,4,14853.54,Cash,Physical Store
TXN001298,2025-10-13 17:34:00,ST005,PRD0138,CUST0482,4,7484.07,Online,Physical Store
TXN001299,2025-10-07 21:01:00,ST003,PRD0082,CUST0260,1,20809.35,Cash,Physical Store
TXN001300,2025-11-06 19:46:00,ST006,PRD0118,CUST0888,5,21036.15,Online,Physical Store
TXN001301,2025-09-17 12:41:00,ST003,PRD0067,CUST0611,5,2993.21,Cash,Physical Store
TXN001302,2025-11-28 09:18:00,ST005,PRD0178,CUST0926,5,970.06,Mobile Wallet,Physical Store
TXN001303,2025-01-19 19:41:00,ST002,PRD0226,CUST0188,3,18502.93,Card,Physical Store
TXN001304,2025-10-06 14:28:00,ST005,PRD0200,CUST0979,2,997.46,Card,Physical Store
TXN001305,2025-01-14 17:28:00,ST005,PRD0141,CUST0780,1,11741.07,Cash,Physical Store
TXN001306,2025-11-18 18:29:00,ST005,PRD0254,CUST1009,4,11992.71,Card,Physical Store
TXN001307,2025-11-16 17:58:00,ST006,PRD0224,CUST1036,4,9276.41,Card,Physical Store
TXN001308,2025-03-08 13:33:00,ST006,PRD0296,CUST0402,4,10919.63,Cash,Physical Store
TXN001309,2025-11-26 16:20:00,ST006,PRD0269,CUST0002,4,6185.21,Card,Physical Store
TXN001310,2025-12-16 18:50:00,ST006,PRD0122,CUST0756,1,5139.97,Online,Physical Store
TXN001311,2025-01-16 18:57:00,ST006,PRD0185,CUST0800,4,17940.87,Online,Physical Store
TXN001312,2025-12-18 15:36:00,ST002,PRD0020,CUST0063,1,18682.24,Online,Physical Store
TXN001313,2025-10-05 10:49:00,ST003,PRD0176,CUST0768,3,16060.03,Card,Physical Store
TXN001314,2025-09-26 14:29:00,ST002,PRD0304,CUST0808,2,2572.59,Online,Physical Store
TXN001315,2025-11-10 12:11:00,ST006,PRD0327,CUST0506,2,8268.43,Online,Physical Store
TXN001316,2025-07-20 21:55:00,ST005,PRD0114,CUST0399,5,9757.31,Cash,Physical Store
TXN001317,2025-06-24 14:10:00,ST002,PRD0134,CUST0164,3,16453.67,Online,Physical Store
TXN001318,2025-09-05 10:58:00,ST005,PRD0176,CUST0797,2,16060.03,Card,Physical Store
TXN001319,2025-07-26 17:14:00,ST005,PRD0114,CUST0704,5,9757.31,Online,Physical Store
TXN001320,2025-02-22 11:55:00,ST006,PRD0259,CUST0218,5,7839.33,Mobile Wallet,Physical Store
TXN001321,2025-07-09 13:01:00,ST003,PRD0331,CUST1003,5,7946.53,Mobile Wallet,Physical Store
TXN001322,2025-10-14 13:01:00,ST006,PRD0313,CUST0657,4,11708.67,Online,Physical Store
TXN001323,2025-05-14 11:00:00,ST001,PRD0100,CUST0628,5,12867.68,Cash,Physical Store
TXN001324,2025-02-27 15:38:00,ST002,PRD0248,CUST0338,1,7269.43,Online,Physical Store
TXN001325,2025-10-25 11:17:00,ST002,PRD0020,CUST0177,3,18682.24,Mobile Wallet,Physical Store
TXN001326,2025-06-07 09:20:00,ST003,PRD0151,CUST0930,1,17351.7,Online,Physical Store
TXN001327,2025-04-14 09:13:00,ST002,PRD0089,CUST0750,5,4127.23,Mobile Wallet,Physical Store
TXN001328,2025-09-01 19:54:00,ST004,PRD0269,CUST0200,2,6185.21,Mobile Wallet,Physical Store
TXN001329,2025-06-12 08:01:00,ST006,PRD0318,CUST0545,2,9023.94,Cash,Physical Store
TXN001330,2025-05-26 20:50:00,ST002,PRD0045,CUST0073,3,1726.89,Mobile Wallet,Physical Store
TXN001331,2025-07-16 17:33:00,ST001,PRD0063,CUST0969,5,13040.87,Card,Physical Store
TXN001332,2025-09-02 08:17:00,ST005,PRD0185,CUST0266,2,17940.87,Online,Physical Store
TXN001333,2025-07-25 10:56:00,ST004,PRD0071,CUST0678,5,3015.69,Mobile Wallet,Physical Store
TXN001334,2025-01-30 13:55:00,ST004,PRD0299,CUST1038,4,8975.12,Mobile Wallet,Physical Store
TXN001335,2025-05-24 12:55:00,ST006,PRD0086,CUST0284,4,347.58,Online,Physical Store
TXN001336,2025-09-19 13:47:00,ST004,PRD0144,CUST0696,5,17251.78,Online,Physical Store
TXN001337,2025-06-12 20:45:00,ST005,PRD0315,CUST0590,2,6862.13,Card,Physical Store
TXN001338,2025-06-05 17:58:00,ST003,PRD0061,CUST0170,4,15518.33,Cash,Physical Store
TXN001339,2025-03-11 21:00:00,ST003,PRD0021,CUST0088,2,1768.36,Online,Physical Store
TXN001340,2025-11-24 11:37:00,ST002,PRD0332,CUST0476,1,7226.95,Card,Physical Store
TXN001341,2025-11-26 21:56:00,ST001,PRD0060,CUST0668,3,20909.2,Card,Physical Store
TXN001342,2025-01-03 13:21:00,ST002,PRD0247,CUST0070,5,9781.8,Mobile Wallet,Physical Store
TXN001343,2025-10-12 19:11:00,ST003,PRD0052,CUST0582,3,7984.07,Mobile Wallet,Physical Store
TXN001344,2025-07-17 17:39:00,ST006,PRD0252,CUST0296,4,6953.84,Card,Physical Store
TXN001345,2025-08-05 15:57:00,ST006,PRD0327,CUST0904,3,8268.43,Mobile Wallet,Physical Store
TXN001346,2025-03-18 19:00:00,ST006,PRD0067,CUST0751,5,2993.21,Card,Physical Store
TXN001347,2025-07-08 12:13:00,ST006,PRD0036,CUST0448,2,5751.78,Cash,Physical Store
TXN001348,2025-03-10 11:53:00,ST005,PRD0033,CUST0259,2,21125.63,Card,Physical Store
TXN001349,2025-11-27 08:40:00,ST004,PRD0157,CUST0190,1,19405.25,Cash,Physical Store
TXN001350,2025-02-16 16:15:00,ST002,PRD0213,CUST0538,4,2681.49,Card,Physical Store
TXN001351,2025-10-11 15:22:00,ST004,PRD0013,CUST0339,4,22686.55,Cash,Physical Store
TXN001352,2025-12-07 15:11:00,ST004,PRD0093,CUST0717,4,4406.01,Online,Physical Store
TXN001353,2025-05-14 19:23:00,ST002,PRD0288,CUST0545,4,2165.9,Mobile Wallet,Physical Store
TXN001354,2025-03-21 21:36:00,ST005,PRD0017,CUST0667,2,13431.35,Cash,Physical Store
TXN001355,2025-09-19 21:49:00,ST002,PRD0233,CUST0784,5,11296.41,Cash,Physical Store
TXN001356,2025-07-20 08:35:00,ST006,PRD0094,CUST0901,1,19664.63,Mobile Wallet,Physical Store
TXN001357,2025-03-31 09:29:00,ST006,PRD0111,CUST0407,4,20533.53,Card,Physical Store
TXN001358,2025-10-17 18:37:00,ST002,PRD0096,CUST0060,3,5240.02,Card,Physical Store
TXN001359,2025-03-21 17:36:00,ST002,PRD0315,CUST0439,4,6862.13,Cash,Physical Store
TXN001360,2025-08-07 20:20:00,ST002,PRD0300,CUST0155,3,6059.15,Card,Physical Store
TXN001361,2025-05-02 10:20:00,ST005,PRD0335,CUST0745,2,8481.29,Card,Physical Store
TXN001362,2025-06-13 16:19:00,ST004,PRD0137,CUST0856,1,4588.15,Mobile Wallet,Physical Store
TXN001363,2025-09-10 11:10:00,ST001,PRD0202,CUST0594,2,17402.33,Online,Physical Store
TXN001364,2025-05-14 21:16:00,ST006,PRD0296,CUST1021,5,10919.63,Cash,Physical Store
TXN001365,2025-04-03 15:38:00,ST002,PRD0299,CUST0899,1,8975.12,Card,Physical Store
TXN001366,2025-08-14 09:10:00,ST006,PRD0029,CUST0679,2,14939.28,Mobile Wallet,Physical Store
TXN001367,2025-09-27 15:46:00,ST006,PRD0058,CUST0439,4,9174.14,Online,Physical Store
TXN001368,2025-03-12 17:35:00,ST002,PRD0266,CUST0498,2,8348.44,Cash,Physical Store
TXN001369,2025-12-12 20:06:00,ST006,PRD0069,CUST0747,4,12214.5,Cash,Physical Store
TXN001370,2025-10-08 11:11:00,ST005,PRD0020,CUST0092,3,18682.24,Mobile Wallet,Physical Store
TXN001371,2025-11-07 20:43:00,ST005,PRD0239,CUST1032,5,12672.74,Mobile Wallet,Physical Store
TXN001372,2025-06-28 18:13:00,ST002,PRD0191,CUST0732,2,9077.42,Mobile Wallet,Physical Store
TXN001373,2025-02-01 20:53:00,ST003,PRD0021,CUST0414,1,1768.36,Online,Physical Store
TXN001374,2025-05-01 14:41:00,ST004,PRD0042,CUST0657,1,21532.78,Cash,Physical Store
TXN001375,2025-06-27 21:55:00,ST001,PRD0084,CUST0431,5,16667.34,Cash,Physical Store
TXN001376,2025-03-18 18:36:00,ST001,PRD0086,CUST0714,1,347.58,Online,Physical Store
TXN001377,2025-04-12 15:17:00,ST001,PRD0335,CUST1048,2,8481.29,Card,Physical Store
TXN001378,2025-01-03 17:26:00,ST006,PRD0241,CUST0170,2,5942.64,Mobile Wallet,Physical Store
TXN001379,2025-02-17 17:07:00,ST006,PRD0075,CUST0815,1,20450.52,Card,Physical Store
TXN001380,2025-03-19 09:13:00,ST004,PRD0081,CUST0242,4,15889.25,Mobile Wallet,Physical Store
TXN001381,2025-12-05 10:03:00,ST001,PRD0059,CUST0183,1,2986.61,Mobile Wallet,Physical Store
TXN001382,2025-07-26 09:08:00,ST005,PRD0093,CUST0086,1,4406.01,Cash,Physical Store
TXN001383,2025-08-17 10:46:00,ST002,PRD0176,CUST0897,2,16060.03,Card,Physical Store
TXN001384,2025-01-19 12:36:00,ST003,PRD0099,CUST0884,4,20583.54,Card,Physical Store
TXN001385,2025-10-02 08:42:00,ST005,PRD0092,CUST0933,3,22187.45,Cash,Physical Store
TXN001386,2025-03-18 20:50:00,ST001,PRD0145,CUST0361,1,10608.78,Online,Physical Store
TXN001387,2025-01-12 20:35:00,ST001,PRD0203,CUST0288,3,10598.59,Online,Physical Store
TXN001388,2025-03-10 10:38:00,ST001,PRD0147,CUST0770,2,17668.05,Card,Physical Store
TXN001389,2025-12-25 21:23:00,ST006,PRD0180,CUST0780,1,18463.04,Cash,Physical Store
TXN001390,2025-04-20 19:42:00,ST006,PRD0292,CUST0708,2,7767.01,Mobile Wallet,Physical Store
TXN001391,2025-01-09 20:06:00,ST002,PRD0118,CUST0930,1,21036.15,Online,Physical Store
TXN001392,2025-04-08 14:59:00,ST003,PRD0184,CUST0669,5,3319.57,Mobile Wallet,Physical Store
TXN001393,2025-06-07 20:59:00,ST003,PRD0067,CUST0435,1,2993.21,Cash,Physical Store
TXN001394,2025-03-21 08:09:00,ST001,PRD0247,CUST0111,4,9781.8,Online,Physical Store
TXN001395,2025-11-11 10:30:00,ST001,PRD0119,CUST1014,3,9036.76,Card,Physical Store
TXN001396,2025-11-03 17:03:00,ST004,PRD0227,CUST0175,4,17168.54,Cash,Physical Store
TXN001397,2025-07-31 11:08:00,ST006,PRD0065,CUST0577,5,17099.96,Cash,Physical Store
TXN001398,2025-06-25 13:16:00,ST006,PRD0082,CUST0016,2,20809.35,Online,Physical Store
TXN001399,2025-01-17 11:03:00,ST003,PRD0064,CUST0035,5,1220.74,Mobile Wallet,Physical Store
TXN001400,2025-09-12 17:58:00,ST004,PRD0328,CUST0925,3,8691.06,Online,Physical Store
TXN001401,2025-11-15 09:23:00,ST003,PRD0227,CUST0713,3,17168.54,Mobile Wallet,Physical Store
TXN001402,2025-03-30 11:16:00,ST003,PRD0246,CUST0218,2,437.82,Mobile Wallet,Physical Store
TXN001403,2025-08-11 08:07:00,ST005,PRD0023,CUST0122,1,5149.18,Cash,Physical Store
TXN001404,2025-01-20 11:01:00,ST004,PRD0212,CUST0471,1,7877.4,Mobile Wallet,Physical Store
TXN001405,2025-05-22 20:05:00,ST005,PRD0251,CUST0332,4,6655.05,Cash,Physical Store
TXN001406,2025-10-06 08:33:00,ST001,PRD0050,CUST0751,4,2136.14,Card,Physical Store
TXN001407,2025-10-31 08:55:00,ST004,PRD0056,CUST0702,1,13701.85,Cash,Physical Store
TXN001408,2025-04-11 16:02:00,ST002,PRD0210,CUST0928,1,17734.18,Cash,Physical Store
TXN001409,2025-08-25 19:14:00,ST003,PRD0171,CUST0164,1,13173.5,Online,Physical Store
TXN001410,2025-09-29 12:31:00,ST002,PRD0154,CUST0409,4,13504.25,Cash,Physical Store
TXN001411,2025-12-27 11:01:00,ST003,PRD0009,CUST0892,2,2429.12,Online,Physical Store
TXN001412,2025-08-17 14:45:00,ST001,PRD0220,CUST0520,4,11025.69,Card,Physical Store
TXN001413,2025-03-03 16:00:00,ST005,PRD0171,CUST0408,2,13173.5,Mobile Wallet,Physical Store
TXN001414,2025-03-22 21:51:00,ST004,PRD0226,CUST0521,4,18502.93,Mobile Wallet,Physical Store
TXN001415,2025-03-18 09:22:00,ST002,PRD0300,CUST0132,5,6059.15,Card,Physical Store
TXN001416,2025-12-25 21:30:00,ST003,PRD0010,CUST0066,1,15285.57,Mobile Wallet,Physical Store
TXN001417,2025-08-01 14:06:00,ST001,PRD0160,CUST0677,5,16917.41,Cash,Physical Store
TXN001418,2025-03-01 08:28:00,ST001,PRD0302,CUST0995,4,9747.03,Online,Physical Store
TXN001419,2025-01-20 08:47:00,ST002,PRD0336,CUST0538,5,2121.27,Cash,Physical Store
TXN001420,2025-10-16 20:44:00,ST001,PRD0324,CUST0553,5,10127.07,Online,Physical Store
TXN001421,2025-05-08 18:45:00,ST001,PRD0034,CUST0649,2,9530.33,Online,Physical Store
TXN001422,2025-11-09 17:32:00,ST004,PRD0020,CUST0610,5,18682.24,Mobile Wallet,Physical Store
TXN001423,2025-11-07 16:31:00,ST002,PRD0328,CUST0459,1,8691.06,Mobile Wallet,Physical Store
TXN001424,2025-10-30 15:43:00,ST005,PRD0062,CUST0850,4,3706.43,Online,Physical Store
TXN001425,2025-02-22 14:58:00,ST002,PRD0196,CUST0204,2,14688.58,Mobile Wallet,Physical Store
TXN001426,2025-05-27 08:31:00,ST002,PRD0246,CUST0546,2,437.82,Card,Physical Store
TXN001427,2025-06-15 14:11:00,ST005,PRD0108,CUST0593,5,7369.56,Cash,Physical Store
TXN001428,2025-11-09 15:51:00,ST002,PRD0008,CUST0138,3,18695.07,Mobile Wallet,Physical Store
TXN001429,2025-12-05 10:01:00,ST005,PRD0110,CUST0957,1,5481.63,Mobile Wallet,Physical Store
TXN001430,2025-10-04 21:10:00,ST001,PRD0055,CUST0183,4,18651.16,Card,Physical Store
TXN001431,2025-12-05 18:42:00,ST005,PRD0015,CUST0532,1,7026.68,Cash,Physical Store
TXN001432,2025-05-01 13:43:00,ST004,PRD0315,CUST1034,5,6862.13,Card,Physical Store
TXN001433,2025-02-27 09:28:00,ST003,PRD0012,CUST1032,5,3550.38,Cash,Physical Store
TXN001434,2025-02-06 16:59:00,ST005,PRD0205,CUST0533,3,9509.22,Card,Physical Store
TXN001435,2025-03-24 20:07:00,ST005,PRD0232,CUST0730,5,14516.97,Card,Physical Store
TXN001436,2025-10-20 15:32:00,ST005,PRD0192,CUST0897,1,812.19,Card,Physical Store
TXN001437,2025-02-01 20:01:00,ST004,PRD0133,CUST0096,4,1638.63,Online,Physical Store
TXN001438,2025-08-31 18:05:00,ST005,PRD0093,CUST0387,4,4406.01,Cash,Physical Store
TXN001439,2025-06-03 17:25:00,ST005,PRD0047,CUST0173,2,5346.17,Mobile Wallet,Physical Store
TXN001440,2025-12-12 21:37:00,ST006,PRD0139,CUST0339,5,3538.08,Mobile Wallet,Physical Store
TXN001441,2025-10-14 16:09:00,ST006,PRD0238,CUST0804,5,15120.33,Mobile Wallet,Physical Store
TXN001442,2025-12-07 18:03:00,ST003,PRD0137,CUST0089,5,4588.15,Card,Physical Store
TXN001443,2025-03-02 12:57:00,ST003,PRD0046,CUST0868,1,20894.04,Mobile Wallet,Physical Store
TXN001444,2025-01-23 15:57:00,ST004,PRD0283,CUST0509,2,16821.68,Online,Physical Store
TXN001445,2025-12-12 20:44:00,ST006,PRD0284,CUST0460,3,20638.42,Mobile Wallet,Physical Store
TXN001446,2025-07-01 09:49:00,ST003,PRD0236,CUST0816,2,16144.93,Cash,Physical Store
TXN001447,2025-11-06 14:44:00,ST004,PRD0328,CUST0580,5,8691.06,Mobile Wallet,Physical Store
TXN001448,2025-10-07 11:46:00,ST003,PRD0136,CUST0880,1,12055.78,Mobile Wallet,Physical Store
TXN001449,2025-09-19 12:09:00,ST002,PRD0034,CUST0910,1,9530.33,Online,Physical Store
TXN001450,2025-02-22 14:09:00,ST002,PRD0082,CUST0729,5,20809.35,Mobile Wallet,Physical Store
TXN001451,2025-05-21 16:34:00,ST005,PRD0065,CUST0001,5,17099.96,Card,Physical Store
TXN001452,2025-05-17 16:25:00,ST005,PRD0273,CUST1028,2,13625.49,Cash,Physical Store
TXN001453,2025-08-12 10:16:00,ST005,PRD0203,CUST0983,2,10598.59,Mobile Wallet,Physical Store
TXN001454,2025-11-05 17:04:00,ST001,PRD0218,CUST0046,5,17938.6,Cash,Physical Store
TXN001455,2025-06-03 09:13:00,ST006,PRD0058,CUST0509,3,9174.14,Card,Physical Store
TXN001456,2025-04-15 19:26:00,ST004,PRD0056,CUST0477,2,13701.85,Mobile Wallet,Physical Store
TXN001457,2025-01-01 13:11:00,ST003,PRD0128,CUST0090,3,9239.11,Cash,Physical Store
TXN001458,2025-07-25 13:49:00,ST003,PRD0012,CUST0340,3,3550.38,Online,Physical Store
TXN001459,2025-09-11 10:16:00,ST003,PRD0064,CUST0200,4,1220.74,Cash,Physical Store
TXN001460,2025-04-09 19:18:00,ST004,PRD0141,CUST0058,5,11741.07,Mobile Wallet,Physical Store
TXN001461,2025-02-02 15:48:00,ST002,PRD0248,CUST0134,5,7269.43,Online,Physical Store
TXN001462,2025-11-01 16:36:00,ST005,PRD0280,CUST0086,5,14906.05,Cash,Physical Store
TXN001463,2025-07-25 15:53:00,ST003,PRD0283,CUST0298,1,16821.68,Cash,Physical Store
TXN001464,2025-08-15 12:26:00,ST003,PRD0265,CUST0215,2,10997.21,Card,Physical Store
TXN001465,2025-07-21 18:24:00,ST006,PRD0136,CUST0865,5,12055.78,Card,Physical Store
TXN001466,2025-12-24 17:25:00,ST005,PRD0317,CUST0902,3,13310.61,Mobile Wallet,Physical Store
TXN001467,2025-10-18 12:44:00,ST005,PRD0047,CUST0671,3,5346.17,Online,Physical Store
TXN001468,2025-06-10 20:42:00,ST005,PRD0026,CUST0227,1,17486.51,Card,Physical Store
TXN001469,2025-11-03 18:11:00,ST002,PRD0030,CUST0979,3,19772.8,Mobile Wallet,Physical Store
TXN001470,2025-12-22 08:22:00,ST001,PRD0059,CUST0145,4,2986.61,Mobile Wallet,Physical Store
TXN001471,2025-12-16 19:03:00,ST004,PRD0117,CUST0809,2,14750.74,Online,Physical Store
TXN001472,2025-05-08 14:45:00,ST005,PRD0332,CUST0258,1,7226.95,Online,Physical Store
TXN001473,2025-06-17 13:38:00,ST001,PRD0029,CUST0777,4,14939.28,Cash,Physical Store
TXN001474,2025-01-13 17:41:00,ST003,PRD0334,CUST0617,2,9286.96,Online,Physical Store
TXN001475,2025-04-02 08:18:00,ST006,PRD0193,CUST0769,3,15266.12,Mobile Wallet,Physical Store
TXN001476,2025-08-09 15:26:00,ST003,PRD0026,CUST0670,4,17486.51,Card,Physical Store
TXN001477,2025-01-08 21:50:00,ST003,PRD0160,CUST0645,4,16917.41,Mobile Wallet,Physical Store
TXN001478,2025-08-15 13:34:00,ST003,PRD0015,CUST0923,3,7026.68,Card,Physical Store
TXN001479,2025-04-09 20:32:00,ST002,PRD0312,CUST0060,4,6604.88,Card,Physical Store
TXN001480,2025-07-09 12:51:00,ST006,PRD0208,CUST0781,2,826.73,Card,Physical Store
TXN001481,2025-08-03 13:44:00,ST004,PRD0149,CUST0111,1,19334.45,Online,Physical Store
TXN001482,2025-11-06 17:22:00,ST006,PRD0118,CUST0110,1,21036.15,Mobile Wallet,Physical Store
TXN001483,2025-03-24 21:11:00,ST003,PRD0061,CUST0359,2,15518.33,Card,Physical Store
TXN001484,2025-08-20 14:56:00,ST004,PRD0245,CUST0971,3,8847.6,Card,Physical Store
TXN001485,2025-06-11 17:04:00,ST001,PRD0200,CUST0057,1,997.46,Card,Physical Store
TXN001486,2025-05-24 19:06:00,ST003,PRD0048,CUST0763,5,3322.36,Mobile Wallet,Physical Store
TXN001487,2025-01-31 08:48:00,ST004,PRD0275,CUST0031,1,837.23,Mobile Wallet,Physical Store
TXN001488,2025-09-04 19:31:00,ST001,PRD0287,CUST0262,2,3212.74,Card,Physical Store
TXN001489,2025-10-23 17:56:00,ST003,PRD0184,CUST0910,1,3319.57,Mobile Wallet,Physical Store
TXN001490,2025-03-11 19:26:00,ST001,PRD0135,CUST0337,4,310.8,Card,Physical Store
TXN001491,2025-02-26 10:03:00,ST006,PRD0105,CUST0515,2,3477.95,Mobile Wallet,Physical Store
TXN001492,2025-06-25 11:27:00,ST001,PRD0178,CUST0791,5,970.06,Mobile Wallet,Physical Store
TXN001493,2025-10-11 13:52:00,ST003,PRD0326,CUST0346,3,8972.53,Card,Physical Store
TXN001494,2025-06-08 10:07:00,ST003,PRD0286,CUST0477,5,14935.58,Online,Physical Store
TXN001495,2025-07-05 20:48:00,ST006,PRD0138,CUST0097,1,7484.07,Mobile Wallet,Physical Store
TXN001496,2025-05-11 12:41:00,ST003,PRD0189,CUST0585,4,11978.82,Card,Physical Store
TXN001497,2025-04-11 21:56:00,ST002,PRD0040,CUST0229,2,11363.76,Card,Physical Store
TXN001498,2025-08-18 12:49:00,ST006,PRD0276,CUST1007,5,21897.23,Cash,Physical Store
TXN001499,2025-08-19 15:57:00,ST006,PRD0204,CUST0423,2,20131.16,Online,Physical Store
TXN001500,2025-11-27 18:43:00,ST001,PRD0086,CUST1003,2,347.58,Card,Physical Store
TXN001501,2025-10-12 16:24:00,ST003,PRD0087,CUST0150,4,901.59,Cash,Physical Store
TXN001502,2025-12-02 16:03:00,ST001,PRD0035,CUST0793,2,12242.79,Online,Physical Store
TXN001503,2025-06-18 19:40:00,ST005,PRD0100,CUST0068,4,12867.68,Card,Physical Store
TXN001504,2025-06-16 19:34:00,ST005,PRD0258,CUST0297,3,3276.89,Card,Physical Store
TXN001505,2025-06-19 21:14:00,ST006,PRD0157,CUST0025,1,19405.25,Cash,Physical Store
TXN001506,2025-09-21 09:45:00,ST005,PRD0203,CUST0903,4,10598.59,Online,Physical Store
TXN001507,2025-09-21 09:53:00,ST003,PRD0218,CUST0708,2,17938.6,Online,Physical Store
TXN001508,2025-05-11 18:23:00,ST001,PRD0134,CUST0537,4,16453.67,Card,Physical Store
TXN001509,2025-10-01 13:44:00,ST005,PRD0034,CUST0974,5,9530.33,Card,Physical Store
TXN001510,2025-08-19 19:50:00,ST006,PRD0283,CUST0220,1,16821.68,Online,Physical Store
TXN001511,2025-05-04 18:38:00,ST004,PRD0064,CUST0302,5,1220.74,Online,Physical Store
TXN001512,2025-10-03 19:24:00,ST005,PRD0319,CUST0872,5,6266.57,Card,Physical Store
TXN001513,2025-12-20 17:03:00,ST005,PRD0157,CUST0645,4,19405.25,Card,Physical Store
TXN001514,2025-09-03 09:17:00,ST004,PRD0231,CUST0282,3,17703.38,Card,Physical Store
TXN001515,2025-01-19 20:05:00,ST002,PRD0307,CUST0781,3,11194.39,Online,Physical Store
TXN001516,2025-03-09 11:53:00,ST004,PRD0286,CUST0464,5,14935.58,Card,Physical Store
TXN001517,2025-09-24 11:15:00,ST001,PRD0291,CUST0212,2,11295.17,Mobile Wallet,Physical Store
TXN001518,2025-01-16 14:58:00,ST005,PRD0081,CUST0431,2,15889.25,Cash,Physical Store
TXN001519,2025-12-31 17:35:00,ST001,PRD0109,CUST0344,2,6325.94,Cash,Physical Store
TXN001520,2025-03-01 08:11:00,ST001,PRD0118,CUST0360,1,21036.15,Cash,Physical Store
TXN001521,2025-12-21 16:24:00,ST001,PRD0237,CUST0889,4,1672.14,Cash,Physical Store
TXN001522,2025-01-16 16:53:00,ST001,PRD0324,CUST0985,4,10127.07,Cash,Physical Store
TXN001523,2025-10-08 09:52:00,ST004,PRD0152,CUST0388,3,13560.83,Cash,Physical Store
TXN001524,2025-05-28 08:58:00,ST006,PRD0121,CUST0593,3,11401.01,Card,Physical Store
TXN001525,2025-11-25 09:37:00,ST003,PRD0262,CUST0098,4,19768.74,Mobile Wallet,Physical Store
TXN001526,2025-10-09 18:08:00,ST004,PRD0100,CUST0645,3,12867.68,Online,Physical Store
TXN001527,2025-12-13 20:06:00,ST006,PRD0018,CUST0008,2,21346.27,Cash,Physical Store
TXN001528,2025-08-23 21:48:00,ST003,PRD0207,CUST0374,1,10872.38,Online,Physical Store
TXN001529,2025-06-18 19:37:00,ST003,PRD0195,CUST0897,1,2320.2,Cash,Physical Store
TXN001530,2025-12-19 08:27:00,ST003,PRD0222,CUST0799,4,19331.27,Cash,Physical Store
TXN001531,2025-02-07 08:57:00,ST003,PRD0332,CUST0805,3,7226.95,Cash,Physical Store
TXN001532,2025-12-29 09:45:00,ST004,PRD0116,CUST0578,1,18307.89,Online,Physical Store
TXN001533,2025-02-21 14:39:00,ST004,PRD0303,CUST0551,5,11893.96,Cash,Physical Store
TXN001534,2025-09-25 17:00:00,ST004,PRD0189,CUST0399,4,11978.82,Card,Physical Store
TXN001535,2025-05-31 16:09:00,ST004,PRD0194,CUST0830,2,16959.55,Mobile Wallet,Physical Store
TXN001536,2025-01-08 16:14:00,ST005,PRD0277,CUST0888,5,8719.93,Cash,Physical Store
TXN001537,2025-08-30 16:43:00,ST001,PRD0329,CUST0994,5,2156.83,Online,Physical Store
TXN001538,2025-01-16 13:51:00,ST003,PRD0303,CUST0879,2,11893.96,Mobile Wallet,Physical Store
TXN001539,2025-02-09 17:29:00,ST002,PRD0194,CUST0048,5,16959.55,Card,Physical Store
TXN001540,2025-01-12 09:08:00,ST006,PRD0221,CUST0735,4,6401.8,Card,Physical Store
TXN001541,2025-07-14 08:19:00,ST003,PRD0041,CUST0012,5,16598.91,Card,Physical Store
TXN001542,2025-02-07 20:29:00,ST003,PRD0185,CUST0688,5,17940.87,Cash,Physical Store
TXN001543,2025-08-24 15:29:00,ST004,PRD0149,CUST0185,2,19334.45,Online,Physical Store
TXN001544,2025-07-17 17:11:00,ST006,PRD0039,CUST0198,5,15677.76,Card,Physical Store
TXN001545,2025-05-24 09:38:00,ST004,PRD0304,CUST0825,2,2572.59,Online,Physical Store
TXN001546,2025-04-01 10:09:00,ST005,PRD0309,CUST0978,3,20175.41,Cash,Physical Store
TXN001547,2025-08-19 08:51:00,ST002,PRD0136,CUST0751,3,12055.78,Cash,Physical Store
TXN001548,2025-10-11 13:43:00,ST001,PRD0151,CUST0764,4,17351.7,Online,Physical Store
TXN001549,2025-08-11 20:32:00,ST002,PRD0065,CUST0006,5,17099.96,Card,Physical Store
TXN001550,2025-07-07 15:53:00,ST001,PRD0001,CUST0037,1,11200.87,Mobile Wallet,Physical Store
TXN001551,2025-04-23 19:57:00,ST001,PRD0176,CUST0840,3,16060.03,Mobile Wallet,Physical Store
TXN001552,2025-03-29 11:52:00,ST002,PRD0070,CUST0571,4,13037.06,Card,Physical Store
TXN001553,2025-10-14 17:20:00,ST001,PRD0144,CUST0011,1,17251.78,Mobile Wallet,Physical Store
TXN001554,2025-09-24 18:58:00,ST006,PRD0265,CUST0375,2,10997.21,Online,Physical Store
TXN001555,2025-08-20 11:05:00,ST004,PRD0070,CUST0860,1,13037.06,Online,Physical Store
TXN001556,2025-01-04 15:04:00,ST006,PRD0031,CUST0720,5,5505.62,Cash,Physical Store
TXN001557,2025-02-16 09:36:00,ST002,PRD0191,CUST0003,5,9077.42,Mobile Wallet,Physical Store
TXN001558,2025-02-25 21:42:00,ST004,PRD0045,CUST0646,2,1726.89,Cash,Physical Store
TXN001559,2025-01-23 19:23:00,ST005,PRD0117,CUST0903,1,14750.74,Card,Physical Store
TXN001560,2025-04-13 08:02:00,ST005,PRD0237,CUST0146,4,1672.14,Online,Physical Store
TXN001561,2025-12-15 08:00:00,ST005,PRD0248,CUST0526,1,7269.43,Online,Physical Store
TXN001562,2025-10-15 19:20:00,ST005,PRD0151,CUST0465,2,17351.7,Mobile Wallet,Physical Store
TXN001563,2025-07-31 17:35:00,ST003,PRD0294,CUST0437,4,2896.16,Card,Physical Store
TXN001564,2025-11-01 12:17:00,ST006,PRD0242,CUST0237,4,11290.47,Cash,Physical Store
TXN001565,2025-11-16 20:46:00,ST002,PRD0264,CUST0290,4,8405.05,Online,Physical Store
TXN001566,2025-10-03 09:13:00,ST003,PRD0037,CUST0073,3,4663.44,Cash,Physical Store
TXN001567,2025-03-20 13:49:00,ST006,PRD0288,CUST0826,2,2165.9,Card,Physical Store
TXN001568,2025-02-05 15:57:00,ST004,PRD0152,CUST0437,3,13560.83,Online,Physical Store
TXN001569,2025-09-26 20:56:00,ST004,PRD0124,CUST0691,2,2894.98,Cash,Physical Store
TXN001570,2025-07-27 21:17:00,ST006,PRD0280,CUST0892,1,14906.05,Mobile Wallet,Physical Store
TXN001571,2025-08-18 11:37:00,ST003,PRD0281,CUST0449,3,4870.82,Card,Physical Store
TXN001572,2025-10-08 12:11:00,ST006,PRD0163,CUST0467,4,16681.73,Online,Physical Store
TXN001573,2025-07-27 10:34:00,ST001,PRD0025,CUST0678,3,5447.28,Mobile Wallet,Physical Store
TXN001574,2025-08-16 12:45:00,ST004,PRD0026,CUST0806,3,17486.51,Online,Physical Store
TXN001575,2025-06-30 09:23:00,ST005,PRD0204,CUST0327,2,20131.16,Card,Physical Store
TXN001576,2025-01-05 17:02:00,ST001,PRD0277,CUST0683,3,8719.93,Cash,Physical Store
TXN001577,2025-09-10 18:44:00,ST001,PRD0159,CUST0057,5,2977.17,Card,Physical Store
TXN001578,2025-02-21 09:06:00,ST001,PRD0237,CUST1040,4,1672.14,Cash,Physical Store
TXN001579,2025-03-14 13:51:00,ST001,PRD0152,CUST0912,4,13560.83,Card,Physical Store
TXN001580,2025-03-28 18:01:00,ST003,PRD0208,CUST0760,2,826.73,Online,Physical Store
TXN001581,2025-12-24 09:43:00,ST006,PRD0091,CUST0002,1,17670.77,Card,Physical Store
TXN001582,2025-04-04 15:57:00,ST001,PRD0161,CUST0732,1,9788.18,Card,Physical Store
TXN001583,2025-08-02 20:51:00,ST001,PRD0026,CUST0162,3,17486.51,Online,Physical Store
TXN001584,2025-04-20 21:46:00,ST003,PRD0094,CUST0711,5,19664.63,Mobile Wallet,Physical Store
TXN001585,2025-11-21 17:21:00,ST001,PRD0017,CUST0898,3,13431.35,Mobile Wallet,Physical Store
TXN001586,2025-02-21 20:28:00,ST005,PRD0098,CUST0265,4,620.21,Cash,Physical Store
TXN001587,2025-07-01 19:47:00,ST002,PRD0303,CUST0750,1,11893.96,Cash,Physical Store
TXN001588,2025-01-25 08:25:00,ST006,PRD0148,CUST0443,3,2911.86,Cash,Physical Store
TXN001589,2025-04-15 19:57:00,ST003,PRD0297,CUST0243,1,14685.23,Online,Physical Store
TXN001590,2025-03-06 08:56:00,ST005,PRD0110,CUST0878,1,5481.63,Online,Physical Store
TXN001591,2025-02-02 09:34:00,ST006,PRD0154,CUST0193,2,13504.25,Online,Physical Store
TXN001592,2025-11-12 17:57:00,ST002,PRD0090,CUST0736,3,18163.73,Online,Physical Store
TXN001593,2025-12-18 17:21:00,ST004,PRD0076,CUST0094,3,3801.59,Cash,Physical Store
TXN001594,2025-01-18 08:26:00,ST004,PRD0250,CUST0027,1,2291.41,Mobile Wallet,Physical Store
TXN001595,2025-10-08 08:04:00,ST004,PRD0280,CUST0793,4,14906.05,Online,Physical Store
TXN001596,2025-01-23 20:44:00,ST003,PRD0124,CUST0981,5,2894.98,Card,Physical Store
TXN001597,2025-04-22 18:12:00,ST005,PRD0292,CUST0592,3,7767.01,Online,Physical Store
TXN001598,2025-04-26 08:00:00,ST004,PRD0202,CUST1006,4,17402.33,Card,Physical Store
TXN001599,2025-06-21 13:00:00,ST001,PRD0112,CUST0330,3,11463.12,Cash,Physical Store
TXN001600,2025-09-10 11:24:00,ST004,PRD0161,CUST0523,2,9788.18,Card,Physical Store
TXN001601,2025-05-27 09:29:00,ST005,PRD0276,CUST0522,2,21897.23,Cash,Physical Store
TXN001602,2025-11-18 10:42:00,ST002,PRD0294,CUST0307,2,2896.16,Online,Physical Store
TXN001603,2025-06-19 21:06:00,ST005,PRD0036,CUST0032,1,5751.78,Cash,Physical Store
TXN001604,2025-11-26 14:53:00,ST001,PRD0024,CUST0730,2,13723.71,Mobile Wallet,Physical Store
TXN001605,2025-09-19 12:15:00,ST001,PRD0008,CUST0311,1,18695.07,Mobile Wallet,Physical Store
TXN001606,2025-07-21 15:14:00,ST006,PRD0070,CUST0014,3,13037.06,Online,Physical Store
TXN001607,2025-08-22 13:48:00,ST005,PRD0289,CUST0924,3,9318.7,Card,Physical Store
TXN001608,2025-02-14 10:37:00,ST002,PRD0304,CUST0868,3,2572.59,Mobile Wallet,Physical Store
TXN001609,2025-01-24 11:53:00,ST001,PRD0124,CUST0859,2,2894.98,Card,Physical Store
TXN001610,2025-08-23 13:22:00,ST003,PRD0267,CUST0383,1,13855.01,Mobile Wallet,Physical Store
TXN001611,2025-08-26 08:44:00,ST004,PRD0306,CUST0259,1,2327.28,Cash,Physical Store
TXN001612,2025-02-16 20:22:00,ST001,PRD0083,CUST0463,5,8207.95,Card,Physical Store
TXN001613,2025-04-07 14:44:00,ST006,PRD0087,CUST0203,5,901.59,Card,Physical Store
TXN001614,2025-02-04 13:58:00,ST005,PRD0269,CUST0255,5,6185.21,Mobile Wallet,Physical Store
TXN001615,2025-01-03 18:23:00,ST001,PRD0290,CUST0194,4,1192.9,Cash,Physical Store
TXN001616,2025-09-15 14:13:00,ST005,PRD0275,CUST0761,3,837.23,Cash,Physical Store
TXN001617,2025-10-29 13:36:00,ST006,PRD0238,CUST0964,2,15120.33,Cash,Physical Store
TXN001618,2025-07-15 16:33:00,ST002,PRD0023,CUST0104,3,5149.18,Mobile Wallet,Physical Store
TXN001619,2025-10-01 20:51:00,ST005,PRD0310,CUST0443,1,21244.72,Mobile Wallet,Physical Store
TXN001620,2025-11-08 10:32:00,ST005,PRD0298,CUST0983,2,8588.83,Online,Physical Store
TXN001621,2025-06-19 12:55:00,ST002,PRD0028,CUST0197,5,9297.13,Card,Physical Store
TXN001622,2025-09-02 10:00:00,ST002,PRD0028,CUST0364,5,9297.13,Online,Physical Store
TXN001623,2025-10-02 10:40:00,ST001,PRD0118,CUST0278,2,21036.15,Online,Physical Store
TXN001624,2025-02-15 12:17:00,ST006,PRD0250,CUST0571,2,2291.41,Card,Physical Store
TXN001625,2025-09-26 19:07:00,ST005,PRD0034,CUST0864,3,9530.33,Card,Physical Store
TXN001626,2025-12-25 08:43:00,ST001,PRD0065,CUST0027,2,17099.96,Card,Physical Store
TXN001627,2025-01-26 12:59:00,ST002,PRD0077,CUST0449,2,22335.09,Mobile Wallet,Physical Store
TXN001628,2025-09-12 13:54:00,ST003,PRD0066,CUST0212,2,13064.65,Card,Physical Store
TXN001629,2025-01-22 20:48:00,ST004,PRD0067,CUST1031,1,2993.21,Online,Physical Store
TXN001630,2025-01-25 14:16:00,ST006,PRD0203,CUST0404,1,10598.59,Cash,Physical Store
TXN001631,2025-06-26 19:50:00,ST004,PRD0305,CUST0473,4,1169.36,Mobile Wallet,Physical Store
TXN001632,2025-07-02 14:57:00,ST005,PRD0300,CUST0197,5,6059.15,Card,Physical Store
TXN001633,2025-03-09 20:04:00,ST001,PRD0012,CUST0332,5,3550.38,Mobile Wallet,Physical Store
TXN001634,2025-12-16 21:43:00,ST004,PRD0038,CUST0962,3,16717.88,Cash,Physical Store
TXN001635,2025-03-23 17:47:00,ST001,PRD0272,CUST0447,1,9997.42,Online,Physical Store
TXN001636,2025-05-07 21:47:00,ST005,PRD0278,CUST0566,1,7489.54,Mobile Wallet,Physical Store
TXN001637,2025-07-20 10:09:00,ST001,PRD0291,CUST0167,2,11295.17,Mobile Wallet,Physical Store
TXN001638,2025-09-07 08:32:00,ST005,PRD0029,CUST0752,4,14939.28,Online,Physical Store
TXN001639,2025-08-02 21:58:00,ST004,PRD0202,CUST0944,1,17402.33,Card,Physical Store
TXN001640,2025-12-25 14:59:00,ST005,PRD0079,CUST0173,5,6321.36,Mobile Wallet,Physical Store
TXN001641,2025-07-05 13:03:00,ST003,PRD0156,CUST0588,3,7788.01,Cash,Physical Store
TXN001642,2025-08-14 14:25:00,ST002,PRD0101,CUST0628,5,2955.72,Card,Physical Store
TXN001643,2025-10-18 14:22:00,ST004,PRD0005,CUST0620,5,13674.28,Card,Physical Store
TXN001644,2025-08-21 11:08:00,ST004,PRD0087,CUST0790,2,901.59,Cash,Physical Store
TXN001645,2025-02-15 12:09:00,ST006,PRD0131,CUST0444,4,7115.22,Card,Physical Store
TXN001646,2025-06-25 18:35:00,ST001,PRD0165,CUST0546,2,15750.95,Cash,Physical Store
TXN001647,2025-10-01 19:31:00,ST004,PRD0305,CUST0201,5,1169.36,Card,Physical Store
TXN001648,2025-11-24 11:46:00,ST005,PRD0160,CUST0174,5,16917.41,Mobile Wallet,Physical Store
TXN001649,2025-05-15 11:12:00,ST002,PRD0287,CUST0694,2,3212.74,Online,Physical Store
TXN001650,2025-08-24 10:56:00,ST005,PRD0188,CUST0118,3,10116.21,Card,Physical Store
TXN001651,2025-04-26 11:16:00,ST001,PRD0104,CUST0072,2,12631.32,Cash,Physical Store
TXN001652,2025-12-28 21:23:00,ST001,PRD0271,CUST1023,4,2468.45,Online,Physical Store
TXN001653,2025-05-17 13:55:00,ST006,PRD0240,CUST0800,5,5346.51,Online,Physical Store
TXN001654,2025-09-13 13:50:00,ST006,PRD0233,CUST0823,5,11296.41,Online,Physical Store
TXN001655,2025-11-22 13:12:00,ST003,PRD0185,CUST0492,4,17940.87,Mobile Wallet,Physical Store
TXN001656,2025-05-19 14:24:00,ST001,PRD0305,CUST1030,4,1169.36,Mobile Wallet,Physical Store
TXN001657,2025-04-17 12:08:00,ST003,PRD0041,CUST0363,3,16598.91,Online,Physical Store
TXN001658,2025-01-12 16:44:00,ST003,PRD0005,CUST0681,5,13674.28,Cash,Physical Store
TXN001659,2025-06-24 10:48:00,ST003,PRD0205,CUST0293,3,9509.22,Mobile Wallet,Physical Store
TXN001660,2025-07-23 12:54:00,ST002,PRD0229,CUST0373,1,22339.45,Cash,Physical Store
TXN001661,2025-08-21 21:17:00,ST006,PRD0070,CUST0491,3,13037.06,Cash,Physical Store
TXN001662,2025-05-17 10:24:00,ST006,PRD0063,CUST0586,1,13040.87,Online,Physical Store
TXN001663,2025-11-30 16:37:00,ST004,PRD0101,CUST0508,2,2955.72,Cash,Physical Store
TXN001664,2025-06-04 20:20:00,ST004,PRD0159,CUST0438,1,2977.17,Mobile Wallet,Physical Store
TXN001665,2025-04-23 18:49:00,ST006,PRD0235,CUST0463,1,17055.79,Cash,Physical Store
TXN001666,2025-01-16 16:41:00,ST003,PRD0063,CUST1016,5,13040.87,Card,Physical Store
TXN001667,2025-03-14 09:05:00,ST005,PRD0189,CUST0915,1,11978.82,Online,Physical Store
TXN001668,2025-06-12 10:13:00,ST004,PRD0186,CUST0573,2,12858.14,Mobile Wallet,Physical Store
TXN001669,2025-05-13 12:54:00,ST001,PRD0334,CUST1021,1,9286.96,Mobile Wallet,Physical Store
TXN001670,2025-04-10 18:10:00,ST004,PRD0332,CUST0052,5,7226.95,Online,Physical Store
TXN001671,2025-03-17 11:57:00,ST002,PRD0228,CUST0948,4,11198.46,Mobile Wallet,Physical Store
TXN001672,2025-07-24 18:20:00,ST004,PRD0209,CUST0386,2,2802.76,Cash,Physical Store
TXN001673,2025-02-27 12:58:00,ST002,PRD0032,CUST0096,3,16689.25,Mobile Wallet,Physical Store
TXN001674,2025-10-02 09:01:00,ST006,PRD0189,CUST0667,5,11978.82,Cash,Physical Store
TXN001675,2025-01-19 08:58:00,ST006,PRD0078,CUST0991,2,15781.51,Card,Physical Store
TXN001676,2025-02-03 12:11:00,ST001,PRD0164,CUST0949,2,12166.75,Mobile Wallet,Physical Store
TXN001677,2025-01-14 17:19:00,ST004,PRD0117,CUST0253,2,14750.74,Cash,Physical Store
TXN001678,2025-09-11 10:58:00,ST002,PRD0018,CUST0407,1,21346.27,Mobile Wallet,Physical Store
TXN001679,2025-11-15 13:22:00,ST006,PRD0079,CUST0801,2,6321.36,Cash,Physical Store
TXN001680,2025-11-04 18:11:00,ST003,PRD0295,CUST0993,2,20720.46,Card,Physical Store
TXN001681,2025-07-11 17:22:00,ST002,PRD0110,CUST0481,2,5481.63,Card,Physical Store
TXN001682,2025-11-24 19:49:00,ST002,PRD0227,CUST0465,5,17168.54,Card,Physical Store
TXN001683,2025-01-01 12:23:00,ST002,PRD0243,CUST0455,3,3916.43,Card,Physical Store
TXN001684,2025-04-27 14:27:00,ST001,PRD0045,CUST1039,3,1726.89,Mobile Wallet,Physical Store
TXN001685,2025-07-23 09:58:00,ST005,PRD0026,CUST0941,1,17486.51,Card,Physical Store
TXN001686,2025-07-19 17:31:00,ST002,PRD0062,CUST1036,2,3706.43,Mobile Wallet,Physical Store
TXN001687,2025-01-20 09:00:00,ST004,PRD0252,CUST0256,2,6953.84,Cash,Physical Store
TXN001688,2025-07-01 18:54:00,ST006,PRD0284,CUST0456,5,20638.42,Card,Physical Store
TXN001689,2025-12-28 09:54:00,ST005,PRD0253,CUST0891,3,17101.61,Online,Physical Store
TXN001690,2025-07-26 15:12:00,ST002,PRD0167,CUST0907,3,474.16,Card,Physical Store
TXN001691,2025-04-18 11:44:00,ST006,PRD0079,CUST0291,2,6321.36,Cash,Physical Store
TXN001692,2025-11-21 09:48:00,ST002,PRD0312,CUST0599,3,6604.88,Online,Physical Store
TXN001693,2025-10-14 18:54:00,ST002,PRD0290,CUST0316,2,1192.9,Online,Physical Store
TXN001694,2025-07-27 08:24:00,ST003,PRD0094,CUST0692,2,19664.63,Cash,Physical Store
TXN001695,2025-07-19 11:53:00,ST001,PRD0326,CUST0981,2,8972.53,Cash,Physical Store
TXN001696,2025-09-30 08:17:00,ST001,PRD0204,CUST1008,3,20131.16,Card,Physical Store
TXN001697,2025-01-04 15:42:00,ST003,PRD0162,CUST0470,5,19501.87,Cash,Physical Store
TXN001698,2025-12-01 16:20:00,ST002,PRD0077,CUST0028,1,22335.09,Mobile Wallet,Physical Store
TXN001699,2025-03-31 14:42:00,ST006,PRD0030,CUST1042,3,19772.8,Mobile Wallet,Physical Store
TXN001700,2025-04-28 17:53:00,ST001,PRD0243,CUST0749,4,3916.43,Online,Physical Store
TXN001701,2025-05-22 20:30:00,ST003,PRD0024,CUST0741,3,13723.71,Cash,Physical Store
TXN001702,2025-03-31 18:42:00,ST004,PRD0035,CUST0755,1,12242.79,Online,Physical Store
TXN001703,2025-02-06 09:36:00,ST003,PRD0176,CUST0676,4,16060.03,Cash,Physical Store
TXN001704,2025-10-19 18:05:00,ST002,PRD0296,CUST0770,5,10919.63,Online,Physical Store
TXN001705,2025-08-19 16:31:00,ST004,PRD0184,CUST0379,1,3319.57,Cash,Physical Store
TXN001706,2025-03-12 08:16:00,ST006,PRD0087,CUST0891,2,901.59,Cash,Physical Store
TXN001707,2025-02-06 17:55:00,ST002,PRD0334,CUST1017,1,9286.96,Cash,Physical Store
TXN001708,2025-03-18 12:04:00,ST005,PRD0104,CUST0499,4,12631.32,Mobile Wallet,Physical Store
TXN001709,2025-08-25 16:36:00,ST001,PRD0332,CUST0930,4,7226.95,Mobile Wallet,Physical Store
TXN001710,2025-04-21 09:10:00,ST002,PRD0219,CUST1005,4,19961.51,Cash,Physical Store
TXN001711,2025-11-05 20:11:00,ST006,PRD0068,CUST0897,4,12827.93,Cash,Physical Store
TXN001712,2025-08-24 13:44:00,ST004,PRD0296,CUST0974,5,10919.63,Online,Physical Store
TXN001713,2025-05-02 21:40:00,ST001,PRD0107,CUST0633,2,10336.83,Cash,Physical Store
TXN001714,2025-11-19 20:24:00,ST001,PRD0169,CUST0633,2,10615.75,Online,Physical Store
TXN001715,2025-04-04 11:07:00,ST001,PRD0075,CUST0094,2,20450.52,Cash,Physical Store
TXN001716,2025-06-30 21:01:00,ST003,PRD0179,CUST0996,4,20362.49,Online,Physical Store
TXN001717,2025-10-16 18:29:00,ST006,PRD0146,CUST0983,1,4109.1,Cash,Physical Store
TXN001718,2025-01-01 10:26:00,ST003,PRD0288,CUST0951,4,2165.9,Online,Physical Store
TXN001719,2025-10-06 18:48:00,ST003,PRD0223,CUST1017,4,16691.47,Mobile Wallet,Physical Store
TXN001720,2025-10-31 15:59:00,ST002,PRD0159,CUST0183,4,2977.17,Mobile Wallet,Physical Store
TXN001721,2025-06-27 14:44:00,ST001,PRD0018,CUST0527,3,21346.27,Cash,Physical Store
TXN001722,2025-07-28 11:22:00,ST002,PRD0162,CUST0452,4,19501.87,Cash,Physical Store
TXN001723,2025-10-29 19:24:00,ST002,PRD0140,CUST0874,5,12592.3,Mobile Wallet,Physical Store
TXN001724,2025-08-14 09:07:00,ST005,PRD0326,CUST0734,2,8972.53,Mobile Wallet,Physical Store
TXN001725,2025-04-25 13:13:00,ST004,PRD0026,CUST0760,5,17486.51,Cash,Physical Store
TXN001726,2025-04-02 13:22:00,ST002,PRD0057,CUST0331,5,21303.63,Mobile Wallet,Physical Store
TXN001727,2025-07-31 18:13:00,ST001,PRD0219,CUST0614,2,19961.51,Online,Physical Store
TXN001728,2025-11-11 12:58:00,ST004,PRD0269,CUST0687,5,6185.21,Online,Physical Store
TXN001729,2025-05-25 14:42:00,ST003,PRD0223,CUST0508,3,16691.47,Online,Physical Store
TXN001730,2025-05-30 19:14:00,ST003,PRD0158,CUST0528,1,20704.01,Cash,Physical Store
TXN001731,2025-07-22 17:59:00,ST002,PRD0309,CUST0501,5,20175.41,Online,Physical Store
TXN001732,2025-05-22 17:28:00,ST003,PRD0146,CUST0464,5,4109.1,Mobile Wallet,Physical Store
TXN001733,2025-05-16 08:33:00,ST002,PRD0288,CUST0351,2,2165.9,Cash,Physical Store
TXN001734,2025-10-31 13:32:00,ST006,PRD0216,CUST0263,5,5330.04,Mobile Wallet,Physical Store
TXN001735,2025-04-22 17:42:00,ST002,PRD0273,CUST0553,1,13625.49,Card,Physical Store
TXN001736,2025-02-23 08:57:00,ST001,PRD0293,CUST0913,2,17487.15,Card,Physical Store
TXN001737,2025-02-28 21:30:00,ST003,PRD0023,CUST0981,3,5149.18,Online,Physical Store
TXN001738,2025-04-09 12:40:00,ST004,PRD0212,CUST0759,3,7877.4,Card,Physical Store
TXN001739,2025-03-06 08:15:00,ST003,PRD0006,CUST0088,3,13477.68,Mobile Wallet,Physical Store
TXN001740,2025-06-05 14:59:00,ST002,PRD0033,CUST0304,5,21125.63,Cash,Physical Store
TXN001741,2025-01-15 10:57:00,ST001,PRD0183,CUST0219,2,10505.4,Card,Physical Store
TXN001742,2025-08-25 13:54:00,ST006,PRD0202,CUST0730,5,17402.33,Mobile Wallet,Physical Store
TXN001743,2025-04-08 13:37:00,ST005,PRD0173,CUST0966,1,8871.76,Mobile Wallet,Physical Store
TXN001744,2025-02-10 17:39:00,ST006,PRD0112,CUST0141,3,11463.12,Online,Physical Store
TXN001745,2025-10-10 12:12:00,ST004,PRD0133,CUST0671,4,1638.63,Card,Physical Store
TXN001746,2025-02-13 09:14:00,ST002,PRD0278,CUST0760,1,7489.54,Online,Physical Store
TXN001747,2025-04-04 11:53:00,ST001,PRD0209,CUST0323,2,2802.76,Card,Physical Store
TXN001748,2025-04-10 12:29:00,ST004,PRD0150,CUST0376,3,3759.79,Card,Physical Store
TXN001749,2025-12-02 09:01:00,ST006,PRD0155,CUST0476,4,15377.25,Mobile Wallet,Physical Store
TXN001750,2025-09-16 19:44:00,ST005,PRD0203,CUST0058,1,10598.59,Online,Physical Store
TXN001751,2025-12-30 19:57:00,ST005,PRD0073,CUST0575,4,13155.27,Cash,Physical Store
TXN001752,2025-03-20 20:41:00,ST003,PRD0046,CUST0998,4,20894.04,Cash,Physical Store
TXN001753,2025-08-27 12:12:00,ST003,PRD0020,CUST0619,2,18682.24,Cash,Physical Store
TXN001754,2025-03-21 11:34:00,ST002,PRD0188,CUST0097,2,10116.21,Online,Physical Store
TXN001755,2025-08-05 14:21:00,ST006,PRD0093,CUST0919,3,4406.01,Card,Physical Store
TXN001756,2025-04-12 11:08:00,ST002,PRD0267,CUST0314,5,13855.01,Cash,Physical Store
TXN001757,2025-03-11 08:08:00,ST001,PRD0170,CUST0822,5,1914.37,Card,Physical Store
TXN001758,2025-04-15 08:14:00,ST003,PRD0012,CUST0450,2,3550.38,Mobile Wallet,Physical Store
TXN001759,2025-08-28 15:04:00,ST003,PRD0063,CUST0877,4,13040.87,Cash,Physical Store
TXN001760,2025-08-13 21:27:00,ST005,PRD0073,CUST0980,5,13155.27,Online,Physical Store
TXN001761,2025-06-11 11:57:00,ST006,PRD0030,CUST0356,3,19772.8,Online,Physical Store
TXN001762,2025-04-18 08:05:00,ST005,PRD0089,CUST0473,5,4127.23,Online,Physical Store
TXN001763,2025-09-07 10:15:00,ST006,PRD0015,CUST0444,3,7026.68,Card,Physical Store
TXN001764,2025-01-24 10:34:00,ST005,PRD0152,CUST0939,1,13560.83,Cash,Physical Store
TXN001765,2025-02-16 15:45:00,ST003,PRD0084,CUST0335,2,16667.34,Cash,Physical Store
TXN001766,2025-07-11 08:28:00,ST004,PRD0212,CUST0531,5,7877.4,Cash,Physical Store
TXN001767,2025-09-01 18:40:00,ST004,PRD0254,CUST0658,3,11992.71,Cash,Physical Store
TXN001768,2025-11-15 20:53:00,ST001,PRD0308,CUST0375,3,8374.13,Mobile Wallet,Physical Store
TXN001769,2025-07-04 18:34:00,ST006,PRD0117,CUST0903,2,14750.74,Mobile Wallet,Physical Store
TXN001770,2025-11-19 10:21:00,ST002,PRD0259,CUST0132,2,7839.33,Online,Physical Store
TXN001771,2025-11-03 08:51:00,ST004,PRD0300,CUST0703,4,6059.15,Online,Physical Store
TXN001772,2025-12-31 12:58:00,ST004,PRD0260,CUST0302,2,9674.14,Card,Physical Store
TXN001773,2025-11-18 11:28:00,ST001,PRD0294,CUST0157,2,2896.16,Card,Physical Store
TXN001774,2025-02-13 09:03:00,ST001,PRD0062,CUST0938,5,3706.43,Card,Physical Store
TXN001775,2025-12-23 13:44:00,ST001,PRD0284,CUST0852,5,20638.42,Cash,Physical Store
TXN001776,2025-08-21 21:03:00,ST006,PRD0249,CUST0597,1,15746.95,Card,Physical Store
TXN001777,2025-11-03 10:22:00,ST002,PRD0054,CUST0516,3,3904.5,Online,Physical Store
TXN001778,2025-02-26 15:06:00,ST004,PRD0089,CUST0360,2,4127.23,Mobile Wallet,Physical Store
TXN001779,2025-05-11 11:14:00,ST002,PRD0286,CUST0931,2,14935.58,Cash,Physical Store
TXN001780,2025-07-04 21:18:00,ST004,PRD0077,CUST0296,1,22335.09,Card,Physical Store
TXN001781,2025-07-12 18:20:00,ST002,PRD0134,CUST0784,2,16453.67,Cash,Physical Store
TXN001782,2025-12-21 16:52:00,ST003,PRD0101,CUST0415,3,2955.72,Online,Physical Store
TXN001783,2025-08-15 21:01:00,ST004,PRD0157,CUST1029,5,19405.25,Online,Physical Store
TXN001784,2025-01-07 12:29:00,ST003,PRD0011,CUST0341,1,12715.64,Mobile Wallet,Physical Store
TXN001785,2025-09-17 18:22:00,ST006,PRD0037,CUST0642,2,4663.44,Mobile Wallet,Physical Store
TXN001786,2025-09-12 12:39:00,ST006,PRD0094,CUST0814,4,19664.63,Card,Physical Store
TXN001787,2025-03-23 17:47:00,ST003,PRD0163,CUST0849,2,16681.73,Card,Physical Store
TXN001788,2025-08-20 15:30:00,ST003,PRD0164,CUST0350,2,12166.75,Card,Physical Store
TXN001789,2025-01-09 14:05:00,ST001,PRD0205,CUST0716,5,9509.22,Card,Physical Store
TXN001790,2025-11-06 10:01:00,ST006,PRD0335,CUST0756,5,8481.29,Card,Physical Store
TXN001791,2025-03-19 17:18:00,ST004,PRD0060,CUST0147,3,20909.2,Card,Physical Store
TXN001792,2025-01-22 10:37:00,ST004,PRD0163,CUST0647,5,16681.73,Card,Physical Store
TXN001793,2025-08-12 11:29:00,ST005,PRD0079,CUST0837,2,6321.36,Online,Physical Store
TXN001794,2025-12-07 20:11:00,ST001,PRD0022,CUST0884,4,13125.31,Online,Physical Store
TXN001795,2025-12-06 12:39:00,ST003,PRD0264,CUST0056,5,8405.05,Cash,Physical Store
TXN001796,2025-04-10 11:46:00,ST001,PRD0055,CUST0457,5,18651.16,Cash,Physical Store
TXN001797,2025-05-20 17:34:00,ST006,PRD0115,CUST0322,1,3172.29,Cash,Physical Store
TXN001798,2025-04-01 21:09:00,ST003,PRD0049,CUST0355,1,17860.23,Online,Physical Store
TXN001799,2025-09-19 18:58:00,ST002,PRD0058,CUST0763,5,9174.14,Mobile Wallet,Physical Store
TXN001800,2025-10-06 14:34:00,ST001,PRD0256,CUST0823,3,2281.57,Cash,Physical Store
TXN001801,2025-10-26 09:33:00,ST005,PRD0168,CUST0537,5,14853.54,Cash,Physical Store
TXN001802,2025-07-19 12:19:00,ST004,PRD0069,CUST0002,1,12214.5,Card,Physical Store
TXN001803,2025-10-19 16:58:00,ST004,PRD0255,CUST0906,5,5769.03,Card,Physical Store
TXN001804,2025-06-10 16:20:00,ST004,PRD0199,CUST0823,3,10404.09,Online,Physical Store
TXN001805,2025-03-02 17:27:00,ST006,PRD0067,CUST0446,3,2993.21,Card,Physical Store
TXN001806,2025-02-27 17:09:00,ST001,PRD0224,CUST0297,2,9276.41,Card,Physical Store
TXN001807,2025-04-04 08:19:00,ST002,PRD0033,CUST0094,3,21125.63,Online,Physical Store
TXN001808,2025-09-30 11:50:00,ST005,PRD0058,CUST0577,4,9174.14,Cash,Physical Store
TXN001809,2025-02-16 15:55:00,ST004,PRD0315,CUST0915,2,6862.13,Online,Physical Store
TXN001810,2025-10-22 19:33:00,ST006,PRD0050,CUST0330,5,2136.14,Card,Physical Store
TXN001811,2025-02-26 19:35:00,ST004,PRD0011,CUST0117,2,12715.64,Mobile Wallet,Physical Store
TXN001812,2025-07-29 08:47:00,ST001,PRD0087,CUST0005,1,901.59,Online,Physical Store
TXN001813,2025-04-11 19:10:00,ST005,PRD0277,CUST0690,2,8719.93,Mobile Wallet,Physical Store
TXN001814,2025-04-07 21:06:00,ST003,PRD0002,CUST0659,1,5132.62,Card,Physical Store
TXN001815,2025-05-19 11:56:00,ST006,PRD0272,CUST0482,5,9997.42,Cash,Physical Store
TXN001816,2025-07-01 16:44:00,ST002,PRD0083,CUST0856,5,8207.95,Cash,Physical Store
TXN001817,2025-01-31 15:25:00,ST004,PRD0274,CUST0886,2,2220.38,Mobile Wallet,Physical Store
TXN001818,2025-05-05 21:14:00,ST005,PRD0091,CUST0424,5,17670.77,Mobile Wallet,Physical Store
TXN001819,2025-12-11 20:56:00,ST004,PRD0105,CUST0440,4,3477.95,Cash,Physical Store
TXN001820,2025-09-16 13:40:00,ST004,PRD0059,CUST0825,2,2986.61,Mobile Wallet,Physical Store
TXN001821,2025-02-23 11:27:00,ST001,PRD0283,CUST0625,1,16821.68,Cash,Physical Store
TXN001822,2025-04-08 10:42:00,ST002,PRD0259,CUST0322,2,7839.33,Card,Physical Store
TXN001823,2025-02-20 18:34:00,ST002,PRD0261,CUST0459,3,21613.13,Mobile Wallet,Physical Store
TXN001824,2025-11-04 19:54:00,ST006,PRD0033,CUST0977,3,21125.63,Cash,Physical Store
TXN001825,2025-07-27 15:31:00,ST004,PRD0198,CUST0195,1,2914.92,Online,Physical Store
TXN001826,2025-10-25 10:00:00,ST002,PRD0326,CUST0206,3,8972.53,Cash,Physical Store
TXN001827,2025-11-15 10:29:00,ST001,PRD0311,CUST0911,4,4148.18,Mobile Wallet,Physical Store
TXN001828,2025-09-15 19:07:00,ST005,PRD0181,CUST0859,5,8249.71,Card,Physical Store
TXN001829,2025-10-05 19:19:00,ST006,PRD0180,CUST1019,2,18463.04,Cash,Physical Store
TXN001830,2025-03-19 19:25:00,ST005,PRD0193,CUST0755,4,15266.12,Mobile Wallet,Physical Store
TXN001831,2025-03-29 17:55:00,ST003,PRD0182,CUST0193,2,19280.03,Mobile Wallet,Physical Store
TXN001832,2025-04-15 12:39:00,ST003,PRD0260,CUST0333,3,9674.14,Card,Physical Store
TXN001833,2025-11-05 12:42:00,ST006,PRD0223,CUST0019,4,16691.47,Online,Physical Store
TXN001834,2025-03-11 17:55:00,ST003,PRD0312,CUST0047,4,6604.88,Mobile Wallet,Physical Store
TXN001835,2025-03-15 20:39:00,ST003,PRD0211,CUST0867,5,11225.27,Cash,Physical Store
TXN001836,2025-08-13 17:39:00,ST005,PRD0203,CUST0993,1,10598.59,Cash,Physical Store
TXN001837,2025-10-11 20:38:00,ST003,PRD0235,CUST0629,4,17055.79,Online,Physical Store
TXN001838,2025-12-18 17:54:00,ST003,PRD0293,CUST0583,4,17487.15,Cash,Physical Store
TXN001839,2025-09-18 11:51:00,ST001,PRD0312,CUST1033,3,6604.88,Mobile Wallet,Physical Store
TXN001840,2025-08-25 11:18:00,ST004,PRD0235,CUST0704,2,17055.79,Cash,Physical Store
TXN001841,2025-07-14 12:49:00,ST003,PRD0300,CUST0058,3,6059.15,Online,Physical Store
TXN001842,2025-01-06 20:38:00,ST003,PRD0086,CUST0808,1,347.58,Card,Physical Store
TXN001843,2025-03-02 21:56:00,ST002,PRD0017,CUST0336,4,13431.35,Mobile Wallet,Physical Store
TXN001844,2025-01-21 14:25:00,ST005,PRD0149,CUST0126,1,19334.45,Card,Physical Store
TXN001845,2025-05-19 16:53:00,ST001,PRD0130,CUST0735,5,15909.47,Card,Physical Store
TXN001846,2025-01-01 16:56:00,ST003,PRD0277,CUST0390,1,8719.93,Mobile Wallet,Physical Store
TXN001847,2025-06-06 18:52:00,ST005,PRD0277,CUST0486,5,8719.93,Mobile Wallet,Physical Store
TXN001848,2025-05-15 21:54:00,ST002,PRD0055,CUST0712,4,18651.16,Cash,Physical Store
TXN001849,2025-03-18 15:50:00,ST001,PRD0190,CUST0027,1,5190.85,Card,Physical Store
TXN001850,2025-01-24 18:22:00,ST005,PRD0200,CUST0826,1,997.46,Online,Physical Store
TXN001851,2025-11-27 11:01:00,ST001,PRD0184,CUST0794,3,3319.57,Online,Physical Store
TXN001852,2025-10-17 11:52:00,ST004,PRD0225,CUST0603,4,15148.9,Cash,Physical Store
TXN001853,2025-09-15 20:30:00,ST004,PRD0010,CUST0243,5,15285.57,Card,Physical Store
TXN001854,2025-08-01 18:51:00,ST006,PRD0018,CUST0064,1,21346.27,Card,Physical Store
TXN001855,2025-08-07 13:56:00,ST003,PRD0063,CUST0098,2,13040.87,Online,Physical Store
TXN001856,2025-06-05 12:08:00,ST004,PRD0308,CUST0089,4,8374.13,Online,Physical Store
TXN001857,2025-12-07 13:27:00,ST002,PRD0287,CUST0821,3,3212.74,Online,Physical Store
TXN001858,2025-01-20 14:09:00,ST003,PRD0065,CUST0240,3,17099.96,Mobile Wallet,Physical Store
TXN001859,2025-09-02 10:20:00,ST002,PRD0218,CUST0366,2,17938.6,Cash,Physical Store
TXN001860,2025-11-08 08:21:00,ST004,PRD0121,CUST0442,3,11401.01,Cash,Physical Store
TXN001861,2025-05-13 15:19:00,ST005,PRD0246,CUST0797,3,437.82,Online,Physical Store
TXN001862,2025-12-17 20:20:00,ST004,PRD0191,CUST0457,5,9077.42,Online,Physical Store
TXN001863,2025-03-29 09:54:00,ST001,PRD0119,CUST0462,3,9036.76,Mobile Wallet,Physical Store
TXN001864,2025-02-11 10:18:00,ST001,PRD0171,CUST0713,2,13173.5,Card,Physical Store
TXN001865,2025-12-26 21:55:00,ST006,PRD0306,CUST0116,1,2327.28,Card,Physical Store
TXN001866,2025-07-21 10:42:00,ST006,PRD0095,CUST0188,1,14194.94,Mobile Wallet,Physical Store
TXN001867,2025-05-02 20:40:00,ST002,PRD0074,CUST0949,4,11205.61,Mobile Wallet,Physical Store
TXN001868,2025-05-19 16:41:00,ST003,PRD0280,CUST0505,5,14906.05,Online,Physical Store
TXN001869,2025-12-31 18:20:00,ST002,PRD0284,CUST0666,2,20638.42,Online,Physical Store
TXN001870,2025-03-29 18:53:00,ST001,PRD0178,CUST0287,3,970.06,Mobile Wallet,Physical Store
TXN001871,2025-03-01 16:20:00,ST001,PRD0251,CUST0755,5,6655.05,Mobile Wallet,Physical Store
TXN001872,2025-02-04 08:21:00,ST003,PRD0027,CUST0097,3,3678.01,Cash,Physical Store
TXN001873,2025-05-13 15:29:00,ST002,PRD0158,CUST0552,4,20704.01,Online,Physical Store
TXN001874,2025-11-23 11:22:00,ST005,PRD0073,CUST0610,4,13155.27,Online,Physical Store
TXN001875,2025-02-27 21:50:00,ST005,PRD0237,CUST0244,3,1672.14,Online,Physical Store
TXN001876,2025-12-26 20:36:00,ST003,PRD0236,CUST0409,3,16144.93,Card,Physical Store
TXN001877,2025-01-19 13:14:00,ST001,PRD0251,CUST1046,5,6655.05,Card,Physical Store
TXN001878,2025-04-10 09:33:00,ST001,PRD0112,CUST0863,1,11463.12,Card,Physical Store
TXN001879,2025-05-03 21:41:00,ST001,PRD0267,CUST0374,4,13855.01,Mobile Wallet,Physical Store
TXN001880,2025-09-17 16:56:00,ST002,PRD0090,CUST0140,3,18163.73,Mobile Wallet,Physical Store
TXN001881,2025-10-06 15:12:00,ST004,PRD0005,CUST0585,5,13674.28,Card,Physical Store
TXN001882,2025-06-11 18:04:00,ST004,PRD0161,CUST0372,1,9788.18,Online,Physical Store
TXN001883,2025-07-29 13:53:00,ST004,PRD0109,CUST0671,2,6325.94,Cash,Physical Store
TXN001884,2025-02-21 16:36:00,ST006,PRD0055,CUST0730,4,18651.16,Mobile Wallet,Physical Store
TXN001885,2025-04-07 12:17:00,ST006,PRD0196,CUST1017,1,14688.58,Mobile Wallet,Physical Store
TXN001886,2025-08-15 19:24:00,ST001,PRD0084,CUST0815,5,16667.34,Online,Physical Store
TXN001887,2025-04-25 11:52:00,ST005,PRD0203,CUST0280,5,10598.59,Online,Physical Store
TXN001888,2025-07-12 18:50:00,ST001,PRD0221,CUST0537,3,6401.8,Cash,Physical Store
TXN001889,2025-12-20 08:07:00,ST002,PRD0025,CUST0697,4,5447.28,Cash,Physical Store
TXN001890,2025-09-30 11:53:00,ST006,PRD0175,CUST0336,1,4600.64,Cash,Physical Store
TXN001891,2025-10-04 17:26:00,ST002,PRD0268,CUST0595,3,4050.68,Online,Physical Store
TXN001892,2025-07-19 12:47:00,ST006,PRD0264,CUST0610,5,8405.05,Mobile Wallet,Physical Store
TXN001893,2025-10-26 13:28:00,ST003,PRD0088,CUST0760,4,2632.29,Online,Physical Store
TXN001894,2025-09-24 10:33:00,ST002,PRD0057,CUST0106,2,21303.63,Cash,Physical Store
TXN001895,2025-08-14 19:37:00,ST003,PRD0237,CUST0152,2,1672.14,Card,Physical Store
TXN001896,2025-11-24 17:58:00,ST001,PRD0232,CUST0168,4,14516.97,Online,Physical Store
TXN001897,2025-10-25 16:19:00,ST003,PRD0135,CUST0674,1,310.8,Card,Physical Store
TXN001898,2025-08-06 15:48:00,ST001,PRD0082,CUST0802,5,20809.35,Cash,Physical Store
TXN001899,2025-04-04 19:13:00,ST005,PRD0327,CUST0061,2,8268.43,Online,Physical Store
TXN001900,2025-08-11 21:34:00,ST002,PRD0059,CUST0168,5,2986.61,Mobile Wallet,Physical Store
TXN001901,2025-10-03 09:17:00,ST006,PRD0173,CUST0024,1,8871.76,Card,Physical Store
TXN001902,2025-02-23 15:29:00,ST003,PRD0296,CUST0097,3,10919.63,Card,Physical Store
TXN001903,2025-10-14 21:27:00,ST003,PRD0217,CUST0426,2,20488.83,Cash,Physical Store
TXN001904,2025-11-18 21:42:00,ST001,PRD0161,CUST1034,5,9788.18,Mobile Wallet,Physical Store
TXN001905,2025-01-07 20:53:00,ST006,PRD0164,CUST0400,2,12166.75,Mobile Wallet,Physical Store
TXN001906,2025-01-11 19:47:00,ST002,PRD0063,CUST0250,5,13040.87,Cash,Physical Store
TXN001907,2025-01-06 11:54:00,ST004,PRD0273,CUST0258,5,13625.49,Online,Physical Store
TXN001908,2025-03-10 18:55:00,ST002,PRD0162,CUST0716,1,19501.87,Mobile Wallet,Physical Store
TXN001909,2025-01-22 17:03:00,ST001,PRD0272,CUST0672,5,9997.42,Cash,Physical Store
TXN001910,2025-01-22 12:20:00,ST002,PRD0032,CUST0278,3,16689.25,Mobile Wallet,Physical Store
TXN001911,2025-04-16 14:04:00,ST004,PRD0176,CUST1017,2,16060.03,Mobile Wallet,Physical Store
TXN001912,2025-03-13 15:05:00,ST006,PRD0112,CUST0715,5,11463.12,Mobile Wallet,Physical Store
TXN001913,2025-10-18 11:13:00,ST001,PRD0181,CUST0496,5,8249.71,Cash,Physical Store
TXN001914,2025-11-17 13:34:00,ST003,PRD0165,CUST0882,1,15750.95,Online,Physical Store
TXN001915,2025-08-19 18:15:00,ST004,PRD0045,CUST0685,4,1726.89,Card,Physical Store
TXN001916,2025-10-27 15:36:00,ST001,PRD0096,CUST0732,3,5240.02,Cash,Physical Store
TXN001917,2025-07-14 12:15:00,ST005,PRD0202,CUST0088,2,17402.33,Card,Physical Store
TXN001918,2025-08-30 15:11:00,ST005,PRD0234,CUST0058,2,15054.11,Mobile Wallet,Physical Store
TXN001919,2025-11-29 14:26:00,ST003,PRD0003,CUST0703,2,7463.9,Card,Physical Store
TXN001920,2025-09-24 09:24:00,ST006,PRD0131,CUST0526,1,7115.22,Mobile Wallet,Physical Store
TXN001921,2025-02-09 08:57:00,ST006,PRD0054,CUST0946,3,3904.5,Card,Physical Store
TXN001922,2025-06-21 16:55:00,ST003,PRD0326,CUST0614,4,8972.53,Cash,Physical Store
TXN001923,2025-07-11 09:02:00,ST004,PRD0097,CUST0003,2,7060.13,Card,Physical Store
TXN001924,2025-01-05 12:09:00,ST004,PRD0250,CUST0860,2,2291.41,Card,Physical Store
TXN001925,2025-09-18 21:06:00,ST004,PRD0135,CUST0531,3,310.8,Cash,Physical Store
TXN001926,2025-09-28 20:37:00,ST001,PRD0118,CUST0650,2,21036.15,Mobile Wallet,Physical Store
TXN001927,2025-10-22 20:02:00,ST003,PRD0215,CUST1015,4,3497.38,Cash,Physical Store
TXN001928,2025-10-19 10:11:00,ST005,PRD0259,CUST0570,5,7839.33,Mobile Wallet,Physical Store
TXN001929,2025-05-19 21:20:00,ST003,PRD0180,CUST0230,2,18463.04,Mobile Wallet,Physical Store
TXN001930,2025-03-11 21:31:00,ST002,PRD0064,CUST0929,3,1220.74,Cash,Physical Store
TXN001931,2025-11-25 14:51:00,ST004,PRD0284,CUST0246,1,20638.42,Online,Physical Store
TXN001932,2025-01-18 11:19:00,ST001,PRD0107,CUST1032,5,10336.83,Mobile Wallet,Physical Store
TXN001933,2025-04-16 16:30:00,ST002,PRD0227,CUST0736,5,17168.54,Card,Physical Store
TXN001934,2025-04-20 14:18:00,ST003,PRD0244,CUST0921,1,14144.2,Cash,Physical Store
TXN001935,2025-04-30 19:00:00,ST001,PRD0310,CUST0026,5,21244.72,Online,Physical Store
TXN001936,2025-04-09 16:52:00,ST002,PRD0327,CUST0859,1,8268.43,Card,Physical Store
TXN001937,2025-07-22 10:22:00,ST003,PRD0136,CUST0342,1,12055.78,Cash,Physical Store
TXN001938,2025-12-02 21:10:00,ST001,PRD0120,CUST0175,5,14398.39,Online,Physical Store
TXN001939,2025-08-19 15:08:00,ST001,PRD0004,CUST0550,3,8894.11,Cash,Physical Store
TXN001940,2025-01-29 19:44:00,ST005,PRD0254,CUST0558,1,11992.71,Card,Physical Store
TXN001941,2025-03-23 12:23:00,ST005,PRD0123,CUST0155,1,13170.98,Mobile Wallet,Physical Store
TXN001942,2025-11-12 12:06:00,ST003,PRD0325,CUST0296,2,10102.17,Mobile Wallet,Physical Store
TXN001943,2025-01-15 17:46:00,ST006,PRD0286,CUST0973,2,14935.58,Mobile Wallet,Physical Store
TXN001944,2025-05-11 21:59:00,ST002,PRD0295,CUST0834,2,20720.46,Card,Physical Store
TXN001945,2025-07-11 09:31:00,ST003,PRD0153,CUST0296,2,17511.62,Cash,Physical Store
TXN001946,2025-05-16 21:56:00,ST004,PRD0331,CUST0439,2,7946.53,Cash,Physical Store
TXN001947,2025-02-25 16:53:00,ST002,PRD0319,CUST0106,1,6266.57,Online,Physical Store
TXN001948,2025-07-15 16:27:00,ST001,PRD0051,CUST0782,2,10472.7,Mobile Wallet,Physical Store
TXN001949,2025-01-07 10:34:00,ST001,PRD0205,CUST0919,2,9509.22,Card,Physical Store
TXN001950,2025-01-18 08:38:00,ST004,PRD0172,CUST0485,4,20895.21,Card,Physical Store
TXN001951,2025-02-05 17:23:00,ST005,PRD0101,CUST0839,5,2955.72,Cash,Physical Store
TXN001952,2025-01-06 13:29:00,ST001,PRD0244,CUST0642,1,14144.2,Cash,Physical Store
TXN001953,2025-09-11 11:08:00,ST004,PRD0171,CUST0026,1,13173.5,Card,Physical Store
TXN001954,2025-11-12 15:05:00,ST002,PRD0098,CUST0071,4,620.21,Card,Physical Store
TXN001955,2025-02-17 09:13:00,ST001,PRD0277,CUST0780,5,8719.93,Mobile Wallet,Physical Store
TXN001956,2025-02-08 18:24:00,ST001,PRD0254,CUST0292,2,11992.71,Cash,Physical Store
TXN001957,2025-05-10 13:55:00,ST004,PRD0144,CUST0835,1,17251.78,Cash,Physical Store
TXN001958,2025-10-19 10:35:00,ST004,PRD0036,CUST0971,1,5751.78,Online,Physical Store
TXN001959,2025-06-06 11:26:00,ST003,PRD0028,CUST0297,2,9297.13,Online,Physical Store
TXN001960,2025-03-09 10:23:00,ST001,PRD0074,CUST0191,4,11205.61,Card,Physical Store
TXN001961,2025-06-25 10:13:00,ST002,PRD0301,CUST0553,1,16353.38,Cash,Physical Store
TXN001962,2025-10-26 12:19:00,ST004,PRD0229,CUST0972,2,22339.45,Cash,Physical Store
TXN001963,2025-04-17 18:11:00,ST001,PRD0216,CUST0724,3,5330.04,Card,Physical Store
TXN001964,2025-03-08 15:26:00,ST003,PRD0041,CUST0954,5,16598.91,Cash,Physical Store
TXN001965,2025-12-13 10:17:00,ST005,PRD0177,CUST0736,5,6812.39,Online,Physical Store
TXN001966,2025-02-27 14:02:00,ST005,PRD0068,CUST0217,1,12827.93,Cash,Physical Store
TXN001967,2025-06-13 16:37:00,ST005,PRD0047,CUST0350,4,5346.17,Mobile Wallet,Physical Store
TXN001968,2025-12-26 12:46:00,ST004,PRD0311,CUST0848,3,4148.18,Mobile Wallet,Physical Store
TXN001969,2025-09-21 18:26:00,ST004,PRD0065,CUST0439,4,17099.96,Cash,Physical Store
TXN001970,2025-01-05 16:33:00,ST003,PRD0138,CUST0639,4,7484.07,Cash,Physical Store
TXN001971,2025-09-19 19:14:00,ST001,PRD0225,CUST0182,5,15148.9,Cash,Physical Store
TXN001972,2025-09-09 12:39:00,ST004,PRD0291,CUST0268,1,11295.17,Online,Physical Store
TXN001973,2025-01-23 08:25:00,ST005,PRD0293,CUST0413,4,17487.15,Card,Physical Store
TXN001974,2025-04-12 20:20:00,ST003,PRD0118,CUST0571,5,21036.15,Mobile Wallet,Physical Store
TXN001975,2025-05-19 15:02:00,ST002,PRD0259,CUST0324,1,7839.33,Mobile Wallet,Physical Store
TXN001976,2025-06-13 12:27:00,ST002,PRD0096,CUST0304,1,5240.02,Cash,Physical Store
TXN001977,2025-03-27 11:47:00,ST003,PRD0252,CUST0304,1,6953.84,Online,Physical Store
TXN001978,2025-01-01 11:48:00,ST001,PRD0112,CUST0005,1,11463.12,Cash,Physical Store
TXN001979,2025-10-08 16:24:00,ST004,PRD0128,CUST0598,4,9239.11,Card,Physical Store
TXN001980,2025-10-31 09:39:00,ST005,PRD0003,CUST0007,5,7463.9,Cash,Physical Store
TXN001981,2025-03-04 12:07:00,ST005,PRD0208,CUST0006,1,826.73,Cash,Physical Store
TXN001982,2025-07-16 17:48:00,ST002,PRD0322,CUST0312,2,1196.67,Mobile Wallet,Physical Store
TXN001983,2025-04-14 15:47:00,ST001,PRD0298,CUST0942,5,8588.83,Mobile Wallet,Physical Store
TXN001984,2025-01-05 16:50:00,ST001,PRD0173,CUST0615,5,8871.76,Mobile Wallet,Physical Store
TXN001985,2025-09-03 12:24:00,ST001,PRD0126,CUST0084,1,8272.6,Online,Physical Store
TXN001986,2025-12-17 11:15:00,ST006,PRD0223,CUST0244,1,16691.47,Card,Physical Store
TXN001987,2025-08-17 09:59:00,ST001,PRD0050,CUST0175,3,2136.14,Online,Physical Store
TXN001988,2025-12-22 12:21:00,ST003,PRD0257,CUST0290,5,13818.08,Card,Physical Store
TXN001989,2025-01-10 11:40:00,ST003,PRD0134,CUST0025,1,16453.67,Card,Physical Store
TXN001990,2025-06-15 20:15:00,ST001,PRD0143,CUST0846,4,7468.23,Mobile Wallet,Physical Store
TXN001991,2025-06-14 14:36:00,ST005,PRD0311,CUST0513,3,4148.18,Online,Physical Store
TXN001992,2025-07-27 14:28:00,ST001,PRD0076,CUST0110,1,3801.59,Card,Physical Store
TXN001993,2025-05-17 18:46:00,ST001,PRD0009,CUST0286,5,2429.12,Card,Physical Store
TXN001994,2025-03-12 18:14:00,ST003,PRD0263,CUST0915,5,3550.61,Cash,Physical Store
TXN001995,2025-03-18 14:09:00,ST001,PRD0018,CUST0710,5,21346.27,Mobile Wallet,Physical Store
TXN001996,2025-05-15 19:20:00,ST003,PRD0070,CUST0958,2,13037.06,Card,Physical Store
TXN001997,2025-07-30 12:10:00,ST001,PRD0114,CUST0706,4,9757.31,Cash,Physical Store
TXN001998,2025-05-31 09:10:00,ST002,PRD0318,CUST0194,5,9023.94,Online,Physical Store
TXN001999,2025-02-24 16:07:00,ST006,PRD0215,CUST0143,2,3497.38,Online,Physical Store
TXN002000,2025-06-27 17:01:00,ST001,PRD0147,CUST0815,1,17668.05,Cash,Physical Store
TXN002001,2025-08-26 17:11:00,ST004,PRD0113,CUST0114,3,5925.51,Mobile Wallet,Physical Store
TXN002002,2025-01-13 08:05:00,ST002,PRD0066,CUST0497,5,13064.65,Mobile Wallet,Physical Store
TXN002003,2025-02-14 08:05:00,ST005,PRD0090,CUST0411,2,18163.73,Mobile Wallet,Physical Store
TXN002004,2025-02-05 13:05:00,ST005,PRD0065,CUST0061,3,17099.96,Online,Physical Store
TXN002005,2025-01-06 15:47:00,ST002,PRD0220,CUST0892,3,11025.69,Online,Physical Store
TXN002006,2025-06-09 14:46:00,ST002,PRD0024,CUST0626,2,13723.71,Mobile Wallet,Physical Store
TXN002007,2025-08-03 11:54:00,ST001,PRD0325,CUST0615,4,10102.17,Cash,Physical Store
TXN002008,2025-11-15 09:21:00,ST004,PRD0122,CUST0015,3,5139.97,Card,Physical Store
TXN002009,2025-06-08 15:54:00,ST003,PRD0077,CUST0532,2,22335.09,Mobile Wallet,Physical Store
TXN002010,2025-02-12 15:26:00,ST003,PRD0274,CUST0347,2,2220.38,Cash,Physical Store
TXN002011,2025-12-14 10:52:00,ST004,PRD0235,CUST0376,4,17055.79,Cash,Physical Store
TXN002012,2025-09-18 14:54:00,ST006,PRD0215,CUST0794,3,3497.38,Mobile Wallet,Physical Store
TXN002013,2025-03-20 21:08:00,ST004,PRD0142,CUST0157,5,1184.22,Mobile Wallet,Physical Store
TXN002014,2025-10-07 15:32:00,ST004,PRD0139,CUST0601,4,3538.08,Cash,Physical Store
TXN002015,2025-12-06 10:37:00,ST001,PRD0031,CUST0426,3,5505.62,Cash,Physical Store
TXN002016,2025-07-31 09:51:00,ST005,PRD0262,CUST0622,5,19768.74,Mobile Wallet,Physical Store
TXN002017,2025-06-04 10:08:00,ST002,PRD0121,CUST0642,3,11401.01,Online,Physical Store
TXN002018,2025-01-28 12:46:00,ST002,PRD0215,CUST0775,5,3497.38,Cash,Physical Store
TXN002019,2025-03-19 09:21:00,ST005,PRD0327,CUST0887,3,8268.43,Online,Physical Store
TXN002020,2025-03-25 13:16:00,ST004,PRD0295,CUST0353,1,20720.46,Online,Physical Store
TXN002021,2025-05-25 18:52:00,ST006,PRD0046,CUST0254,1,20894.04,Mobile Wallet,Physical Store
TXN002022,2025-04-11 16:35:00,ST002,PRD0042,CUST0301,4,21532.78,Cash,Physical Store
TXN002023,2025-12-09 14:14:00,ST006,PRD0158,CUST0462,3,20704.01,Online,Physical Store
TXN002024,2025-09-14 21:55:00,ST005,PRD0258,CUST0367,1,3276.89,Online,Physical Store
TXN002025,2025-10-28 20:26:00,ST004,PRD0275,CUST0048,4,837.23,Online,Physical Store
TXN002026,2025-01-10 13:54:00,ST002,PRD0051,CUST0207,1,10472.7,Cash,Physical Store
TXN002027,2025-03-24 21:56:00,ST006,PRD0190,CUST0637,2,5190.85,Online,Physical Store
TXN002028,2025-02-12 20:46:00,ST001,PRD0096,CUST0507,1,5240.02,Mobile Wallet,Physical Store
TXN002029,2025-01-27 12:39:00,ST002,PRD0271,CUST0869,1,2468.45,Mobile Wallet,Physical Store
TXN002030,2025-03-14 09:45:00,ST001,PRD0329,CUST1035,4,2156.83,Cash,Physical Store
TXN002031,2025-04-14 10:03:00,ST004,PRD0104,CUST0216,5,12631.32,Cash,Physical Store
TXN002032,2025-02-11 09:51:00,ST002,PRD0142,CUST0067,1,1184.22,Online,Physical Store
TXN002033,2025-09-01 21:07:00,ST006,PRD0124,CUST0220,4,2894.98,Cash,Physical Store
TXN002034,2025-10-29 21:29:00,ST006,PRD0334,CUST0850,1,9286.96,Cash,Physical Store
TXN002035,2025-11-19 20:24:00,ST001,PRD0080,CUST0727,5,5394.99,Online,Physical Store
TXN002036,2025-02-20 17:41:00,ST003,PRD0146,CUST0956,5,4109.1,Online,Physical Store
TXN002037,2025-01-05 18:07:00,ST003,PRD0040,CUST0422,4,11363.76,Card,Physical Store
TXN002038,2025-06-22 16:10:00,ST002,PRD0062,CUST0047,4,3706.43,Mobile Wallet,Physical Store
TXN002039,2025-09-25 19:00:00,ST005,PRD0242,CUST0282,4,11290.47,Cash,Physical Store
TXN002040,2025-04-27 15:07:00,ST001,PRD0213,CUST0217,4,2681.49,Cash,Physical Store
TXN002041,2025-11-12 15:53:00,ST006,PRD0080,CUST0266,2,5394.99,Mobile Wallet,Physical Store
TXN002042,2025-05-09 15:31:00,ST003,PRD0062,CUST0406,4,3706.43,Card,Physical Store
TXN002043,2025-01-21 15:56:00,ST002,PRD0215,CUST0218,1,3497.38,Online,Physical Store
TXN002044,2025-10-08 08:43:00,ST004,PRD0282,CUST0751,3,5174.17,Cash,Physical Store
TXN002045,2025-01-08 10:41:00,ST002,PRD0132,CUST0601,2,8197.06,Card,Physical Store
TXN002046,2025-07-22 10:10:00,ST001,PRD0063,CUST0801,5,13040.87,Mobile Wallet,Physical Store
TXN002047,2025-11-05 18:48:00,ST003,PRD0196,CUST0722,4,14688.58,Mobile Wallet,Physical Store
TXN002048,2025-12-08 15:01:00,ST001,PRD0200,CUST0907,3,997.46,Mobile Wallet,Physical Store
TXN002049,2025-11-14 19:07:00,ST001,PRD0126,CUST0747,2,8272.6,Online,Physical Store
TXN002050,2025-01-29 19:07:00,ST004,PRD0209,CUST0611,2,2802.76,Cash,Physical Store
TXN002051,2025-01-03 15:59:00,ST003,PRD0005,CUST0446,2,13674.28,Cash,Physical Store
TXN002052,2025-11-29 16:49:00,ST002,PRD0133,CUST0321,3,1638.63,Cash,Physical Store
TXN002053,2025-11-14 16:55:00,ST005,PRD0114,CUST0281,3,9757.31,Online,Physical Store
TXN002054,2025-09-15 09:14:00,ST001,PRD0013,CUST0021,3,22686.55,Mobile Wallet,Physical Store
TXN002055,2025-11-04 20:51:00,ST002,PRD0039,CUST0032,3,15677.76,Cash,Physical Store
TXN002056,2025-03-17 09:23:00,ST006,PRD0037,CUST0773,4,4663.44,Online,Physical Store
TXN002057,2025-10-09 14:44:00,ST002,PRD0149,CUST0828,2,19334.45,Online,Physical Store
TXN002058,2025-04-30 12:35:00,ST003,PRD0047,CUST0192,1,5346.17,Cash,Physical Store
TXN002059,2025-03-02 20:17:00,ST002,PRD0256,CUST0862,3,2281.57,Mobile Wallet,Physical Store
TXN002060,2025-09-16 21:51:00,ST003,PRD0300,CUST0870,1,6059.15,Mobile Wallet,Physical Store
TXN002061,2025-05-07 16:21:00,ST005,PRD0165,CUST0228,2,15750.95,Cash,Physical Store
TXN002062,2025-08-18 15:21:00,ST005,PRD0051,CUST0275,2,10472.7,Online,Physical Store
TXN002063,2025-10-16 15:32:00,ST003,PRD0051,CUST0700,3,10472.7,Card,Physical Store
TXN002064,2025-07-12 21:40:00,ST002,PRD0024,CUST0946,2,13723.71,Mobile Wallet,Physical Store
TXN002065,2025-01-10 10:18:00,ST003,PRD0150,CUST0892,3,3759.79,Mobile Wallet,Physical Store
TXN002066,2025-08-25 15:09:00,ST004,PRD0019,CUST0734,1,7427.25,Cash,Physical Store
TXN002067,2025-01-14 15:13:00,ST001,PRD0032,CUST1025,4,16689.25,Online,Physical Store
TXN002068,2025-07-16 20:16:00,ST006,PRD0334,CUST0985,5,9286.96,Card,Physical Store
TXN002069,2025-09-04 18:46:00,ST004,PRD0032,CUST0444,1,16689.25,Online,Physical Store
TXN002070,2025-06-07 11:33:00,ST003,PRD0009,CUST0381,4,2429.12,Cash,Physical Store
TXN002071,2025-06-04 16:54:00,ST004,PRD0167,CUST0941,2,474.16,Cash,Physical Store
TXN002072,2025-03-24 17:11:00,ST006,PRD0171,CUST0532,4,13173.5,Mobile Wallet,Physical Store
TXN002073,2025-03-17 15:11:00,ST004,PRD0285,CUST0615,1,11577.34,Mobile Wallet,Physical Store
TXN002074,2025-08-08 12:08:00,ST006,PRD0006,CUST0913,4,13477.68,Card,Physical Store
TXN002075,2025-03-15 15:04:00,ST006,PRD0106,CUST0693,2,11908.0,Mobile Wallet,Physical Store
TXN002076,2025-09-01 14:44:00,ST002,PRD0071,CUST0734,5,3015.69,Card,Physical Store
TXN002077,2025-09-28 14:46:00,ST001,PRD0259,CUST0974,5,7839.33,Mobile Wallet,Physical Store
TXN002078,2025-12-10 19:01:00,ST006,PRD0135,CUST0806,5,310.8,Card,Physical Store
TXN002079,2025-04-01 08:44:00,ST003,PRD0172,CUST0759,2,20895.21,Cash,Physical Store
TXN002080,2025-06-27 20:01:00,ST002,PRD0269,CUST0297,4,6185.21,Mobile Wallet,Physical Store
TXN002081,2025-02-12 13:38:00,ST001,PRD0231,CUST0879,3,17703.38,Online,Physical Store
TXN002082,2025-04-09 18:41:00,ST001,PRD0165,CUST0843,4,15750.95,Mobile Wallet,Physical Store
TXN002083,2025-09-14 17:56:00,ST003,PRD0238,CUST1024,3,15120.33,Online,Physical Store
TXN002084,2025-03-23 14:54:00,ST005,PRD0040,CUST0057,2,11363.76,Online,Physical Store
TXN002085,2025-03-17 21:11:00,ST006,PRD0245,CUST0431,4,8847.6,Card,Physical Store
TXN002086,2025-08-22 19:13:00,ST002,PRD0093,CUST0123,2,4406.01,Card,Physical Store
TXN002087,2025-09-04 09:06:00,ST006,PRD0039,CUST0952,3,15677.76,Mobile Wallet,Physical Store
TXN002088,2025-08-07 17:07:00,ST002,PRD0252,CUST0219,4,6953.84,Cash,Physical Store
TXN002089,2025-05-31 10:39:00,ST003,PRD0279,CUST0762,1,1882.31,Online,Physical Store
TXN002090,2025-10-10 14:36:00,ST003,PRD0284,CUST0477,1,20638.42,Card,Physical Store
TXN002091,2025-02-23 21:27:00,ST005,PRD0297,CUST0017,2,14685.23,Card,Physical Store
TXN002092,2025-04-06 08:57:00,ST005,PRD0093,CUST0847,5,4406.01,Cash,Physical Store
TXN002093,2025-02-18 12:11:00,ST001,PRD0204,CUST0551,4,20131.16,Cash,Physical Store
TXN002094,2025-08-05 16:01:00,ST001,PRD0037,CUST0923,4,4663.44,Card,Physical Store
TXN002095,2025-02-11 14:59:00,ST003,PRD0100,CUST0913,1,12867.68,Cash,Physical Store
TXN002096,2025-01-17 12:37:00,ST004,PRD0102,CUST0428,2,18335.61,Mobile Wallet,Physical Store
TXN002097,2025-04-04 12:58:00,ST002,PRD0144,CUST0772,5,17251.78,Cash,Physical Store
TXN002098,2025-08-14 10:36:00,ST002,PRD0143,CUST0909,4,7468.23,Cash,Physical Store
TXN002099,2025-10-04 11:36:00,ST003,PRD0017,CUST0815,3,13431.35,Cash,Physical Store
TXN002100,2025-03-22 13:39:00,ST006,PRD0314,CUST0666,1,14001.37,Card,Physical Store
TXN002101,2025-11-06 11:08:00,ST002,PRD0237,CUST0324,4,1672.14,Cash,Physical Store
TXN002102,2025-03-23 17:07:00,ST006,PRD0199,CUST0456,3,10404.09,Cash,Physical Store
TXN002103,2025-06-02 20:36:00,ST004,PRD0220,CUST0122,2,11025.69,Mobile Wallet,Physical Store
TXN002104,2025-08-20 14:41:00,ST002,PRD0170,CUST0352,4,1914.37,Online,Physical Store
TXN002105,2025-07-02 11:37:00,ST006,PRD0251,CUST0543,5,6655.05,Online,Physical Store
TXN002106,2025-01-12 15:46:00,ST004,PRD0001,CUST1036,5,11200.87,Online,Physical Store
TXN002107,2025-01-02 14:47:00,ST001,PRD0254,CUST0745,4,11992.71,Card,Physical Store
TXN002108,2025-01-23 16:00:00,ST001,PRD0053,CUST0352,5,4167.18,Card,Physical Store
TXN002109,2025-04-06 20:04:00,ST005,PRD0191,CUST0613,2,9077.42,Cash,Physical Store
TXN002110,2025-05-24 12:34:00,ST002,PRD0294,CUST0071,5,2896.16,Card,Physical Store
TXN002111,2025-03-22 13:12:00,ST001,PRD0127,CUST0423,2,5043.76,Card,Physical Store
TXN002112,2025-05-06 13:04:00,ST006,PRD0021,CUST0316,3,1768.36,Online,Physical Store
TXN002113,2025-06-26 21:03:00,ST003,PRD0059,CUST0464,3,2986.61,Online,Physical Store
TXN002114,2025-12-16 08:14:00,ST005,PRD0208,CUST1033,5,826.73,Online,Physical Store
TXN002115,2025-12-22 20:13:00,ST002,PRD0320,CUST0397,2,8347.21,Card,Physical Store
TXN002116,2025-05-31 21:15:00,ST004,PRD0202,CUST0335,5,17402.33,Card,Physical Store
TXN002117,2025-01-04 20:34:00,ST006,PRD0014,CUST0711,5,6143.33,Card,Physical Store
TXN002118,2025-03-04 10:53:00,ST002,PRD0138,CUST0554,1,7484.07,Cash,Physical Store
TXN002119,2025-08-16 20:21:00,ST005,PRD0307,CUST0805,3,11194.39,Card,Physical Store
TXN002120,2025-01-29 09:09:00,ST002,PRD0125,CUST1017,4,13628.37,Cash,Physical Store
TXN002121,2025-09-04 15:19:00,ST002,PRD0302,CUST0762,3,9747.03,Cash,Physical Store
TXN002122,2025-01-08 14:11:00,ST005,PRD0305,CUST0550,1,1169.36,Card,Physical Store
TXN002123,2025-08-18 13:39:00,ST004,PRD0051,CUST0272,2,10472.7,Mobile Wallet,Physical Store
TXN002124,2025-02-08 19:14:00,ST002,PRD0052,CUST0987,3,7984.07,Mobile Wallet,Physical Store
TXN002125,2025-03-07 14:54:00,ST002,PRD0141,CUST0970,3,11741.07,Mobile Wallet,Physical Store
TXN002126,2025-05-09 14:06:00,ST004,PRD0073,CUST0053,5,13155.27,Cash,Physical Store
TXN002127,2025-08-18 20:49:00,ST005,PRD0118,CUST0055,1,21036.15,Card,Physical Store
TXN002128,2025-12-04 19:56:00,ST002,PRD0273,CUST0551,3,13625.49,Online,Physical Store
TXN002129,2025-02-01 11:10:00,ST006,PRD0055,CUST0129,3,18651.16,Card,Physical Store
TXN002130,2025-06-19 13:00:00,ST002,PRD0163,CUST0193,3,16681.73,Card,Physical Store
TXN002131,2025-02-21 17:40:00,ST006,PRD0054,CUST0614,2,3904.5,Cash,Physical Store
TXN002132,2025-09-22 21:28:00,ST003,PRD0249,CUST0945,2,15746.95,Mobile Wallet,Physical Store
TXN002133,2025-11-06 10:23:00,ST001,PRD0129,CUST0269,2,13492.02,Card,Physical Store
TXN002134,2025-12-29 21:16:00,ST001,PRD0322,CUST0659,5,1196.67,Card,Physical Store
TXN002135,2025-01-04 12:49:00,ST001,PRD0278,CUST0990,4,7489.54,Mobile Wallet,Physical Store
TXN002136,2025-09-10 18:24:00,ST002,PRD0295,CUST0407,2,20720.46,Card,Physical Store
TXN002137,2025-10-29 17:35:00,ST003,PRD0221,CUST0726,1,6401.8,Cash,Physical Store
TXN002138,2025-03-26 13:29:00,ST003,PRD0278,CUST0594,4,7489.54,Cash,Physical Store
TXN002139,2025-09-24 13:40:00,ST005,PRD0258,CUST0736,5,3276.89,Card,Physical Store
TXN002140,2025-10-05 10:49:00,ST002,PRD0165,CUST0896,4,15750.95,Mobile Wallet,Physical Store
TXN002141,2025-03-30 08:47:00,ST004,PRD0261,CUST0546,4,21613.13,Card,Physical Store
TXN002142,2025-12-04 17:49:00,ST002,PRD0087,CUST0743,3,901.59,Online,Physical Store
TXN002143,2025-07-11 09:50:00,ST005,PRD0300,CUST0803,2,6059.15,Card,Physical Store
TXN002144,2025-03-30 10:55:00,ST005,PRD0180,CUST0018,1,18463.04,Card,Physical Store
TXN002145,2025-06-30 19:50:00,ST003,PRD0326,CUST0831,2,8972.53,Mobile Wallet,Physical Store
TXN002146,2025-03-30 16:26:00,ST006,PRD0097,CUST0516,2,7060.13,Cash,Physical Store
TXN002147,2025-02-16 21:10:00,ST001,PRD0084,CUST0504,3,16667.34,Online,Physical Store
TXN002148,2025-10-19 17:11:00,ST005,PRD0305,CUST0024,1,1169.36,Mobile Wallet,Physical Store
TXN002149,2025-07-21 10:53:00,ST004,PRD0228,CUST0082,2,11198.46,Mobile Wallet,Physical Store
TXN002150,2025-01-01 12:58:00,ST003,PRD0176,CUST0108,5,16060.03,Mobile Wallet,Physical Store
TXN002151,2025-04-10 10:04:00,ST001,PRD0245,CUST0584,1,8847.6,Card,Physical Store
TXN002152,2025-11-11 09:03:00,ST003,PRD0044,CUST0450,2,646.96,Card,Physical Store
TXN002153,2025-10-03 17:11:00,ST004,PRD0069,CUST0329,3,12214.5,Cash,Physical Store
TXN002154,2025-02-14 17:14:00,ST004,PRD0196,CUST0012,1,14688.58,Cash,Physical Store
TXN002155,2025-09-28 10:29:00,ST004,PRD0249,CUST0077,3,15746.95,Online,Physical Store
TXN002156,2025-07-24 09:59:00,ST004,PRD0215,CUST0113,4,3497.38,Card,Physical Store
TXN002157,2025-07-20 12:13:00,ST001,PRD0270,CUST0725,1,18277.44,Online,Physical Store
TXN002158,2025-04-27 15:11:00,ST001,PRD0103,CUST0556,4,9758.61,Mobile Wallet,Physical Store
TXN002159,2025-08-06 18:09:00,ST002,PRD0115,CUST0228,2,3172.29,Mobile Wallet,Physical Store
TXN002160,2025-02-28 08:41:00,ST006,PRD0317,CUST0531,3,13310.61,Cash,Physical Store
TXN002161,2025-08-11 12:08:00,ST003,PRD0103,CUST0204,4,9758.61,Online,Physical Store
TXN002162,2025-05-28 09:58:00,ST004,PRD0101,CUST0942,2,2955.72,Mobile Wallet,Physical Store
TXN002163,2025-12-04 14:33:00,ST001,PRD0186,CUST0977,4,12858.14,Mobile Wallet,Physical Store
TXN002164,2025-12-21 11:50:00,ST005,PRD0129,CUST0599,2,13492.02,Cash,Physical Store
TXN002165,2025-05-23 14:51:00,ST003,PRD0036,CUST0970,3,5751.78,Cash,Physical Store
TXN002166,2025-09-19 16:28:00,ST005,PRD0011,CUST0178,4,12715.64,Card,Physical Store
TXN002167,2025-03-30 12:44:00,ST003,PRD0094,CUST0085,2,19664.63,Card,Physical Store
TXN002168,2025-08-16 12:17:00,ST002,PRD0137,CUST0160,4,4588.15,Card,Physical Store
TXN002169,2025-05-18 13:27:00,ST004,PRD0172,CUST0403,5,20895.21,Online,Physical Store
TXN002170,2025-08-18 17:48:00,ST003,PRD0006,CUST0339,3,13477.68,Online,Physical Store
TXN002171,2025-04-26 14:53:00,ST005,PRD0071,CUST0857,5,3015.69,Cash,Physical Store
TXN002172,2025-05-24 19:29:00,ST004,PRD0089,CUST0406,5,4127.23,Online,Physical Store
TXN002173,2025-02-02 18:00:00,ST005,PRD0002,CUST0695,2,5132.62,Online,Physical Store
TXN002174,2025-11-17 13:30:00,ST004,PRD0138,CUST0358,1,7484.07,Online,Physical Store
TXN002175,2025-05-01 13:49:00,ST005,PRD0303,CUST0033,1,11893.96,Card,Physical Store
TXN002176,2025-09-02 16:04:00,ST003,PRD0135,CUST0876,1,310.8,Mobile Wallet,Physical Store
TXN002177,2025-11-28 18:26:00,ST004,PRD0049,CUST0602,2,17860.23,Online,Physical Store
TXN002178,2025-05-22 11:29:00,ST001,PRD0027,CUST0812,4,3678.01,Mobile Wallet,Physical Store
TXN002179,2025-11-30 21:22:00,ST004,PRD0213,CUST0526,4,2681.49,Card,Physical Store
TXN002180,2025-12-14 14:48:00,ST001,PRD0120,CUST0828,5,14398.39,Online,Physical Store
TXN002181,2025-12-04 12:56:00,ST006,PRD0045,CUST0764,5,1726.89,Cash,Physical Store
TXN002182,2025-01-31 10:28:00,ST001,PRD0244,CUST0342,5,14144.2,Cash,Physical Store
TXN002183,2025-09-22 12:21:00,ST004,PRD0021,CUST0931,5,1768.36,Cash,Physical Store
TXN002184,2025-05-29 11:23:00,ST003,PRD0211,CUST0878,1,11225.27,Cash,Physical Store
TXN002185,2025-04-27 19:15:00,ST005,PRD0228,CUST0547,4,11198.46,Card,Physical Store
TXN002186,2025-04-19 08:25:00,ST001,PRD0248,CUST0902,2,7269.43,Mobile Wallet,Physical Store
TXN002187,2025-08-30 19:50:00,ST006,PRD0062,CUST0278,2,3706.43,Card,Physical Store
TXN002188,2025-08-04 14:56:00,ST005,PRD0244,CUST0576,1,14144.2,Cash,Physical Store
TXN002189,2025-09-20 15:32:00,ST003,PRD0332,CUST1039,4,7226.95,Card,Physical Store
TXN002190,2025-09-15 20:21:00,ST004,PRD0307,CUST0096,4,11194.39,Card,Physical Store
TXN002191,2025-10-21 14:13:00,ST006,PRD0156,CUST0347,5,7788.01,Mobile Wallet,Physical Store
TXN002192,2025-07-24 08:47:00,ST006,PRD0162,CUST0661,1,19501.87,Online,Physical Store
TXN002193,2025-10-20 10:08:00,ST003,PRD0061,CUST0933,1,15518.33,Mobile Wallet,Physical Store
TXN002194,2025-12-25 20:04:00,ST001,PRD0280,CUST0823,4,14906.05,Mobile Wallet,Physical Store
TXN002195,2025-07-20 11:11:00,ST002,PRD0032,CUST0143,4,16689.25,Cash,Physical Store
TXN002196,2025-08-31 11:51:00,ST005,PRD0298,CUST0364,5,8588.83,Cash,Physical Store
TXN002197,2025-12-11 17:52:00,ST001,PRD0275,CUST0328,4,837.23,Card,Physical Store
TXN002198,2025-08-03 19:20:00,ST001,PRD0105,CUST0478,4,3477.95,Mobile Wallet,Physical Store
TXN002199,2025-01-04 16:27:00,ST004,PRD0158,CUST0538,2,20704.01,Online,Physical Store
TXN002200,2025-03-22 08:13:00,ST006,PRD0303,CUST0481,1,11893.96,Card,Physical Store
TXN002201,2025-06-17 12:43:00,ST003,PRD0328,CUST0040,1,8691.06,Online,Physical Store
TXN002202,2025-10-17 17:26:00,ST005,PRD0231,CUST0055,4,17703.38,Card,Physical Store
TXN002203,2025-02-02 17:21:00,ST001,PRD0276,CUST0900,2,21897.23,Online,Physical Store
TXN002204,2025-05-13 17:33:00,ST005,PRD0084,CUST0557,2,16667.34,Online,Physical Store
TXN002205,2025-12-04 20:15:00,ST004,PRD0028,CUST0301,1,9297.13,Cash,Physical Store
TXN002206,2025-08-01 15:32:00,ST006,PRD0003,CUST0792,4,7463.9,Online,Physical Store
TXN002207,2025-12-06 11:43:00,ST005,PRD0059,CUST0704,5,2986.61,Cash,Physical Store
TXN002208,2025-02-22 14:41:00,ST001,PRD0130,CUST0291,5,15909.47,Online,Physical Store
TXN002209,2025-01-01 11:28:00,ST001,PRD0024,CUST0235,4,13723.71,Card,Physical Store
TXN002210,2025-07-31 18:19:00,ST002,PRD0022,CUST0914,1,13125.31,Cash,Physical Store
TXN002211,2025-09-20 18:34:00,ST002,PRD0017,CUST0135,4,13431.35,Mobile Wallet,Physical Store
TXN002212,2025-03-18 16:10:00,ST002,PRD0308,CUST0850,5,8374.13,Online,Physical Store
TXN002213,2025-06-03 21:33:00,ST004,PRD0168,CUST0062,1,14853.54,Card,Physical Store
TXN002214,2025-09-22 16:42:00,ST002,PRD0297,CUST0695,5,14685.23,Mobile Wallet,Physical Store
TXN002215,2025-11-20 12:05:00,ST001,PRD0039,CUST0859,5,15677.76,Mobile Wallet,Physical Store
TXN002216,2025-10-31 18:07:00,ST002,PRD0308,CUST0789,1,8374.13,Mobile Wallet,Physical Store
TXN002217,2025-07-27 14:08:00,ST002,PRD0008,CUST0068,5,18695.07,Cash,Physical Store
TXN002218,2025-05-03 17:07:00,ST004,PRD0234,CUST0117,2,15054.11,Card,Physical Store
TXN002219,2025-12-11 12:17:00,ST005,PRD0138,CUST0448,3,7484.07,Mobile Wallet,Physical Store
TXN002220,2025-11-19 18:11:00,ST005,PRD0329,CUST0519,3,2156.83,Mobile Wallet,Physical Store
TXN002221,2025-01-04 09:11:00,ST003,PRD0006,CUST0605,2,13477.68,Card,Physical Store
TXN002222,2025-12-03 13:13:00,ST001,PRD0209,CUST0039,5,2802.76,Card,Physical Store
TXN002223,2025-04-25 15:23:00,ST005,PRD0128,CUST0019,2,9239.11,Online,Physical Store
TXN002224,2025-10-19 15:25:00,ST004,PRD0031,CUST0512,5,5505.62,Mobile Wallet,Physical Store
TXN002225,2025-01-01 10:58:00,ST003,PRD0151,CUST0497,4,17351.7,Card,Physical Store
TXN002226,2025-12-20 12:02:00,ST006,PRD0181,CUST0727,2,8249.71,Mobile Wallet,Physical Store
TXN002227,2025-05-11 16:48:00,ST003,PRD0041,CUST0901,3,16598.91,Cash,Physical Store
TXN002228,2025-05-05 21:25:00,ST002,PRD0140,CUST1045,5,12592.3,Cash,Physical Store
TXN002229,2025-06-30 21:45:00,ST002,PRD0292,CUST0926,4,7767.01,Online,Physical Store
TXN002230,2025-05-22 19:25:00,ST002,PRD0211,CUST0312,2,11225.27,Card,Physical Store
TXN002231,2025-08-08 08:24:00,ST005,PRD0207,CUST0950,5,10872.38,Mobile Wallet,Physical Store
TXN002232,2025-05-26 17:04:00,ST003,PRD0067,CUST0764,5,2993.21,Mobile Wallet,Physical Store
TXN002233,2025-12-08 10:08:00,ST005,PRD0026,CUST0526,2,17486.51,Mobile Wallet,Physical Store
TXN002234,2025-04-05 10:26:00,ST004,PRD0289,CUST0264,1,9318.7,Mobile Wallet,Physical Store
TXN002235,2025-07-23 09:29:00,ST002,PRD0292,CUST0836,2,7767.01,Online,Physical Store
TXN002236,2025-07-13 17:37:00,ST006,PRD0308,CUST0317,5,8374.13,Card,Physical Store
TXN002237,2025-04-21 13:48:00,ST005,PRD0284,CUST0978,4,20638.42,Mobile Wallet,Physical Store
TXN002238,2025-12-30 15:28:00,ST004,PRD0313,CUST0384,3,11708.67,Cash,Physical Store
TXN002239,2025-06-04 09:15:00,ST005,PRD0131,CUST0354,1,7115.22,Online,Physical Store
TXN002240,2025-11-08 21:15:00,ST005,PRD0049,CUST0671,2,17860.23,Card,Physical Store
TXN002241,2025-11-03 09:09:00,ST001,PRD0065,CUST0825,1,17099.96,Cash,Physical Store
TXN002242,2025-02-04 12:19:00,ST002,PRD0026,CUST0956,4,17486.51,Cash,Physical Store
TXN002243,2025-06-06 19:41:00,ST006,PRD0117,CUST0070,3,14750.74,Cash,Physical Store
TXN002244,2025-04-22 12:07:00,ST005,PRD0009,CUST0419,5,2429.12,Mobile Wallet,Physical Store
TXN002245,2025-06-14 10:57:00,ST001,PRD0326,CUST0963,2,8972.53,Mobile Wallet,Physical Store
TXN002246,2025-11-26 13:53:00,ST006,PRD0197,CUST0609,2,13667.49,Card,Physical Store
TXN002247,2025-06-01 08:21:00,ST005,PRD0318,CUST0310,1,9023.94,Card,Physical Store
TXN002248,2025-04-30 13:53:00,ST004,PRD0119,CUST0064,5,9036.76,Mobile Wallet,Physical Store
TXN002249,2025-08-08 17:51:00,ST005,PRD0053,CUST0535,5,4167.18,Mobile Wallet,Physical Store
TXN002250,2025-03-06 17:52:00,ST004,PRD0280,CUST0070,3,14906.05,Card,Physical Store
TXN002251,2025-01-03 09:30:00,ST004,PRD0187,CUST0504,1,17512.81,Mobile Wallet,Physical Store
TXN002252,2025-07-29 09:59:00,ST003,PRD0270,CUST0882,5,18277.44,Mobile Wallet,Physical Store
TXN002253,2025-03-20 20:48:00,ST003,PRD0334,CUST0595,1,9286.96,Card,Physical Store
TXN002254,2025-06-07 15:16:00,ST002,PRD0062,CUST0335,3,3706.43,Cash,Physical Store
TXN002255,2025-12-03 11:30:00,ST001,PRD0317,CUST0647,4,13310.61,Cash,Physical Store
TXN002256,2025-01-27 15:31:00,ST001,PRD0254,CUST0403,2,11992.71,Mobile Wallet,Physical Store
TXN002257,2025-06-29 08:14:00,ST006,PRD0215,CUST0177,5,3497.38,Card,Physical Store
TXN002258,2025-01-24 10:44:00,ST002,PRD0171,CUST0146,5,13173.5,Mobile Wallet,Physical Store
TXN002259,2025-04-10 11:29:00,ST006,PRD0021,CUST0389,3,1768.36,Card,Physical Store
TXN002260,2025-05-31 21:19:00,ST005,PRD0141,CUST0919,3,11741.07,Cash,Physical Store
TXN002261,2025-05-19 15:27:00,ST004,PRD0014,CUST0910,5,6143.33,Card,Physical Store
TXN002262,2025-04-26 13:04:00,ST003,PRD0003,CUST0964,4,7463.9,Cash,Physical Store
TXN002263,2025-11-08 09:50:00,ST003,PRD0242,CUST0070,5,11290.47,Cash,Physical Store
TXN002264,2025-09-05 19:15:00,ST003,PRD0086,CUST0711,1,347.58,Online,Physical Store
TXN002265,2025-07-16 11:16:00,ST003,PRD0019,CUST0151,5,7427.25,Cash,Physical Store
TXN002266,2025-06-26 13:34:00,ST004,PRD0041,CUST0196,3,16598.91,Online,Physical Store
TXN002267,2025-05-19 19:51:00,ST002,PRD0318,CUST0804,3,9023.94,Cash,Physical Store
TXN002268,2025-07-23 08:41:00,ST001,PRD0252,CUST0969,1,6953.84,Online,Physical Store
TXN002269,2025-01-06 17:15:00,ST003,PRD0007,CUST0638,3,13705.32,Cash,Physical Store
TXN002270,2025-10-04 12:01:00,ST001,PRD0128,CUST0307,2,9239.11,Cash,Physical Store
TXN002271,2025-12-15 11:37:00,ST006,PRD0196,CUST0807,2,14688.58,Cash,Physical Store
TXN002272,2025-05-03 16:23:00,ST006,PRD0279,CUST0818,3,1882.31,Cash,Physical Store
TXN002273,2025-12-04 15:34:00,ST004,PRD0277,CUST0026,2,8719.93,Online,Physical Store
TXN002274,2025-03-22 17:44:00,ST003,PRD0174,CUST0186,4,14032.47,Mobile Wallet,Physical Store
TXN002275,2025-12-30 17:13:00,ST006,PRD0105,CUST0485,3,3477.95,Mobile Wallet,Physical Store
TXN002276,2025-03-09 11:03:00,ST003,PRD0098,CUST0960,3,620.21,Cash,Physical Store
TXN002277,2025-09-15 16:57:00,ST001,PRD0028,CUST0885,4,9297.13,Mobile Wallet,Physical Store
TXN002278,2025-01-22 17:10:00,ST006,PRD0022,CUST0241,5,13125.31,Cash,Physical Store
TXN002279,2025-10-04 21:46:00,ST001,PRD0323,CUST0578,2,14720.06,Cash,Physical Store
TXN002280,2025-04-13 18:54:00,ST001,PRD0075,CUST0799,4,20450.52,Cash,Physical Store
TXN002281,2025-06-21 16:17:00,ST001,PRD0284,CUST0694,5,20638.42,Online,Physical Store
TXN002282,2025-03-25 20:25:00,ST001,PRD0124,CUST0382,1,2894.98,Mobile Wallet,Physical Store
TXN002283,2025-01-17 12:29:00,ST003,PRD0082,CUST0301,1,20809.35,Card,Physical Store
TXN002284,2025-11-04 15:43:00,ST003,PRD0004,CUST0975,4,8894.11,Online,Physical Store
TXN002285,2025-12-31 12:18:00,ST006,PRD0246,CUST0117,5,437.82,Card,Physical Store
TXN002286,2025-11-24 11:05:00,ST004,PRD0228,CUST0131,3,11198.46,Cash,Physical Store
TXN002287,2025-11-13 17:21:00,ST004,PRD0125,CUST0558,4,13628.37,Mobile Wallet,Physical Store
TXN002288,2025-07-28 10:55:00,ST003,PRD0209,CUST0369,2,2802.76,Mobile Wallet,Physical Store
TXN002289,2025-01-02 13:14:00,ST001,PRD0007,CUST0283,4,13705.32,Online,Physical Store
TXN002290,2025-01-09 10:23:00,ST002,PRD0249,CUST0919,1,15746.95,Mobile Wallet,Physical Store
TXN002291,2025-09-22 14:03:00,ST002,PRD0170,CUST0107,4,1914.37,Cash,Physical Store
TXN002292,2025-07-22 14:15:00,ST001,PRD0223,CUST0018,3,16691.47,Card,Physical Store
TXN002293,2025-09-29 18:05:00,ST001,PRD0332,CUST0879,3,7226.95,Cash,Physical Store
TXN002294,2025-01-06 21:13:00,ST001,PRD0301,CUST0090,5,16353.38,Card,Physical Store
TXN002295,2025-01-31 20:47:00,ST003,PRD0122,CUST0060,2,5139.97,Card,Physical Store
TXN002296,2025-01-12 17:16:00,ST004,PRD0174,CUST0324,2,14032.47,Online,Physical Store
TXN002297,2025-10-19 15:44:00,ST001,PRD0306,CUST0751,2,2327.28,Card,Physical Store
TXN002298,2025-07-20 08:03:00,ST002,PRD0320,CUST0882,1,8347.21,Mobile Wallet,Physical Store
TXN002299,2025-06-28 21:31:00,ST003,PRD0152,CUST0659,3,13560.83,Card,Physical Store
TXN002300,2025-01-23 13:18:00,ST003,PRD0286,CUST0577,3,14935.58,Card,Physical Store
TXN002301,2025-09-21 09:07:00,ST001,PRD0286,CUST0034,5,14935.58,Mobile Wallet,Physical Store
TXN002302,2025-06-28 18:22:00,ST003,PRD0272,CUST0433,3,9997.42,Online,Physical Store
TXN002303,2025-07-23 14:10:00,ST001,PRD0086,CUST0760,2,347.58,Mobile Wallet,Physical Store
TXN002304,2025-11-12 15:03:00,ST001,PRD0162,CUST0835,4,19501.87,Card,Physical Store
TXN002305,2025-07-29 09:51:00,ST005,PRD0216,CUST0286,3,5330.04,Mobile Wallet,Physical Store
TXN002306,2025-01-16 15:00:00,ST004,PRD0152,CUST0920,2,13560.83,Mobile Wallet,Physical Store
TXN002307,2025-01-09 10:12:00,ST005,PRD0181,CUST0129,3,8249.71,Online,Physical Store
TXN002308,2025-01-14 09:23:00,ST004,PRD0102,CUST0009,1,18335.61,Card,Physical Store
TXN002309,2025-12-14 19:40:00,ST001,PRD0047,CUST0867,4,5346.17,Online,Physical Store
TXN002310,2025-08-05 08:22:00,ST001,PRD0270,CUST0902,5,18277.44,Online,Physical Store
TXN002311,2025-03-08 10:16:00,ST002,PRD0155,CUST0154,2,15377.25,Online,Physical Store
TXN002312,2025-06-07 15:36:00,ST003,PRD0136,CUST0116,4,12055.78,Online,Physical Store
TXN002313,2025-04-20 09:43:00,ST001,PRD0164,CUST0958,5,12166.75,Online,Physical Store
TXN002314,2025-08-24 09:36:00,ST006,PRD0041,CUST0815,4,16598.91,Online,Physical Store
TXN002315,2025-07-27 17:13:00,ST001,PRD0220,CUST0677,4,11025.69,Card,Physical Store
TXN002316,2025-04-10 13:45:00,ST006,PRD0311,CUST1014,3,4148.18,Mobile Wallet,Physical Store
TXN002317,2025-07-22 16:00:00,ST002,PRD0192,CUST0960,1,812.19,Card,Physical Store
TXN002318,2025-12-22 15:54:00,ST003,PRD0243,CUST0182,5,3916.43,Card,Physical Store
TXN002319,2025-01-04 20:41:00,ST001,PRD0052,CUST0381,2,7984.07,Online,Physical Store
TXN002320,2025-08-10 15:15:00,ST006,PRD0112,CUST0389,2,11463.12,Mobile Wallet,Physical Store
TXN002321,2025-04-19 20:43:00,ST004,PRD0069,CUST0431,5,12214.5,Online,Physical Store
TXN002322,2025-05-13 08:11:00,ST002,PRD0288,CUST0274,3,2165.9,Card,Physical Store
TXN002323,2025-07-22 20:57:00,ST005,PRD0236,CUST0771,5,16144.93,Card,Physical Store
TXN002324,2025-05-13 10:28:00,ST006,PRD0243,CUST0485,5,3916.43,Card,Physical Store
TXN002325,2025-04-25 19:34:00,ST002,PRD0174,CUST0289,1,14032.47,Card,Physical Store
TXN002326,2025-12-18 10:01:00,ST006,PRD0295,CUST0193,3,20720.46,Cash,Physical Store
TXN002327,2025-02-03 14:39:00,ST005,PRD0097,CUST0467,2,7060.13,Online,Physical Store
TXN002328,2025-05-31 10:13:00,ST005,PRD0153,CUST1014,1,17511.62,Card,Physical Store
TXN002329,2025-11-08 08:51:00,ST001,PRD0248,CUST0679,3,7269.43,Online,Physical Store
TXN002330,2025-05-18 19:21:00,ST004,PRD0065,CUST0797,1,17099.96,Online,Physical Store
TXN002331,2025-08-12 17:44:00,ST005,PRD0312,CUST0143,2,6604.88,Card,Physical Store
TXN002332,2025-03-05 08:00:00,ST002,PRD0202,CUST0583,2,17402.33,Card,Physical Store
TXN002333,2025-04-05 20:48:00,ST004,PRD0222,CUST0309,2,19331.27,Mobile Wallet,Physical Store
TXN002334,2025-08-28 15:13:00,ST006,PRD0105,CUST0155,4,3477.95,Cash,Physical Store
TXN002335,2025-07-23 14:59:00,ST004,PRD0153,CUST0980,1,17511.62,Cash,Physical Store
TXN002336,2025-04-17 16:23:00,ST001,PRD0027,CUST0488,4,3678.01,Online,Physical Store
TXN002337,2025-11-11 13:10:00,ST002,PRD0320,CUST1032,3,8347.21,Online,Physical Store
TXN002338,2025-02-13 19:52:00,ST006,PRD0020,CUST0969,3,18682.24,Cash,Physical Store
TXN002339,2025-03-09 15:17:00,ST003,PRD0010,CUST0890,4,15285.57,Card,Physical Store
TXN002340,2025-08-08 15:26:00,ST001,PRD0071,CUST0761,5,3015.69,Mobile Wallet,Physical Store
TXN002341,2025-03-23 08:53:00,ST002,PRD0021,CUST0502,4,1768.36,Online,Physical Store
TXN002342,2025-11-21 21:50:00,ST006,PRD0207,CUST0538,4,10872.38,Cash,Physical Store
TXN002343,2025-05-25 17:28:00,ST004,PRD0137,CUST0646,5,4588.15,Card,Physical Store
TXN002344,2025-02-23 16:59:00,ST005,PRD0112,CUST0993,5,11463.12,Online,Physical Store
TXN002345,2025-11-03 20:04:00,ST001,PRD0132,CUST1037,4,8197.06,Online,Physical Store
TXN002346,2025-06-10 08:55:00,ST004,PRD0145,CUST0426,2,10608.78,Mobile Wallet,Physical Store
TXN002347,2025-06-01 11:08:00,ST003,PRD0068,CUST0456,5,12827.93,Mobile Wallet,Physical Store
TXN002348,2025-02-21 10:06:00,ST003,PRD0081,CUST0153,1,15889.25,Online,Physical Store
TXN002349,2025-10-15 13:14:00,ST006,PRD0129,CUST0034,1,13492.02,Cash,Physical Store
TXN002350,2025-04-04 18:28:00,ST002,PRD0224,CUST0335,2,9276.41,Online,Physical Store
TXN002351,2025-09-12 12:11:00,ST004,PRD0327,CUST0331,3,8268.43,Mobile Wallet,Physical Store
TXN002352,2025-09-16 19:31:00,ST002,PRD0033,CUST1027,5,21125.63,Card,Physical Store
TXN002353,2025-04-15 15:33:00,ST003,PRD0330,CUST0990,1,17208.76,Online,Physical Store
TXN002354,2025-02-04 14:33:00,ST006,PRD0026,CUST0788,1,17486.51,Card,Physical Store
TXN002355,2025-12-24 19:16:00,ST003,PRD0295,CUST0758,4,20720.46,Mobile Wallet,Physical Store
TXN002356,2025-10-22 17:34:00,ST006,PRD0139,CUST0802,1,3538.08,Online,Physical Store
TXN002357,2025-09-21 14:43:00,ST004,PRD0228,CUST0552,5,11198.46,Card,Physical Store
TXN002358,2025-12-14 16:15:00,ST002,PRD0002,CUST0911,2,5132.62,Mobile Wallet,Physical Store
TXN002359,2025-03-03 08:53:00,ST002,PRD0279,CUST0122,5,1882.31,Mobile Wallet,Physical Store
TXN002360,2025-02-12 14:25:00,ST004,PRD0068,CUST0016,1,12827.93,Online,Physical Store
TXN002361,2025-07-02 13:46:00,ST003,PRD0231,CUST1038,4,17703.38,Online,Physical Store
TXN002362,2025-09-13 18:59:00,ST003,PRD0268,CUST0817,3,4050.68,Online,Physical Store
TXN002363,2025-09-10 13:06:00,ST004,PRD0089,CUST0522,4,4127.23,Online,Physical Store
TXN002364,2025-01-03 08:03:00,ST005,PRD0198,CUST0915,3,2914.92,Mobile Wallet,Physical Store
TXN002365,2025-09-29 21:08:00,ST001,PRD0150,CUST0118,3,3759.79,Mobile Wallet,Physical Store
TXN002366,2025-07-15 13:16:00,ST002,PRD0167,CUST0219,2,474.16,Online,Physical Store
TXN002367,2025-06-04 12:04:00,ST001,PRD0263,CUST0968,3,3550.61,Card,Physical Store
TXN002368,2025-04-14 11:33:00,ST005,PRD0209,CUST0873,1,2802.76,Card,Physical Store
TXN002369,2025-06-12 21:30:00,ST001,PRD0022,CUST0131,4,13125.31,Card,Physical Store
TXN002370,2025-07-29 11:02:00,ST002,PRD0319,CUST0611,3,6266.57,Card,Physical Store
TXN002371,2025-09-20 18:26:00,ST006,PRD0032,CUST0356,1,16689.25,Online,Physical Store
TXN002372,2025-01-25 16:39:00,ST005,PRD0274,CUST0458,1,2220.38,Online,Physical Store
TXN002373,2025-02-05 11:17:00,ST004,PRD0297,CUST0025,5,14685.23,Cash,Physical Store
TXN002374,2025-11-07 15:38:00,ST003,PRD0249,CUST0998,2,15746.95,Online,Physical Store
TXN002375,2025-03-20 16:17:00,ST004,PRD0057,CUST0430,3,21303.63,Online,Physical Store
TXN002376,2025-09-27 08:19:00,ST002,PRD0163,CUST0087,4,16681.73,Online,Physical Store
TXN002377,2025-07-13 20:44:00,ST001,PRD0252,CUST0613,5,6953.84,Online,Physical Store
TXN002378,2025-09-13 18:40:00,ST003,PRD0115,CUST0515,1,3172.29,Cash,Physical Store
TXN002379,2025-03-13 18:27:00,ST003,PRD0001,CUST0346,5,11200.87,Online,Physical Store
TXN002380,2025-03-17 18:55:00,ST003,PRD0023,CUST0478,1,5149.18,Card,Physical Store
TXN002381,2025-06-20 16:17:00,ST002,PRD0313,CUST0036,4,11708.67,Online,Physical Store
TXN002382,2025-03-20 08:14:00,ST004,PRD0050,CUST0902,4,2136.14,Online,Physical Store
TXN002383,2025-09-30 14:29:00,ST006,PRD0186,CUST0749,1,12858.14,Online,Physical Store
TXN002384,2025-02-04 16:57:00,ST006,PRD0218,CUST0548,5,17938.6,Card,Physical Store
TXN002385,2025-04-14 08:32:00,ST003,PRD0268,CUST0265,5,4050.68,Mobile Wallet,Physical Store
TXN002386,2025-12-23 16:51:00,ST004,PRD0142,CUST0218,5,1184.22,Card,Physical Store
TXN002387,2025-05-06 18:49:00,ST001,PRD0113,CUST0345,4,5925.51,Online,Physical Store
TXN002388,2025-10-08 14:45:00,ST004,PRD0319,CUST0574,2,6266.57,Mobile Wallet,Physical Store
TXN002389,2025-09-04 12:59:00,ST004,PRD0265,CUST0430,1,10997.21,Card,Physical Store
TXN002390,2025-12-25 08:24:00,ST002,PRD0207,CUST0373,5,10872.38,Cash,Physical Store
TXN002391,2025-07-10 09:51:00,ST005,PRD0272,CUST0185,4,9997.42,Card,Physical Store
TXN002392,2025-05-31 20:09:00,ST005,PRD0196,CUST0741,3,14688.58,Online,Physical Store
TXN002393,2025-08-01 17:35:00,ST002,PRD0304,CUST0048,4,2572.59,Card,Physical Store
TXN002394,2025-03-10 15:46:00,ST001,PRD0074,CUST0451,4,11205.61,Mobile Wallet,Physical Store
TXN002395,2025-11-16 16:37:00,ST002,PRD0014,CUST0311,2,6143.33,Mobile Wallet,Physical Store
TXN002396,2025-12-14 21:36:00,ST003,PRD0029,CUST0074,4,14939.28,Online,Physical Store
TXN002397,2025-10-05 18:40:00,ST003,PRD0230,CUST0114,5,17471.77,Mobile Wallet,Physical Store
TXN002398,2025-08-17 17:20:00,ST004,PRD0133,CUST0145,4,1638.63,Mobile Wallet,Physical Store
TXN002399,2025-06-10 13:12:00,ST005,PRD0304,CUST0159,5,2572.59,Cash,Physical Store
TXN002400,2025-08-20 19:13:00,ST005,PRD0237,CUST0136,3,1672.14,Cash,Physical Store
TXN002401,2025-06-14 15:38:00,ST005,PRD0030,CUST0620,3,19772.8,Mobile Wallet,Physical Store
TXN002402,2025-03-27 14:52:00,ST003,PRD0282,CUST0431,5,5174.17,Mobile Wallet,Physical Store
TXN002403,2025-07-30 11:33:00,ST006,PRD0012,CUST0319,1,3550.38,Mobile Wallet,Physical Store
TXN002404,2025-07-24 09:09:00,ST002,PRD0122,CUST0818,1,5139.97,Cash,Physical Store
TXN002405,2025-11-20 20:42:00,ST006,PRD0309,CUST0058,3,20175.41,Cash,Physical Store
TXN002406,2025-10-08 20:34:00,ST006,PRD0052,CUST0317,5,7984.07,Mobile Wallet,Physical Store
TXN002407,2025-12-02 20:48:00,ST001,PRD0051,CUST1047,2,10472.7,Mobile Wallet,Physical Store
TXN002408,2025-01-04 14:24:00,ST001,PRD0306,CUST0076,1,2327.28,Mobile Wallet,Physical Store
TXN002409,2025-10-28 10:14:00,ST005,PRD0247,CUST0301,5,9781.8,Card,Physical Store
TXN002410,2025-07-18 16:38:00,ST006,PRD0119,CUST0459,3,9036.76,Mobile Wallet,Physical Store
TXN002411,2025-12-05 12:38:00,ST006,PRD0233,CUST0095,2,11296.41,Online,Physical Store
TXN002412,2025-01-23 14:31:00,ST005,PRD0168,CUST0943,5,14853.54,Mobile Wallet,Physical Store
TXN002413,2025-09-23 20:46:00,ST003,PRD0116,CUST0392,3,18307.89,Mobile Wallet,Physical Store
TXN002414,2025-01-07 20:31:00,ST002,PRD0227,CUST0484,1,17168.54,Card,Physical Store
TXN002415,2025-02-21 13:21:00,ST004,PRD0175,CUST0088,3,4600.64,Cash,Physical Store
TXN002416,2025-07-03 10:41:00,ST005,PRD0048,CUST0980,5,3322.36,Card,Physical Store
TXN002417,2025-09-22 12:45:00,ST003,PRD0144,CUST0540,1,17251.78,Online,Physical Store
TXN002418,2025-09-18 16:13:00,ST001,PRD0054,CUST0157,3,3904.5,Online,Physical Store
TXN002419,2025-09-05 08:41:00,ST006,PRD0053,CUST0313,2,4167.18,Online,Physical Store
TXN002420,2025-01-26 11:25:00,ST003,PRD0275,CUST0910,1,837.23,Mobile Wallet,Physical Store
TXN002421,2025-10-01 17:04:00,ST005,PRD0020,CUST0897,4,18682.24,Mobile Wallet,Physical Store
TXN002422,2025-10-03 08:55:00,ST006,PRD0073,CUST0476,3,13155.27,Online,Physical Store
TXN002423,2025-07-02 14:32:00,ST004,PRD0150,CUST0540,4,3759.79,Online,Physical Store
TXN002424,2025-01-13 20:14:00,ST001,PRD0217,CUST0876,3,20488.83,Cash,Physical Store
TXN002425,2025-08-10 11:08:00,ST002,PRD0314,CUST0654,4,14001.37,Mobile Wallet,Physical Store
TXN002426,2025-09-17 18:13:00,ST004,PRD0061,CUST0728,5,15518.33,Online,Physical Store
TXN002427,2025-08-20 19:58:00,ST002,PRD0083,CUST0302,4,8207.95,Cash,Physical Store
TXN002428,2025-09-18 14:35:00,ST005,PRD0107,CUST0078,2,10336.83,Cash,Physical Store
TXN002429,2025-06-19 16:23:00,ST002,PRD0156,CUST0336,2,7788.01,Card,Physical Store
TXN002430,2025-06-03 09:24:00,ST003,PRD0191,CUST0142,5,9077.42,Online,Physical Store
TXN002431,2025-10-03 11:37:00,ST004,PRD0222,CUST0797,1,19331.27,Card,Physical Store
TXN002432,2025-06-03 12:50:00,ST004,PRD0197,CUST0965,3,13667.49,Card,Physical Store
TXN002433,2025-03-04 13:47:00,ST003,PRD0324,CUST0731,5,10127.07,Cash,Physical Store
TXN002434,2025-11-18 15:17:00,ST001,PRD0313,CUST0236,4,11708.67,Mobile Wallet,Physical Store
TXN002435,2025-01-02 13:00:00,ST005,PRD0083,CUST0340,1,8207.95,Cash,Physical Store
TXN002436,2025-07-27 17:35:00,ST002,PRD0037,CUST0588,1,4663.44,Online,Physical Store
TXN002437,2025-05-21 18:30:00,ST003,PRD0198,CUST0120,5,2914.92,Card,Physical Store
TXN002438,2025-12-22 15:51:00,ST006,PRD0231,CUST0590,1,17703.38,Card,Physical Store
TXN002439,2025-10-30 20:46:00,ST006,PRD0065,CUST0830,3,17099.96,Card,Physical Store
TXN002440,2025-04-14 20:59:00,ST006,PRD0015,CUST0311,4,7026.68,Online,Physical Store
TXN002441,2025-01-16 17:46:00,ST001,PRD0331,CUST0788,2,7946.53,Card,Physical Store
TXN002442,2025-08-01 14:28:00,ST006,PRD0236,CUST0253,5,16144.93,Mobile Wallet,Physical Store
TXN002443,2025-08-01 14:27:00,ST003,PRD0040,CUST0004,2,11363.76,Mobile Wallet,Physical Store
TXN002444,2025-05-04 12:11:00,ST002,PRD0017,CUST0276,2,13431.35,Card,Physical Store
TXN002445,2025-05-18 17:37:00,ST002,PRD0279,CUST0082,1,1882.31,Mobile Wallet,Physical Store
TXN002446,2025-08-05 16:14:00,ST005,PRD0216,CUST1000,3,5330.04,Cash,Physical Store
TXN002447,2025-02-18 15:55:00,ST002,PRD0232,CUST0148,3,14516.97,Online,Physical Store
TXN002448,2025-05-22 21:25:00,ST001,PRD0062,CUST0562,3,3706.43,Card,Physical Store
TXN002449,2025-04-19 11:49:00,ST003,PRD0180,CUST0129,4,18463.04,Mobile Wallet,Physical Store
TXN002450,2025-07-04 14:56:00,ST001,PRD0158,CUST0287,4,20704.01,Cash,Physical Store
TXN002451,2025-10-09 14:15:00,ST002,PRD0251,CUST0263,4,6655.05,Cash,Physical Store
TXN002452,2025-10-18 17:50:00,ST006,PRD0183,CUST0782,5,10505.4,Online,Physical Store
TXN002453,2025-07-02 17:48:00,ST006,PRD0081,CUST0375,4,15889.25,Mobile Wallet,Physical Store
TXN002454,2025-07-12 21:56:00,ST005,PRD0135,CUST0190,3,310.8,Cash,Physical Store
TXN002455,2025-01-14 11:59:00,ST002,PRD0281,CUST0663,1,4870.82,Online,Physical Store
TXN002456,2025-06-25 09:46:00,ST006,PRD0107,CUST0556,3,10336.83,Online,Physical Store
TXN002457,2025-10-09 14:30:00,ST005,PRD0073,CUST0370,5,13155.27,Card,Physical Store
TXN002458,2025-10-21 08:19:00,ST001,PRD0241,CUST0494,2,5942.64,Online,Physical Store
TXN002459,2025-07-04 12:24:00,ST003,PRD0043,CUST0766,4,8647.43,Card,Physical Store
TXN002460,2025-03-18 13:05:00,ST004,PRD0059,CUST0534,5,2986.61,Mobile Wallet,Physical Store
TXN002461,2025-10-29 21:20:00,ST006,PRD0110,CUST0131,2,5481.63,Cash,Physical Store
TXN002462,2025-05-29 08:37:00,ST004,PRD0165,CUST0585,2,15750.95,Mobile Wallet,Physical Store
TXN002463,2025-11-30 14:27:00,ST006,PRD0049,CUST0398,1,17860.23,Online,Physical Store
TXN002464,2025-09-15 08:03:00,ST001,PRD0052,CUST0984,2,7984.07,Online,Physical Store
TXN002465,2025-04-16 17:05:00,ST003,PRD0167,CUST0189,1,474.16,Card,Physical Store
TXN002466,2025-08-10 15:34:00,ST001,PRD0212,CUST0350,1,7877.4,Mobile Wallet,Physical Store
TXN002467,2025-10-08 09:35:00,ST005,PRD0234,CUST0200,1,15054.11,Mobile Wallet,Physical Store
TXN002468,2025-11-20 16:20:00,ST003,PRD0217,CUST0617,2,20488.83,Mobile Wallet,Physical Store
TXN002469,2025-01-28 14:41:00,ST004,PRD0281,CUST0005,2,4870.82,Card,Physical Store
TXN002470,2025-05-06 20:46:00,ST002,PRD0037,CUST0763,3,4663.44,Card,Physical Store
TXN002471,2025-01-07 14:02:00,ST001,PRD0028,CUST0379,2,9297.13,Card,Physical Store
TXN002472,2025-09-15 14:55:00,ST006,PRD0172,CUST0687,1,20895.21,Online,Physical Store
TXN002473,2025-03-12 10:18:00,ST002,PRD0049,CUST0197,3,17860.23,Cash,Physical Store
TXN002474,2025-07-26 14:30:00,ST001,PRD0019,CUST0212,3,7427.25,Online,Physical Store
TXN002475,2025-06-13 19:37:00,ST001,PRD0290,CUST0291,1,1192.9,Mobile Wallet,Physical Store
TXN002476,2025-08-06 11:13:00,ST002,PRD0266,CUST0289,2,8348.44,Card,Physical Store
TXN002477,2025-05-23 08:02:00,ST002,PRD0164,CUST0476,5,12166.75,Card,Physical Store
TXN002478,2025-12-07 10:03:00,ST006,PRD0191,CUST0774,2,9077.42,Cash,Physical Store
TXN002479,2025-02-18 18:47:00,ST001,PRD0315,CUST0095,1,6862.13,Card,Physical Store
TXN002480,2025-05-12 16:19:00,ST001,PRD0108,CUST0458,5,7369.56,Card,Physical Store
TXN002481,2025-04-27 18:11:00,ST004,PRD0187,CUST0372,5,17512.81,Cash,Physical Store
TXN002482,2025-04-20 10:15:00,ST004,PRD0307,CUST0521,3,11194.39,Online,Physical Store
TXN002483,2025-06-20 10:13:00,ST004,PRD0156,CUST0381,5,7788.01,Online,Physical Store
TXN002484,2025-06-02 17:28:00,ST003,PRD0220,CUST0011,2,11025.69,Mobile Wallet,Physical Store
TXN002485,2025-08-08 11:17:00,ST003,PRD0090,CUST0112,5,18163.73,Card,Physical Store
TXN002486,2025-08-12 20:29:00,ST003,PRD0326,CUST0970,2,8972.53,Online,Physical Store
TXN002487,2025-04-01 17:30:00,ST001,PRD0119,CUST0730,4,9036.76,Online,Physical Store
TXN002488,2025-12-19 10:24:00,ST005,PRD0207,CUST0760,3,10872.38,Cash,Physical Store
TXN002489,2025-05-17 15:48:00,ST002,PRD0200,CUST0323,3,997.46,Cash,Physical Store
TXN002490,2025-11-14 14:26:00,ST004,PRD0154,CUST0216,3,13504.25,Online,Physical Store
TXN002491,2025-04-23 11:25:00,ST003,PRD0298,CUST0760,2,8588.83,Mobile Wallet,Physical Store
TXN002492,2025-05-19 20:25:00,ST003,PRD0223,CUST0651,2,16691.47,Card,Physical Store
TXN002493,2025-10-15 17:44:00,ST005,PRD0209,CUST0261,5,2802.76,Online,Physical Store
TXN002494,2025-05-08 10:18:00,ST005,PRD0104,CUST0796,4,12631.32,Card,Physical Store
TXN002495,2025-06-02 09:21:00,ST006,PRD0244,CUST0168,2,14144.2,Mobile Wallet,Physical Store
TXN002496,2025-11-27 19:59:00,ST002,PRD0215,CUST0403,5,3497.38,Online,Physical Store
TXN002497,2025-05-19 11:42:00,ST003,PRD0147,CUST0842,5,17668.05,Mobile Wallet,Physical Store
TXN002498,2025-05-07 18:36:00,ST004,PRD0014,CUST0846,1,6143.33,Card,Physical Store
TXN002499,2025-06-01 17:30:00,ST005,PRD0303,CUST0485,5,11893.96,Cash,Physical Store
TXN002500,2025-08-01 09:22:00,ST001,PRD0115,CUST1025,1,3172.29,Mobile Wallet,Physical Store
TXN002501,2025-09-21 18:12:00,ST002,PRD0237,CUST0182,1,1672.14,Cash,Physical Store
TXN002502,2025-09-12 20:13:00,ST001,PRD0243,CUST0268,4,3916.43,Mobile Wallet,Physical Store
TXN002503,2025-12-20 10:49:00,ST005,PRD0003,CUST0196,3,7463.9,Mobile Wallet,Physical Store
TXN002504,2025-09-04 16:57:00,ST006,PRD0010,CUST0287,4,15285.57,Online,Physical Store
TXN002505,2025-10-21 11:07:00,ST004,PRD0068,CUST0251,3,12827.93,Card,Physical Store
TXN002506,2025-10-31 20:19:00,ST003,PRD0227,CUST0813,2,17168.54,Online,Physical Store
TXN002507,2025-03-15 19:37:00,ST006,PRD0325,CUST0337,4,10102.17,Online,Physical Store
TXN002508,2025-06-26 20:25:00,ST001,PRD0106,CUST0392,5,11908.0,Mobile Wallet,Physical Store
TXN002509,2025-03-13 19:59:00,ST002,PRD0300,CUST0616,1,6059.15,Mobile Wallet,Physical Store
TXN002510,2025-10-21 12:32:00,ST006,PRD0041,CUST0225,2,16598.91,Mobile Wallet,Physical Store
TXN002511,2025-12-26 14:45:00,ST005,PRD0150,CUST0943,1,3759.79,Mobile Wallet,Physical Store
TXN002512,2025-08-20 18:01:00,ST003,PRD0211,CUST0460,2,11225.27,Card,Physical Store
TXN002513,2025-11-04 09:02:00,ST002,PRD0054,CUST0798,1,3904.5,Online,Physical Store
TXN002514,2025-10-20 08:07:00,ST005,PRD0206,CUST0506,5,2082.08,Online,Physical Store
TXN002515,2025-10-27 08:48:00,ST002,PRD0042,CUST0399,2,21532.78,Online,Physical Store
TXN002516,2025-05-20 11:30:00,ST006,PRD0215,CUST0988,2,3497.38,Online,Physical Store
TXN002517,2025-10-01 20:06:00,ST005,PRD0145,CUST0094,5,10608.78,Online,Physical Store
TXN002518,2025-02-15 19:03:00,ST005,PRD0037,CUST0890,4,4663.44,Card,Physical Store
TXN002519,2025-01-20 09:16:00,ST004,PRD0279,CUST0187,1,1882.31,Cash,Physical Store
TXN002520,2025-05-25 17:41:00,ST001,PRD0303,CUST0171,1,11893.96,Online,Physical Store
TXN002521,2025-12-02 10:57:00,ST005,PRD0020,CUST0309,5,18682.24,Mobile Wallet,Physical Store
TXN002522,2025-08-02 09:25:00,ST005,PRD0279,CUST0068,1,1882.31,Cash,Physical Store
TXN002523,2025-05-07 12:09:00,ST005,PRD0063,CUST0411,3,13040.87,Online,Physical Store
TXN002524,2025-06-04 16:16:00,ST003,PRD0080,CUST0123,2,5394.99,Card,Physical Store
TXN002525,2025-02-08 14:03:00,ST005,PRD0245,CUST0197,4,8847.6,Cash,Physical Store
TXN002526,2025-04-16 16:24:00,ST004,PRD0031,CUST0164,3,5505.62,Cash,Physical Store
TXN002527,2025-12-26 09:50:00,ST002,PRD0254,CUST0238,2,11992.71,Cash,Physical Store
TXN002528,2025-10-26 18:19:00,ST004,PRD0009,CUST0278,3,2429.12,Cash,Physical Store
TXN002529,2025-03-24 16:35:00,ST001,PRD0336,CUST0181,3,2121.27,Cash,Physical Store
TXN002530,2025-03-09 21:34:00,ST002,PRD0236,CUST0613,3,16144.93,Mobile Wallet,Physical Store
TXN002531,2025-12-23 09:49:00,ST004,PRD0312,CUST0437,4,6604.88,Online,Physical Store
TXN002532,2025-09-09 14:18:00,ST001,PRD0220,CUST0385,5,11025.69,Card,Physical Store
TXN002533,2025-10-11 20:05:00,ST005,PRD0020,CUST1023,3,18682.24,Cash,Physical Store
TXN002534,2025-12-03 14:07:00,ST002,PRD0296,CUST0587,2,10919.63,Card,Physical Store
TXN002535,2025-03-02 13:18:00,ST001,PRD0025,CUST0156,2,5447.28,Online,Physical Store
TXN002536,2025-04-22 13:03:00,ST004,PRD0211,CUST0888,2,11225.27,Cash,Physical Store
TXN002537,2025-07-28 16:16:00,ST003,PRD0177,CUST0691,2,6812.39,Card,Physical Store
TXN002538,2025-12-02 15:47:00,ST002,PRD0160,CUST0154,1,16917.41,Online,Physical Store
TXN002539,2025-05-25 15:46:00,ST005,PRD0034,CUST0956,5,9530.33,Online,Physical Store
TXN002540,2025-09-24 16:58:00,ST005,PRD0184,CUST0873,4,3319.57,Online,Physical Store
TXN002541,2025-09-17 17:38:00,ST003,PRD0114,CUST0120,1,9757.31,Cash,Physical Store
TXN002542,2025-10-30 18:44:00,ST003,PRD0175,CUST0887,4,4600.64,Mobile Wallet,Physical Store
TXN002543,2025-04-17 13:23:00,ST002,PRD0259,CUST0607,2,7839.33,Mobile Wallet,Physical Store
TXN002544,2025-11-23 19:05:00,ST004,PRD0234,CUST0320,4,15054.11,Card,Physical Store
TXN002545,2025-12-01 13:25:00,ST004,PRD0188,CUST0054,3,10116.21,Cash,Physical Store
TXN002546,2025-09-01 08:42:00,ST006,PRD0022,CUST0170,3,13125.31,Online,Physical Store
TXN002547,2025-02-26 21:14:00,ST006,PRD0003,CUST0775,5,7463.9,Mobile Wallet,Physical Store
TXN002548,2025-04-03 12:02:00,ST001,PRD0263,CUST0912,1,3550.61,Cash,Physical Store
TXN002549,2025-11-23 21:26:00,ST001,PRD0210,CUST0121,3,17734.18,Mobile Wallet,Physical Store
TXN002550,2025-03-11 16:09:00,ST002,PRD0004,CUST0967,4,8894.11,Card,Physical Store
TXN002551,2025-09-14 19:07:00,ST002,PRD0063,CUST0720,2,13040.87,Card,Physical Store
TXN002552,2025-03-15 16:09:00,ST002,PRD0093,CUST0359,5,4406.01,Online,Physical Store
TXN002553,2025-01-07 16:17:00,ST005,PRD0242,CUST0670,2,11290.47,Card,Physical Store
TXN002554,2025-07-03 17:37:00,ST001,PRD0305,CUST0609,1,1169.36,Online,Physical Store
TXN002555,2025-02-17 08:46:00,ST005,PRD0284,CUST0549,4,20638.42,Cash,Physical Store
TXN002556,2025-04-27 13:56:00,ST003,PRD0053,CUST0237,2,4167.18,Cash,Physical Store
TXN002557,2025-06-10 11:20:00,ST006,PRD0227,CUST0299,2,17168.54,Card,Physical Store
TXN002558,2025-01-04 20:59:00,ST006,PRD0224,CUST0593,1,9276.41,Online,Physical Store
TXN002559,2025-09-08 16:02:00,ST002,PRD0307,CUST0952,5,11194.39,Cash,Physical Store
TXN002560,2025-03-07 16:01:00,ST001,PRD0038,CUST0049,3,16717.88,Online,Physical Store
TXN002561,2025-12-31 13:15:00,ST003,PRD0155,CUST0159,5,15377.25,Card,Physical Store
TXN002562,2025-09-19 20:58:00,ST004,PRD0049,CUST0538,3,17860.23,Mobile Wallet,Physical Store
TXN002563,2025-08-21 12:46:00,ST001,PRD0322,CUST0264,5,1196.67,Card,Physical Store
TXN002564,2025-02-13 18:32:00,ST004,PRD0285,CUST0458,1,11577.34,Card,Physical Store
TXN002565,2025-06-26 15:58:00,ST004,PRD0287,CUST0052,2,3212.74,Cash,Physical Store
TXN002566,2025-12-08 10:06:00,ST002,PRD0114,CUST0911,3,9757.31,Mobile Wallet,Physical Store
TXN002567,2025-11-02 17:00:00,ST003,PRD0164,CUST0680,5,12166.75,Online,Physical Store
TXN002568,2025-09-10 20:23:00,ST005,PRD0304,CUST0627,1,2572.59,Online,Physical Store
TXN002569,2025-04-06 17:57:00,ST004,PRD0001,CUST0859,5,11200.87,Cash,Physical Store
TXN002570,2025-12-20 12:22:00,ST004,PRD0079,CUST0879,1,6321.36,Cash,Physical Store
TXN002571,2025-01-25 14:21:00,ST002,PRD0216,CUST0942,2,5330.04,Mobile Wallet,Physical Store
TXN002572,2025-05-20 13:28:00,ST003,PRD0023,CUST0170,4,5149.18,Card,Physical Store
TXN002573,2025-08-16 14:05:00,ST001,PRD0115,CUST0857,5,3172.29,Online,Physical Store
TXN002574,2025-10-28 16:03:00,ST006,PRD0072,CUST0733,2,21910.16,Cash,Physical Store
TXN002575,2025-09-20 12:12:00,ST005,PRD0246,CUST0817,5,437.82,Card,Physical Store
TXN002576,2025-11-24 17:54:00,ST003,PRD0204,CUST0606,3,20131.16,Mobile Wallet,Physical Store
TXN002577,2025-09-13 21:58:00,ST005,PRD0093,CUST0662,1,4406.01,Online,Physical Store
TXN002578,2025-12-12 10:15:00,ST002,PRD0073,CUST0514,2,13155.27,Online,Physical Store
TXN002579,2025-09-20 08:49:00,ST004,PRD0017,CUST0561,1,13431.35,Card,Physical Store
TXN002580,2025-06-07 09:46:00,ST004,PRD0170,CUST0701,2,1914.37,Cash,Physical Store
TXN002581,2025-06-17 16:21:00,ST005,PRD0162,CUST0940,3,19501.87,Cash,Physical Store
TXN002582,2025-07-16 10:53:00,ST002,PRD0256,CUST0776,1,2281.57,Online,Physical Store
TXN002583,2025-03-26 13:28:00,ST002,PRD0032,CUST0490,2,16689.25,Card,Physical Store
TXN002584,2025-11-14 20:21:00,ST002,PRD0308,CUST0597,3,8374.13,Card,Physical Store
TXN002585,2025-02-12 13:40:00,ST004,PRD0276,CUST0286,5,21897.23,Card,Physical Store
TXN002586,2025-01-24 12:01:00,ST002,PRD0072,CUST0892,4,21910.16,Cash,Physical Store
TXN002587,2025-08-15 10:06:00,ST005,PRD0249,CUST0606,2,15746.95,Card,Physical Store
TXN002588,2025-03-09 08:19:00,ST005,PRD0045,CUST0835,4,1726.89,Card,Physical Store
TXN002589,2025-03-03 13:43:00,ST004,PRD0124,CUST0361,4,2894.98,Card,Physical Store
TXN002590,2025-09-01 21:53:00,ST002,PRD0003,CUST0812,2,7463.9,Online,Physical Store
TXN002591,2025-01-17 11:07:00,ST001,PRD0119,CUST0322,5,9036.76,Online,Physical Store
TXN002592,2025-09-30 20:52:00,ST002,PRD0184,CUST0016,2,3319.57,Cash,Physical Store
TXN002593,2025-08-03 09:42:00,ST005,PRD0300,CUST0100,1,6059.15,Card,Physical Store
TXN002594,2025-11-26 11:13:00,ST005,PRD0192,CUST0463,4,812.19,Mobile Wallet,Physical Store
TXN002595,2025-02-13 17:03:00,ST002,PRD0002,CUST0120,1,5132.62,Online,Physical Store
TXN002596,2025-08-09 09:24:00,ST004,PRD0075,CUST0378,3,20450.52,Online,Physical Store
TXN002597,2025-12-25 15:04:00,ST005,PRD0264,CUST0755,3,8405.05,Online,Physical Store
TXN002598,2025-01-02 19:28:00,ST001,PRD0297,CUST0293,2,14685.23,Online,Physical Store
TXN002599,2025-06-26 19:51:00,ST001,PRD0112,CUST0280,2,11463.12,Mobile Wallet,Physical Store
TXN002600,2025-11-30 18:29:00,ST003,PRD0239,CUST0155,3,12672.74,Mobile Wallet,Physical Store
TXN002601,2025-05-29 15:46:00,ST001,PRD0148,CUST0502,4,2911.86,Cash,Physical Store
TXN002602,2025-11-11 12:48:00,ST006,PRD0181,CUST0402,5,8249.71,Cash,Physical Store
TXN002603,2025-02-11 18:28:00,ST006,PRD0256,CUST0877,4,2281.57,Mobile Wallet,Physical Store
TXN002604,2025-06-24 08:22:00,ST001,PRD0091,CUST0965,4,17670.77,Card,Physical Store
TXN002605,2025-01-14 20:36:00,ST004,PRD0082,CUST0178,3,20809.35,Cash,Physical Store
TXN002606,2025-07-28 18:04:00,ST002,PRD0320,CUST0123,2,8347.21,Card,Physical Store
TXN002607,2025-02-05 18:07:00,ST006,PRD0201,CUST0980,5,4607.12,Mobile Wallet,Physical Store
TXN002608,2025-01-13 14:40:00,ST003,PRD0245,CUST0876,2,8847.6,Card,Physical Store
TXN002609,2025-03-11 10:12:00,ST003,PRD0249,CUST0253,5,15746.95,Card,Physical Store
TXN002610,2025-02-06 21:08:00,ST003,PRD0194,CUST0583,5,16959.55,Mobile Wallet,Physical Store
TXN002611,2025-04-23 15:05:00,ST005,PRD0043,CUST0586,2,8647.43,Online,Physical Store
TXN002612,2025-04-09 08:02:00,ST003,PRD0015,CUST0502,4,7026.68,Card,Physical Store
TXN002613,2025-10-19 20:34:00,ST006,PRD0290,CUST0305,2,1192.9,Cash,Physical Store
TXN002614,2025-04-17 10:16:00,ST006,PRD0224,CUST0706,5,9276.41,Mobile Wallet,Physical Store
TXN002615,2025-07-14 17:13:00,ST006,PRD0065,CUST0981,5,17099.96,Online,Physical Store
TXN002616,2025-02-22 15:42:00,ST004,PRD0284,CUST0414,4,20638.42,Online,Physical Store
TXN002617,2025-10-19 09:56:00,ST002,PRD0175,CUST0431,5,4600.64,Cash,Physical Store
TXN002618,2025-02-18 09:49:00,ST003,PRD0141,CUST0063,4,11741.07,Card,Physical Store
TXN002619,2025-12-25 14:25:00,ST004,PRD0150,CUST0377,4,3759.79,Card,Physical Store
TXN002620,2025-07-08 09:51:00,ST003,PRD0074,CUST1000,2,11205.61,Online,Physical Store
TXN002621,2025-06-26 11:51:00,ST006,PRD0128,CUST1002,3,9239.11,Mobile Wallet,Physical Store
TXN002622,2025-06-10 20:24:00,ST003,PRD0315,CUST0962,4,6862.13,Mobile Wallet,Physical Store
TXN002623,2025-09-19 12:37:00,ST003,PRD0219,CUST0328,2,19961.51,Online,Physical Store
TXN002624,2025-12-29 13:53:00,ST004,PRD0062,CUST0045,3,3706.43,Card,Physical Store
TXN002625,2025-06-11 08:26:00,ST004,PRD0297,CUST0266,5,14685.23,Online,Physical Store
TXN002626,2025-07-16 16:59:00,ST006,PRD0171,CUST0225,2,13173.5,Cash,Physical Store
TXN002627,2025-08-04 20:08:00,ST002,PRD0230,CUST0856,4,17471.77,Card,Physical Store
TXN002628,2025-06-13 19:01:00,ST002,PRD0315,CUST0903,5,6862.13,Online,Physical Store
TXN002629,2025-12-17 12:55:00,ST005,PRD0071,CUST0150,2,3015.69,Cash,Physical Store
TXN002630,2025-06-04 14:55:00,ST002,PRD0191,CUST0009,2,9077.42,Card,Physical Store
TXN002631,2025-05-30 15:29:00,ST003,PRD0282,CUST0013,3,5174.17,Mobile Wallet,Physical Store
TXN002632,2025-10-18 15:54:00,ST005,PRD0071,CUST0766,1,3015.69,Online,Physical Store
TXN002633,2025-12-24 18:03:00,ST002,PRD0235,CUST0050,2,17055.79,Card,Physical Store
TXN002634,2025-02-17 12:28:00,ST002,PRD0285,CUST0295,2,11577.34,Mobile Wallet,Physical Store
TXN002635,2025-11-27 19:56:00,ST006,PRD0080,CUST0115,5,5394.99,Online,Physical Store
TXN002636,2025-06-12 09:45:00,ST006,PRD0203,CUST1000,4,10598.59,Mobile Wallet,Physical Store
TXN002637,2025-01-07 14:12:00,ST005,PRD0209,CUST0450,2,2802.76,Mobile Wallet,Physical Store
TXN002638,2025-04-13 08:07:00,ST001,PRD0035,CUST0284,2,12242.79,Cash,Physical Store
TXN002639,2025-12-13 16:18:00,ST004,PRD0258,CUST0550,2,3276.89,Online,Physical Store
TXN002640,2025-10-06 11:13:00,ST006,PRD0109,CUST0867,4,6325.94,Mobile Wallet,Physical Store
TXN002641,2025-01-12 20:32:00,ST006,PRD0086,CUST0831,4,347.58,Cash,Physical Store
TXN002642,2025-12-24 11:24:00,ST005,PRD0005,CUST0688,3,13674.28,Online,Physical Store
TXN002643,2025-08-11 17:08:00,ST003,PRD0013,CUST0759,4,22686.55,Cash,Physical Store
TXN002644,2025-02-28 21:12:00,ST003,PRD0075,CUST0536,5,20450.52,Cash,Physical Store
TXN002645,2025-10-16 11:23:00,ST001,PRD0026,CUST0002,1,17486.51,Online,Physical Store
TXN002646,2025-05-30 14:07:00,ST006,PRD0244,CUST0707,5,14144.2,Cash,Physical Store
TXN002647,2025-10-04 08:13:00,ST006,PRD0269,CUST1044,5,6185.21,Cash,Physical Store
TXN002648,2025-05-27 12:40:00,ST001,PRD0035,CUST0126,3,12242.79,Online,Physical Store
TXN002649,2025-05-04 09:22:00,ST003,PRD0208,CUST0789,5,826.73,Cash,Physical Store
TXN002650,2025-12-18 11:53:00,ST006,PRD0170,CUST0392,5,1914.37,Cash,Physical Store
TXN002651,2025-05-21 16:41:00,ST004,PRD0112,CUST0978,3,11463.12,Online,Physical Store
TXN002652,2025-06-30 16:03:00,ST006,PRD0101,CUST0087,5,2955.72,Cash,Physical Store
TXN002653,2025-02-22 14:33:00,ST004,PRD0163,CUST0782,3,16681.73,Cash,Physical Store
TXN002654,2025-09-07 21:52:00,ST001,PRD0231,CUST0538,1,17703.38,Cash,Physical Store
TXN002655,2025-03-21 15:50:00,ST005,PRD0053,CUST0830,5,4167.18,Card,Physical Store
TXN002656,2025-09-05 19:06:00,ST003,PRD0224,CUST0192,1,9276.41,Mobile Wallet,Physical Store
TXN002657,2025-08-06 20:33:00,ST005,PRD0217,CUST0232,1,20488.83,Mobile Wallet,Physical Store
TXN002658,2025-07-17 15:22:00,ST002,PRD0297,CUST0414,2,14685.23,Mobile Wallet,Physical Store
TXN002659,2025-02-03 15:55:00,ST003,PRD0022,CUST0658,1,13125.31,Card,Physical Store
TXN002660,2025-07-11 11:16:00,ST003,PRD0183,CUST0138,5,10505.4,Mobile Wallet,Physical Store
TXN002661,2025-06-17 15:45:00,ST003,PRD0077,CUST0757,2,22335.09,Card,Physical Store
TXN002662,2025-05-07 17:41:00,ST003,PRD0304,CUST1043,2,2572.59,Card,Physical Store
TXN002663,2025-07-18 14:42:00,ST006,PRD0073,CUST0194,4,13155.27,Mobile Wallet,Physical Store
TXN002664,2025-06-21 16:02:00,ST003,PRD0035,CUST0677,5,12242.79,Mobile Wallet,Physical Store
TXN002665,2025-08-08 16:31:00,ST002,PRD0310,CUST0427,1,21244.72,Cash,Physical Store
TXN002666,2025-03-19 20:32:00,ST004,PRD0175,CUST0419,2,4600.64,Card,Physical Store
TXN002667,2025-09-03 20:24:00,ST003,PRD0221,CUST0455,3,6401.8,Cash,Physical Store
TXN002668,2025-11-23 13:51:00,ST002,PRD0032,CUST0338,3,16689.25,Online,Physical Store
TXN002669,2025-06-03 14:06:00,ST004,PRD0123,CUST0010,5,13170.98,Card,Physical Store
TXN002670,2025-01-04 16:58:00,ST006,PRD0289,CUST0967,2,9318.7,Cash,Physical Store
TXN002671,2025-11-24 15:48:00,ST004,PRD0115,CUST0342,4,3172.29,Mobile Wallet,Physical Store
TXN002672,2025-08-22 19:48:00,ST003,PRD0060,CUST0248,5,20909.2,Card,Physical Store
TXN002673,2025-06-13 10:44:00,ST002,PRD0247,CUST1033,4,9781.8,Cash,Physical Store
TXN002674,2025-11-05 08:00:00,ST001,PRD0227,CUST0170,2,17168.54,Cash,Physical Store
TXN002675,2025-03-14 19:54:00,ST003,PRD0143,CUST0289,2,7468.23,Online,Physical Store
TXN002676,2025-09-08 11:56:00,ST006,PRD0027,CUST0715,4,3678.01,Mobile Wallet,Physical Store
TXN002677,2025-08-29 09:48:00,ST006,PRD0317,CUST0875,1,13310.61,Mobile Wallet,Physical Store
TXN002678,2025-02-25 14:23:00,ST004,PRD0313,CUST0890,3,11708.67,Mobile Wallet,Physical Store
TXN002679,2025-08-22 14:18:00,ST002,PRD0021,CUST0774,5,1768.36,Card,Physical Store
TXN002680,2025-05-28 20:17:00,ST006,PRD0009,CUST0036,5,2429.12,Online,Physical Store
TXN002681,2025-03-19 10:59:00,ST006,PRD0145,CUST0284,4,10608.78,Online,Physical Store
TXN002682,2025-04-11 20:29:00,ST002,PRD0320,CUST0411,2,8347.21,Cash,Physical Store
TXN002683,2025-10-24 09:48:00,ST006,PRD0133,CUST0500,5,1638.63,Cash,Physical Store
TXN002684,2025-08-23 08:23:00,ST004,PRD0146,CUST0980,2,4109.1,Cash,Physical Store
TXN002685,2025-02-28 13:31:00,ST003,PRD0328,CUST0235,1,8691.06,Cash,Physical Store
TXN002686,2025-12-26 09:02:00,ST004,PRD0036,CUST0813,2,5751.78,Cash,Physical Store
TXN002687,2025-01-16 16:02:00,ST005,PRD0069,CUST0822,3,12214.5,Card,Physical Store
TXN002688,2025-12-09 12:54:00,ST004,PRD0240,CUST0689,5,5346.51,Card,Physical Store
TXN002689,2025-04-23 13:18:00,ST003,PRD0260,CUST1025,2,9674.14,Mobile Wallet,Physical Store
TXN002690,2025-02-15 17:11:00,ST004,PRD0056,CUST0581,5,13701.85,Mobile Wallet,Physical Store
TXN002691,2025-10-19 09:52:00,ST006,PRD0130,CUST0788,2,15909.47,Mobile Wallet,Physical Store
TXN002692,2025-11-21 14:54:00,ST001,PRD0146,CUST0492,2,4109.1,Card,Physical Store
TXN002693,2025-02-16 15:44:00,ST003,PRD0072,CUST0835,4,21910.16,Card,Physical Store
TXN002694,2025-09-23 10:19:00,ST005,PRD0202,CUST0683,3,17402.33,Card,Physical Store
TXN002695,2025-09-13 18:08:00,ST001,PRD0149,CUST0006,1,19334.45,Card,Physical Store
TXN002696,2025-01-11 16:25:00,ST006,PRD0026,CUST0177,3,17486.51,Mobile Wallet,Physical Store
TXN002697,2025-01-09 13:05:00,ST003,PRD0302,CUST0050,5,9747.03,Online,Physical Store
TXN002698,2025-04-17 21:09:00,ST006,PRD0254,CUST0235,4,11992.71,Card,Physical Store
TXN002699,2025-01-30 18:44:00,ST004,PRD0102,CUST0481,3,18335.61,Card,Physical Store
TXN002700,2025-07-15 17:45:00,ST001,PRD0103,CUST0027,1,9758.61,Cash,Physical Store
TXN002701,2025-01-20 17:03:00,ST005,PRD0270,CUST0481,1,18277.44,Mobile Wallet,Physical Store
TXN002702,2025-09-24 09:46:00,ST001,PRD0002,CUST0635,5,5132.62,Card,Physical Store
TXN002703,2025-09-27 18:14:00,ST003,PRD0172,CUST0571,1,20895.21,Card,Physical Store
TXN002704,2025-11-16 18:03:00,ST003,PRD0319,CUST0472,1,6266.57,Card,Physical Store
TXN002705,2025-11-21 15:26:00,ST004,PRD0218,CUST0182,2,17938.6,Mobile Wallet,Physical Store
TXN002706,2025-03-29 16:58:00,ST001,PRD0330,CUST0051,5,17208.76,Card,Physical Store
TXN002707,2025-03-12 18:40:00,ST005,PRD0220,CUST0137,3,11025.69,Online,Physical Store
TXN002708,2025-08-23 19:16:00,ST006,PRD0235,CUST0008,3,17055.79,Card,Physical Store
TXN002709,2025-02-07 21:55:00,ST006,PRD0046,CUST0075,3,20894.04,Card,Physical Store
TXN002710,2025-12-12 20:47:00,ST004,PRD0126,CUST0018,5,8272.6,Mobile Wallet,Physical Store
TXN002711,2025-04-14 17:28:00,ST002,PRD0317,CUST1032,3,13310.61,Cash,Physical Store
TXN002712,2025-10-13 17:07:00,ST005,PRD0158,CUST0287,4,20704.01,Card,Physical Store
TXN002713,2025-08-31 14:46:00,ST004,PRD0183,CUST0059,1,10505.4,Mobile Wallet,Physical Store
TXN002714,2025-08-07 15:44:00,ST004,PRD0051,CUST1043,4,10472.7,Mobile Wallet,Physical Store
TXN002715,2025-03-06 18:33:00,ST002,PRD0278,CUST0444,4,7489.54,Mobile Wallet,Physical Store
TXN002716,2025-10-06 16:57:00,ST006,PRD0184,CUST0051,1,3319.57,Mobile Wallet,Physical Store
TXN002717,2025-11-24 10:29:00,ST002,PRD0206,CUST0353,5,2082.08,Card,Physical Store
TXN002718,2025-08-06 14:27:00,ST006,PRD0228,CUST0023,5,11198.46,Card,Physical Store
TXN002719,2025-08-18 18:25:00,ST002,PRD0044,CUST0810,3,646.96,Card,Physical Store
TXN002720,2025-10-09 18:38:00,ST003,PRD0276,CUST0002,4,21897.23,Card,Physical Store
TXN002721,2025-06-12 17:34:00,ST003,PRD0055,CUST0278,3,18651.16,Mobile Wallet,Physical Store
TXN002722,2025-09-03 15:09:00,ST004,PRD0223,CUST0661,5,16691.47,Mobile Wallet,Physical Store
TXN002723,2025-06-01 08:35:00,ST001,PRD0097,CUST0757,5,7060.13,Online,Physical Store
TXN002724,2025-01-16 09:58:00,ST001,PRD0149,CUST0256,4,19334.45,Mobile Wallet,Physical Store
TXN002725,2025-06-18 15:35:00,ST001,PRD0299,CUST0386,5,8975.12,Card,Physical Store
TXN002726,2025-10-30 21:22:00,ST005,PRD0203,CUST0719,1,10598.59,Mobile Wallet,Physical Store
TXN002727,2025-02-11 18:07:00,ST001,PRD0158,CUST0878,1,20704.01,Online,Physical Store
TXN002728,2025-01-23 08:45:00,ST003,PRD0309,CUST0377,3,20175.41,Card,Physical Store
TXN002729,2025-09-25 15:35:00,ST001,PRD0252,CUST0716,4,6953.84,Card,Physical Store
TXN002730,2025-11-25 08:49:00,ST001,PRD0073,CUST0402,1,13155.27,Cash,Physical Store
TXN002731,2025-03-18 13:40:00,ST004,PRD0007,CUST0131,5,13705.32,Cash,Physical Store
TXN002732,2025-09-10 12:10:00,ST006,PRD0293,CUST0048,4,17487.15,Online,Physical Store
TXN002733,2025-03-18 10:10:00,ST005,PRD0117,CUST0388,4,14750.74,Card,Physical Store
TXN002734,2025-03-02 18:35:00,ST001,PRD0009,CUST0788,2,2429.12,Cash,Physical Store
TXN002735,2025-09-13 18:12:00,ST002,PRD0011,CUST0279,3,12715.64,Mobile Wallet,Physical Store
TXN002736,2025-11-30 19:27:00,ST004,PRD0072,CUST0532,5,21910.16,Online,Physical Store
TXN002737,2025-05-03 15:50:00,ST006,PRD0326,CUST0591,1,8972.53,Online,Physical Store
TXN002738,2025-09-11 20:44:00,ST004,PRD0048,CUST0568,3,3322.36,Online,Physical Store
TXN002739,2025-07-28 18:49:00,ST006,PRD0254,CUST0524,1,11992.71,Mobile Wallet,Physical Store
TXN002740,2025-10-05 15:50:00,ST003,PRD0107,CUST0742,3,10336.83,Online,Physical Store
TXN002741,2025-04-23 12:21:00,ST006,PRD0034,CUST0575,4,9530.33,Mobile Wallet,Physical Store
TXN002742,2025-10-09 16:42:00,ST002,PRD0215,CUST0725,5,3497.38,Online,Physical Store
TXN002743,2025-09-17 11:50:00,ST006,PRD0152,CUST0469,3,13560.83,Mobile Wallet,Physical Store
TXN002744,2025-11-19 10:54:00,ST004,PRD0214,CUST1013,2,829.59,Mobile Wallet,Physical Store
TXN002745,2025-06-03 16:20:00,ST006,PRD0124,CUST0316,1,2894.98,Mobile Wallet,Physical Store
TXN002746,2025-08-31 13:33:00,ST005,PRD0242,CUST0010,5,11290.47,Online,Physical Store
TXN002747,2025-05-05 10:49:00,ST005,PRD0334,CUST0837,5,9286.96,Card,Physical Store
TXN002748,2025-12-03 21:41:00,ST006,PRD0129,CUST0616,2,13492.02,Mobile Wallet,Physical Store
TXN002749,2025-11-02 19:21:00,ST001,PRD0275,CUST0065,3,837.23,Online,Physical Store
TXN002750,2025-06-13 20:03:00,ST002,PRD0185,CUST0066,5,17940.87,Online,Physical Store
TXN002751,2025-07-25 15:10:00,ST002,PRD0005,CUST0105,4,13674.28,Online,Physical Store
TXN002752,2025-03-30 20:38:00,ST004,PRD0101,CUST0094,4,2955.72,Card,Physical Store
TXN002753,2025-09-08 10:54:00,ST006,PRD0303,CUST0645,3,11893.96,Online,Physical Store
TXN002754,2025-12-08 18:43:00,ST001,PRD0003,CUST0495,5,7463.9,Cash,Physical Store
TXN002755,2025-08-04 10:21:00,ST003,PRD0287,CUST0720,1,3212.74,Cash,Physical Store
TXN002756,2025-12-13 10:44:00,ST003,PRD0326,CUST0010,3,8972.53,Cash,Physical Store
TXN002757,2025-12-03 10:35:00,ST003,PRD0049,CUST0639,2,17860.23,Card,Physical Store
TXN002758,2025-02-03 10:58:00,ST002,PRD0238,CUST0543,2,15120.33,Mobile Wallet,Physical Store
TXN002759,2025-11-14 21:53:00,ST006,PRD0170,CUST0386,1,1914.37,Cash,Physical Store
TXN002760,2025-02-27 10:15:00,ST002,PRD0181,CUST0060,3,8249.71,Mobile Wallet,Physical Store
TXN002761,2025-07-03 10:56:00,ST005,PRD0236,CUST0542,2,16144.93,Mobile Wallet,Physical Store
TXN002762,2025-12-12 14:57:00,ST006,PRD0094,CUST0705,1,19664.63,Cash,Physical Store
TXN002763,2025-09-26 13:31:00,ST006,PRD0115,CUST0395,5,3172.29,Online,Physical Store
TXN002764,2025-06-28 12:21:00,ST001,PRD0042,CUST0532,4,21532.78,Cash,Physical Store
TXN002765,2025-10-27 11:20:00,ST006,PRD0049,CUST0161,4,17860.23,Online,Physical Store
TXN002766,2025-06-26 21:22:00,ST006,PRD0161,CUST0451,4,9788.18,Cash,Physical Store
TXN002767,2025-08-02 10:30:00,ST004,PRD0096,CUST0221,4,5240.02,Card,Physical Store
TXN002768,2025-05-07 15:16:00,ST001,PRD0198,CUST0196,2,2914.92,Online,Physical Store
TXN002769,2025-09-01 13:27:00,ST001,PRD0086,CUST0872,3,347.58,Card,Physical Store
TXN002770,2025-08-06 08:32:00,ST006,PRD0132,CUST0243,5,8197.06,Mobile Wallet,Physical Store
TXN002771,2025-07-20 10:00:00,ST005,PRD0302,CUST0122,4,9747.03,Card,Physical Store
TXN002772,2025-02-12 17:53:00,ST002,PRD0221,CUST0493,1,6401.8,Online,Physical Store
TXN002773,2025-02-07 14:47:00,ST003,PRD0253,CUST0122,3,17101.61,Cash,Physical Store
TXN002774,2025-12-31 13:46:00,ST006,PRD0316,CUST0293,2,13933.6,Mobile Wallet,Physical Store
TXN002775,2025-08-14 11:43:00,ST003,PRD0052,CUST0355,2,7984.07,Card,Physical Store
TXN002776,2025-09-29 16:33:00,ST003,PRD0020,CUST0632,5,18682.24,Cash,Physical Store
TXN002777,2025-12-03 12:41:00,ST003,PRD0078,CUST0118,2,15781.51,Card,Physical Store
TXN002778,2025-07-25 12:23:00,ST002,PRD0024,CUST0297,5,13723.71,Card,Physical Store
TXN002779,2025-02-24 11:16:00,ST003,PRD0068,CUST0966,3,12827.93,Mobile Wallet,Physical Store
TXN002780,2025-07-13 15:11:00,ST006,PRD0311,CUST0131,1,4148.18,Online,Physical Store
TXN002781,2025-05-30 17:01:00,ST001,PRD0147,CUST0530,2,17668.05,Card,Physical Store
TXN002782,2025-11-28 12:15:00,ST001,PRD0224,CUST0763,2,9276.41,Cash,Physical Store
TXN002783,2025-12-18 18:54:00,ST001,PRD0081,CUST0991,4,15889.25,Cash,Physical Store
TXN002784,2025-06-14 08:26:00,ST005,PRD0076,CUST0235,4,3801.59,Card,Physical Store
TXN002785,2025-07-19 20:21:00,ST002,PRD0033,CUST0926,2,21125.63,Cash,Physical Store
TXN002786,2025-08-07 10:43:00,ST006,PRD0315,CUST0171,1,6862.13,Mobile Wallet,Physical Store
TXN002787,2025-04-28 21:39:00,ST005,PRD0080,CUST0321,1,5394.99,Card,Physical Store
TXN002788,2025-07-23 17:57:00,ST002,PRD0039,CUST0660,4,15677.76,Mobile Wallet,Physical Store
TXN002789,2025-08-11 20:30:00,ST002,PRD0059,CUST0056,3,2986.61,Mobile Wallet,Physical Store
TXN002790,2025-09-07 08:28:00,ST005,PRD0330,CUST0599,3,17208.76,Cash,Physical Store
TXN002791,2025-07-11 21:12:00,ST003,PRD0029,CUST0521,3,14939.28,Cash,Physical Store
TXN002792,2025-01-06 20:11:00,ST006,PRD0004,CUST0269,4,8894.11,Card,Physical Store
TXN002793,2025-10-14 15:35:00,ST006,PRD0314,CUST0071,2,14001.37,Online,Physical Store
TXN002794,2025-11-23 13:56:00,ST003,PRD0029,CUST0349,5,14939.28,Mobile Wallet,Physical Store
TXN002795,2025-08-20 20:25:00,ST003,PRD0025,CUST0487,1,5447.28,Cash,Physical Store
TXN002796,2025-11-06 20:46:00,ST006,PRD0106,CUST0560,4,11908.0,Mobile Wallet,Physical Store
TXN002797,2025-12-14 13:19:00,ST006,PRD0321,CUST0141,5,11771.0,Card,Physical Store
TXN002798,2025-05-03 20:27:00,ST001,PRD0278,CUST1035,1,7489.54,Cash,Physical Store
TXN002799,2025-05-05 21:35:00,ST001,PRD0068,CUST0915,2,12827.93,Cash,Physical Store
TXN002800,2025-06-10 09:15:00,ST001,PRD0126,CUST0576,4,8272.6,Cash,Physical Store
TXN002801,2025-10-07 12:10:00,ST002,PRD0077,CUST0006,1,22335.09,Card,Physical Store
TXN002802,2025-07-05 20:15:00,ST006,PRD0089,CUST0065,5,4127.23,Card,Physical Store
TXN002803,2025-12-17 19:04:00,ST002,PRD0199,CUST0249,4,10404.09,Mobile Wallet,Physical Store
TXN002804,2025-01-05 11:34:00,ST002,PRD0290,CUST0177,4,1192.9,Mobile Wallet,Physical Store
TXN002805,2025-11-04 08:29:00,ST004,PRD0262,CUST0628,4,19768.74,Mobile Wallet,Physical Store
TXN002806,2025-04-05 08:02:00,ST001,PRD0012,CUST0725,2,3550.38,Online,Physical Store
TXN002807,2025-12-24 19:06:00,ST004,PRD0026,CUST0971,1,17486.51,Cash,Physical Store
TXN002808,2025-08-11 11:17:00,ST006,PRD0288,CUST0748,1,2165.9,Online,Physical Store
TXN002809,2025-02-23 10:13:00,ST003,PRD0235,CUST0014,5,17055.79,Cash,Physical Store
TXN002810,2025-02-26 20:37:00,ST003,PRD0042,CUST0543,3,21532.78,Online,Physical Store
TXN002811,2025-07-06 14:38:00,ST004,PRD0242,CUST0291,5,11290.47,Online,Physical Store
TXN002812,2025-06-23 14:52:00,ST004,PRD0059,CUST0382,4,2986.61,Mobile Wallet,Physical Store
TXN002813,2025-02-10 11:28:00,ST005,PRD0229,CUST0239,5,22339.45,Mobile Wallet,Physical Store
TXN002814,2025-03-14 21:27:00,ST001,PRD0124,CUST0726,4,2894.98,Card,Physical Store
TXN002815,2025-07-25 20:53:00,ST002,PRD0196,CUST0903,5,14688.58,Cash,Physical Store
TXN002816,2025-07-10 13:31:00,ST002,PRD0107,CUST0940,1,10336.83,Mobile Wallet,Physical Store
TXN002817,2025-05-27 21:02:00,ST006,PRD0085,CUST0287,2,15600.74,Online,Physical Store
TXN002818,2025-12-08 14:04:00,ST004,PRD0155,CUST0609,4,15377.25,Card,Physical Store
TXN002819,2025-09-11 14:13:00,ST006,PRD0112,CUST0002,3,11463.12,Cash,Physical Store
TXN002820,2025-02-06 20:29:00,ST002,PRD0214,CUST0199,3,829.59,Cash,Physical Store
TXN002821,2025-07-11 10:18:00,ST005,PRD0262,CUST0465,1,19768.74,Mobile Wallet,Physical Store
TXN002822,2025-09-30 19:26:00,ST004,PRD0107,CUST0852,3,10336.83,Cash,Physical Store
TXN002823,2025-05-09 14:20:00,ST005,PRD0194,CUST0794,5,16959.55,Mobile Wallet,Physical Store
TXN002824,2025-01-12 11:24:00,ST001,PRD0283,CUST0474,1,16821.68,Online,Physical Store
TXN002825,2025-10-05 11:31:00,ST006,PRD0309,CUST0467,4,20175.41,Card,Physical Store
TXN002826,2025-12-20 21:05:00,ST006,PRD0177,CUST0371,2,6812.39,Cash,Physical Store
TXN002827,2025-12-05 18:10:00,ST003,PRD0248,CUST0119,4,7269.43,Card,Physical Store
TXN002828,2025-05-24 09:02:00,ST006,PRD0136,CUST0103,4,12055.78,Card,Physical Store
TXN002829,2025-10-24 09:05:00,ST002,PRD0279,CUST0926,2,1882.31,Card,Physical Store
TXN002830,2025-05-24 15:07:00,ST001,PRD0266,CUST0395,1,8348.44,Cash,Physical Store
TXN002831,2025-08-17 19:37:00,ST003,PRD0206,CUST0110,4,2082.08,Mobile Wallet,Physical Store
TXN002832,2025-09-27 17:46:00,ST004,PRD0267,CUST0517,5,13855.01,Online,Physical Store
TXN002833,2025-10-25 17:28:00,ST002,PRD0320,CUST0117,3,8347.21,Card,Physical Store
TXN002834,2025-02-24 15:07:00,ST004,PRD0057,CUST0572,5,21303.63,Online,Physical Store
TXN002835,2025-08-02 13:33:00,ST004,PRD0049,CUST0209,1,17860.23,Cash,Physical Store
TXN002836,2025-09-10 11:40:00,ST001,PRD0161,CUST0833,2,9788.18,Mobile Wallet,Physical Store
TXN002837,2025-04-13 21:06:00,ST003,PRD0087,CUST0945,3,901.59,Mobile Wallet,Physical Store
TXN002838,2025-04-02 19:55:00,ST005,PRD0213,CUST0212,4,2681.49,Online,Physical Store
TXN002839,2025-11-08 14:13:00,ST001,PRD0250,CUST1039,1,2291.41,Card,Physical Store
TXN002840,2025-09-27 21:44:00,ST005,PRD0303,CUST0110,4,11893.96,Card,Physical Store
TXN002841,2025-12-24 08:07:00,ST001,PRD0107,CUST0027,4,10336.83,Mobile Wallet,Physical Store
TXN002842,2025-09-10 13:12:00,ST002,PRD0088,CUST0236,4,2632.29,Card,Physical Store
TXN002843,2025-08-04 09:51:00,ST005,PRD0124,CUST0158,4,2894.98,Online,Physical Store
TXN002844,2025-05-18 17:02:00,ST001,PRD0024,CUST0636,5,13723.71,Card,Physical Store
TXN002845,2025-09-01 18:10:00,ST003,PRD0308,CUST0732,3,8374.13,Online,Physical Store
TXN002846,2025-09-15 11:21:00,ST005,PRD0216,CUST0481,5,5330.04,Cash,Physical Store
TXN002847,2025-03-20 15:54:00,ST006,PRD0143,CUST0447,5,7468.23,Card,Physical Store
TXN002848,2025-03-16 13:49:00,ST003,PRD0176,CUST0217,4,16060.03,Cash,Physical Store
TXN002849,2025-11-04 19:47:00,ST001,PRD0095,CUST0661,5,14194.94,Online,Physical Store
TXN002850,2025-09-10 21:26:00,ST006,PRD0092,CUST0218,2,22187.45,Card,Physical Store
TXN002851,2025-07-27 20:02:00,ST005,PRD0063,CUST0810,2,13040.87,Online,Physical Store
TXN002852,2025-07-03 12:06:00,ST002,PRD0107,CUST0516,3,10336.83,Cash,Physical Store
TXN002853,2025-06-10 14:13:00,ST004,PRD0027,CUST0497,1,3678.01,Mobile Wallet,Physical Store
TXN002854,2025-09-24 18:47:00,ST004,PRD0173,CUST0095,5,8871.76,Online,Physical Store
TXN002855,2025-07-05 20:37:00,ST006,PRD0276,CUST0952,2,21897.23,Online,Physical Store
TXN002856,2025-01-17 16:47:00,ST004,PRD0313,CUST0361,1,11708.67,Mobile Wallet,Physical Store
TXN002857,2025-11-22 20:57:00,ST004,PRD0097,CUST0674,1,7060.13,Mobile Wallet,Physical Store
TXN002858,2025-09-18 09:04:00,ST004,PRD0106,CUST0442,5,11908.0,Card,Physical Store
TXN002859,2025-08-08 15:01:00,ST004,PRD0245,CUST0279,1,8847.6,Card,Physical Store
TXN002860,2025-12-28 12:00:00,ST006,PRD0093,CUST0626,2,4406.01,Card,Physical Store
TXN002861,2025-11-27 10:47:00,ST005,PRD0139,CUST0193,5,3538.08,Card,Physical Store
TXN002862,2025-02-01 14:43:00,ST004,PRD0126,CUST0379,2,8272.6,Online,Physical Store
TXN002863,2025-06-07 08:06:00,ST003,PRD0279,CUST0205,3,1882.31,Online,Physical Store
TXN002864,2025-03-28 12:48:00,ST006,PRD0284,CUST0555,2,20638.42,Cash,Physical Store
TXN002865,2025-03-22 19:17:00,ST006,PRD0126,CUST0754,1,8272.6,Online,Physical Store
TXN002866,2025-08-13 14:22:00,ST004,PRD0047,CUST0242,5,5346.17,Cash,Physical Store
TXN002867,2025-06-22 14:17:00,ST003,PRD0005,CUST0584,1,13674.28,Mobile Wallet,Physical Store
TXN002868,2025-06-29 11:39:00,ST004,PRD0277,CUST0134,2,8719.93,Cash,Physical Store
TXN002869,2025-06-13 12:53:00,ST003,PRD0326,CUST0275,3,8972.53,Cash,Physical Store
TXN002870,2025-12-17 18:39:00,ST004,PRD0029,CUST1042,2,14939.28,Cash,Physical Store
TXN002871,2025-12-08 21:49:00,ST003,PRD0037,CUST0056,2,4663.44,Mobile Wallet,Physical Store
TXN002872,2025-06-13 17:17:00,ST006,PRD0093,CUST0360,1,4406.01,Card,Physical Store
TXN002873,2025-05-04 15:24:00,ST006,PRD0196,CUST0887,5,14688.58,Mobile Wallet,Physical Store
TXN002874,2025-11-04 10:49:00,ST002,PRD0086,CUST0711,2,347.58,Mobile Wallet,Physical Store
TXN002875,2025-02-17 17:16:00,ST002,PRD0048,CUST0134,5,3322.36,Cash,Physical Store
TXN002876,2025-11-15 20:14:00,ST006,PRD0157,CUST0260,3,19405.25,Card,Physical Store
TXN002877,2025-05-31 08:24:00,ST006,PRD0218,CUST0364,5,17938.6,Card,Physical Store
TXN002878,2025-05-19 14:12:00,ST005,PRD0104,CUST0615,5,12631.32,Card,Physical Store
TXN002879,2025-05-02 12:13:00,ST006,PRD0242,CUST0760,1,11290.47,Mobile Wallet,Physical Store
TXN002880,2025-08-12 17:16:00,ST003,PRD0020,CUST1040,4,18682.24,Online,Physical Store
TXN002881,2025-03-31 12:15:00,ST005,PRD0288,CUST0362,4,2165.9,Card,Physical Store
TXN002882,2025-10-11 13:21:00,ST002,PRD0011,CUST0922,3,12715.64,Online,Physical Store
TXN002883,2025-01-12 17:55:00,ST006,PRD0178,CUST0335,5,970.06,Online,Physical Store
TXN002884,2025-11-08 12:56:00,ST005,PRD0246,CUST0017,2,437.82,Mobile Wallet,Physical Store
TXN002885,2025-11-06 21:27:00,ST003,PRD0146,CUST0670,2,4109.1,Cash,Physical Store
TXN002886,2025-08-29 14:21:00,ST001,PRD0023,CUST0530,4,5149.18,Card,Physical Store
TXN002887,2025-01-03 08:48:00,ST002,PRD0304,CUST0697,3,2572.59,Mobile Wallet,Physical Store
TXN002888,2025-04-19 12:18:00,ST005,PRD0313,CUST0824,4,11708.67,Mobile Wallet,Physical Store
TXN002889,2025-08-09 15:37:00,ST001,PRD0276,CUST0529,4,21897.23,Mobile Wallet,Physical Store
TXN002890,2025-12-25 09:29:00,ST005,PRD0329,CUST0046,4,2156.83,Cash,Physical Store
TXN002891,2025-02-13 21:16:00,ST001,PRD0319,CUST0902,1,6266.57,Cash,Physical Store
TXN002892,2025-04-21 20:33:00,ST003,PRD0134,CUST0918,1,16453.67,Mobile Wallet,Physical Store
TXN002893,2025-09-03 21:22:00,ST001,PRD0215,CUST0886,3,3497.38,Online,Physical Store
TXN002894,2025-02-09 16:46:00,ST006,PRD0259,CUST0866,1,7839.33,Cash,Physical Store
TXN002895,2025-07-16 15:42:00,ST006,PRD0150,CUST0535,5,3759.79,Card,Physical Store
TXN002896,2025-04-15 12:44:00,ST006,PRD0107,CUST0754,5,10336.83,Mobile Wallet,Physical Store
TXN002897,2025-10-22 16:20:00,ST001,PRD0010,CUST0570,3,15285.57,Online,Physical Store
TXN002898,2025-07-29 14:54:00,ST003,PRD0296,CUST0470,4,10919.63,Online,Physical Store
TXN002899,2025-01-24 10:52:00,ST004,PRD0136,CUST0365,5,12055.78,Cash,Physical Store
TXN002900,2025-08-30 21:44:00,ST004,PRD0275,CUST0344,3,837.23,Cash,Physical Store
TXN002901,2025-06-03 08:54:00,ST006,PRD0067,CUST0677,1,2993.21,Card,Physical Store
TXN002902,2025-10-03 13:55:00,ST004,PRD0252,CUST0877,2,6953.84,Online,Physical Store
TXN002903,2025-09-21 20:04:00,ST005,PRD0323,CUST0843,2,14720.06,Online,Physical Store
TXN002904,2025-10-21 11:48:00,ST002,PRD0209,CUST0107,4,2802.76,Online,Physical Store
TXN002905,2025-09-20 13:14:00,ST001,PRD0010,CUST0174,1,15285.57,Card,Physical Store
TXN002906,2025-08-13 16:36:00,ST005,PRD0194,CUST0683,1,16959.55,Card,Physical Store
TXN002907,2025-01-01 20:18:00,ST002,PRD0330,CUST1032,3,17208.76,Mobile Wallet,Physical Store
TXN002908,2025-08-24 13:33:00,ST002,PRD0193,CUST0973,1,15266.12,Mobile Wallet,Physical Store
TXN002909,2025-06-17 14:09:00,ST002,PRD0027,CUST0398,4,3678.01,Online,Physical Store
TXN002910,2025-06-05 18:18:00,ST005,PRD0109,CUST0529,4,6325.94,Mobile Wallet,Physical Store
TXN002911,2025-05-06 11:06:00,ST002,PRD0276,CUST0148,2,21897.23,Card,Physical Store
TXN002912,2025-07-09 15:43:00,ST006,PRD0216,CUST0182,4,5330.04,Cash,Physical Store
TXN002913,2025-08-18 11:53:00,ST003,PRD0064,CUST0915,3,1220.74,Online,Physical Store
TXN002914,2025-08-25 15:56:00,ST002,PRD0220,CUST0355,4,11025.69,Mobile Wallet,Physical Store
TXN002915,2025-05-06 14:28:00,ST005,PRD0276,CUST0642,1,21897.23,Mobile Wallet,Physical Store
TXN002916,2025-09-11 12:50:00,ST003,PRD0254,CUST0767,5,11992.71,Online,Physical Store
TXN002917,2025-11-29 11:18:00,ST005,PRD0258,CUST0685,2,3276.89,Online,Physical Store
TXN002918,2025-04-08 15:47:00,ST002,PRD0236,CUST0520,1,16144.93,Mobile Wallet,Physical Store
TXN002919,2025-07-19 15:26:00,ST001,PRD0286,CUST0974,3,14935.58,Online,Physical Store
TXN002920,2025-03-18 08:55:00,ST003,PRD0246,CUST0863,4,437.82,Cash,Physical Store
TXN002921,2025-06-07 17:28:00,ST001,PRD0180,CUST0410,3,18463.04,Cash,Physical Store
TXN002922,2025-06-12 20:30:00,ST005,PRD0107,CUST0426,1,10336.83,Cash,Physical Store
TXN002923,2025-01-17 18:45:00,ST004,PRD0024,CUST0569,1,13723.71,Online,Physical Store
TXN002924,2025-07-23 13:46:00,ST006,PRD0260,CUST0308,2,9674.14,Online,Physical Store
TXN002925,2025-05-15 13:15:00,ST003,PRD0269,CUST0684,4,6185.21,Card,Physical Store
TXN002926,2025-06-25 10:58:00,ST004,PRD0103,CUST0267,4,9758.61,Cash,Physical Store
TXN002927,2025-11-20 18:58:00,ST004,PRD0007,CUST0076,3,13705.32,Cash,Physical Store
TXN002928,2025-10-20 19:05:00,ST003,PRD0036,CUST0123,2,5751.78,Online,Physical Store
TXN002929,2025-08-04 09:05:00,ST005,PRD0308,CUST1028,5,8374.13,Mobile Wallet,Physical Store
TXN002930,2025-06-10 09:05:00,ST005,PRD0281,CUST0209,3,4870.82,Card,Physical Store
TXN002931,2025-08-18 20:59:00,ST001,PRD0142,CUST0823,4,1184.22,Online,Physical Store
TXN002932,2025-06-06 15:28:00,ST006,PRD0218,CUST0191,5,17938.6,Mobile Wallet,Physical Store
TXN002933,2025-09-19 15:42:00,ST006,PRD0001,CUST0575,4,11200.87,Mobile Wallet,Physical Store
TXN002934,2025-07-24 18:41:00,ST001,PRD0197,CUST0302,5,13667.49,Online,Physical Store
TXN002935,2025-12-31 10:23:00,ST005,PRD0207,CUST0703,5,10872.38,Online,Physical Store
TXN002936,2025-01-09 16:41:00,ST006,PRD0317,CUST0139,3,13310.61,Card,Physical Store
TXN002937,2025-12-26 11:44:00,ST005,PRD0119,CUST0008,2,9036.76,Card,Physical Store
TXN002938,2025-09-12 14:58:00,ST003,PRD0147,CUST0036,3,17668.05,Mobile Wallet,Physical Store
TXN002939,2025-12-15 11:39:00,ST002,PRD0274,CUST0865,2,2220.38,Cash,Physical Store
TXN002940,2025-05-10 08:22:00,ST005,PRD0035,CUST0443,1,12242.79,Mobile Wallet,Physical Store
TXN002941,2025-07-12 08:19:00,ST002,PRD0249,CUST0630,4,15746.95,Card,Physical Store
TXN002942,2025-10-10 17:53:00,ST006,PRD0047,CUST0519,4,5346.17,Online,Physical Store
TXN002943,2025-03-27 12:29:00,ST001,PRD0154,CUST0620,2,13504.25,Card,Physical Store
TXN002944,2025-06-17 17:16:00,ST006,PRD0145,CUST0212,1,10608.78,Card,Physical Store
TXN002945,2025-04-26 20:32:00,ST001,PRD0247,CUST0463,3,9781.8,Mobile Wallet,Physical Store
TXN002946,2025-07-31 12:59:00,ST001,PRD0255,CUST0982,3,5769.03,Card,Physical Store
TXN002947,2025-02-16 11:58:00,ST006,PRD0188,CUST0157,5,10116.21,Card,Physical Store
TXN002948,2025-01-05 10:22:00,ST003,PRD0264,CUST0766,2,8405.05,Mobile Wallet,Physical Store
TXN002949,2025-06-12 16:52:00,ST005,PRD0041,CUST0716,2,16598.91,Online,Physical Store
TXN002950,2025-11-23 10:44:00,ST005,PRD0061,CUST1002,5,15518.33,Online,Physical Store
TXN002951,2025-06-25 17:51:00,ST005,PRD0318,CUST0119,5,9023.94,Online,Physical Store
TXN002952,2025-12-28 18:50:00,ST004,PRD0039,CUST0350,5,15677.76,Online,Physical Store
TXN002953,2025-07-04 20:33:00,ST003,PRD0057,CUST0772,4,21303.63,Card,Physical Store
TXN002954,2025-04-21 16:13:00,ST005,PRD0050,CUST0452,3,2136.14,Cash,Physical Store
TXN002955,2025-10-08 19:48:00,ST005,PRD0022,CUST0114,2,13125.31,Cash,Physical Store
TXN002956,2025-05-13 21:24:00,ST006,PRD0097,CUST0531,2,7060.13,Card,Physical Store
TXN002957,2025-06-09 10:06:00,ST004,PRD0312,CUST0758,5,6604.88,Card,Physical Store
TXN002958,2025-01-27 21:37:00,ST005,PRD0053,CUST0356,1,4167.18,Online,Physical Store
TXN002959,2025-03-21 15:57:00,ST001,PRD0099,CUST0605,1,20583.54,Online,Physical Store
TXN002960,2025-07-25 09:12:00,ST006,PRD0128,CUST0172,3,9239.11,Online,Physical Store
TXN002961,2025-07-05 11:54:00,ST002,PRD0028,CUST0129,3,9297.13,Cash,Physical Store
TXN002962,2025-04-08 08:51:00,ST004,PRD0158,CUST0608,1,20704.01,Mobile Wallet,Physical Store
TXN002963,2025-09-30 09:42:00,ST006,PRD0052,CUST0098,5,7984.07,Mobile Wallet,Physical Store
TXN002964,2025-07-04 17:35:00,ST004,PRD0156,CUST0641,3,7788.01,Mobile Wallet,Physical Store
TXN002965,2025-12-29 14:15:00,ST001,PRD0157,CUST0667,3,19405.25,Card,Physical Store
TXN002966,2025-11-02 17:06:00,ST005,PRD0073,CUST0833,5,13155.27,Online,Physical Store
TXN002967,2025-06-24 10:03:00,ST005,PRD0214,CUST0629,1,829.59,Cash,Physical Store
TXN002968,2025-01-12 14:06:00,ST001,PRD0196,CUST0780,5,14688.58,Cash,Physical Store
TXN002969,2025-01-31 20:56:00,ST006,PRD0270,CUST0272,2,18277.44,Online,Physical Store
TXN002970,2025-03-10 20:47:00,ST002,PRD0064,CUST0829,5,1220.74,Mobile Wallet,Physical Store
TXN002971,2025-09-15 10:09:00,ST006,PRD0043,CUST1023,3,8647.43,Mobile Wallet,Physical Store
TXN002972,2025-03-29 18:50:00,ST001,PRD0196,CUST0782,2,14688.58,Card,Physical Store
TXN002973,2025-11-20 12:31:00,ST001,PRD0294,CUST0177,1,2896.16,Online,Physical Store
TXN002974,2025-10-19 11:08:00,ST002,PRD0325,CUST0721,4,10102.17,Card,Physical Store
TXN002975,2025-10-10 18:29:00,ST002,PRD0026,CUST0413,2,17486.51,Cash,Physical Store
TXN002976,2025-01-24 18:42:00,ST003,PRD0238,CUST0548,5,15120.33,Mobile Wallet,Physical Store
TXN002977,2025-03-07 12:51:00,ST002,PRD0098,CUST0949,1,620.21,Online,Physical Store
TXN002978,2025-02-15 12:21:00,ST006,PRD0096,CUST0092,3,5240.02,Cash,Physical Store
TXN002979,2025-12-28 10:58:00,ST004,PRD0324,CUST0819,1,10127.07,Cash,Physical Store
TXN002980,2025-05-28 16:01:00,ST001,PRD0089,CUST0373,3,4127.23,Mobile Wallet,Physical Store
TXN002981,2025-07-03 21:19:00,ST004,PRD0245,CUST0540,4,8847.6,Online,Physical Store
TXN002982,2025-01-22 19:37:00,ST006,PRD0012,CUST0527,1,3550.38,Online,Physical Store
TXN002983,2025-08-12 14:44:00,ST001,PRD0133,CUST0419,1,1638.63,Mobile Wallet,Physical Store
TXN002984,2025-06-18 18:53:00,ST002,PRD0182,CUST0884,2,19280.03,Mobile Wallet,Physical Store
TXN002985,2025-09-29 16:59:00,ST003,PRD0262,CUST0907,4,19768.74,Mobile Wallet,Physical Store
TXN002986,2025-12-23 17:39:00,ST004,PRD0122,CUST0152,2,5139.97,Cash,Physical Store
TXN002987,2025-08-02 18:08:00,ST001,PRD0071,CUST0048,1,3015.69,Card,Physical Store
TXN002988,2025-10-12 14:00:00,ST003,PRD0144,CUST0988,5,17251.78,Mobile Wallet,Physical Store
TXN002989,2025-02-10 20:36:00,ST005,PRD0316,CUST0032,2,13933.6,Cash,Physical Store
TXN002990,2025-04-17 13:07:00,ST005,PRD0132,CUST0661,2,8197.06,Card,Physical Store
TXN002991,2025-10-19 12:19:00,ST004,PRD0038,CUST0250,3,16717.88,Cash,Physical Store
TXN002992,2025-07-05 11:19:00,ST002,PRD0226,CUST0263,5,18502.93,Online,Physical Store
TXN002993,2025-02-17 19:26:00,ST005,PRD0243,CUST0441,1,3916.43,Online,Physical Store
TXN002994,2025-04-24 10:42:00,ST005,PRD0202,CUST1011,1,17402.33,Online,Physical Store
TXN002995,2025-09-19 20:33:00,ST004,PRD0207,CUST0848,3,10872.38,Card,Physical Store
TXN002996,2025-10-31 10:23:00,ST005,PRD0274,CUST0381,2,2220.38,Card,Physical Store
TXN002997,2025-10-02 08:48:00,ST002,PRD0057,CUST0448,2,21303.63,Online,Physical Store
TXN002998,2025-04-18 08:27:00,ST005,PRD0262,CUST0703,4,19768.74,Online,Physical Store
TXN002999,2025-12-15 21:27:00,ST005,PRD0249,CUST0839,4,15746.95,Cash,Physical Store
TXN003000,2025-11-09 14:17:00,ST003,PRD0166,CUST0449,4,15634.98,Online,Physical Store
TXN003001,2025-10-22 13:53:00,ST002,PRD0295,CUST0973,3,20720.46,Cash,Physical Store
TXN003002,2025-04-29 13:40:00,ST003,PRD0103,CUST0167,4,9758.61,Online,Physical Store
TXN003003,2025-12-17 20:45:00,ST006,PRD0169,CUST0325,5,10615.75,Mobile Wallet,Physical Store
TXN003004,2025-05-21 16:45:00,ST006,PRD0235,CUST0567,1,17055.79,Cash,Physical Store
TXN003005,2025-12-28 18:18:00,ST004,PRD0270,CUST0791,2,18277.44,Mobile Wallet,Physical Store
TXN003006,2025-06-15 20:07:00,ST005,PRD0334,CUST0242,5,9286.96,Mobile Wallet,Physical Store
TXN003007,2025-08-06 12:21:00,ST004,PRD0115,CUST0550,5,3172.29,Online,Physical Store
TXN003008,2025-06-12 09:49:00,ST001,PRD0184,CUST0893,3,3319.57,Mobile Wallet,Physical Store
TXN003009,2025-08-14 16:38:00,ST001,PRD0219,CUST0487,1,19961.51,Card,Physical Store
TXN003010,2025-06-29 19:32:00,ST004,PRD0095,CUST0125,1,14194.94,Card,Physical Store
TXN003011,2025-01-20 09:48:00,ST002,PRD0168,CUST0974,2,14853.54,Online,Physical Store
TXN003012,2025-03-16 10:33:00,ST006,PRD0144,CUST0441,3,17251.78,Card,Physical Store
TXN003013,2025-09-03 14:26:00,ST006,PRD0284,CUST0100,5,20638.42,Online,Physical Store
TXN003014,2025-08-12 18:44:00,ST001,PRD0026,CUST0170,5,17486.51,Online,Physical Store
TXN003015,2025-01-05 20:13:00,ST001,PRD0101,CUST0615,5,2955.72,Cash,Physical Store
TXN003016,2025-06-20 21:14:00,ST005,PRD0225,CUST0496,3,15148.9,Mobile Wallet,Physical Store
TXN003017,2025-07-24 19:31:00,ST003,PRD0054,CUST0709,3,3904.5,Online,Physical Store
TXN003018,2025-08-02 08:22:00,ST001,PRD0126,CUST0316,4,8272.6,Mobile Wallet,Physical Store
TXN003019,2025-09-06 21:17:00,ST002,PRD0207,CUST0283,4,10872.38,Cash,Physical Store
TXN003020,2025-11-19 13:47:00,ST005,PRD0106,CUST0810,3,11908.0,Cash,Physical Store
TXN003021,2025-02-24 17:44:00,ST004,PRD0079,CUST0715,4,6321.36,Card,Physical Store
TXN003022,2025-09-14 13:47:00,ST003,PRD0022,CUST0350,1,13125.31,Online,Physical Store
TXN003023,2025-11-29 21:42:00,ST006,PRD0112,CUST0504,1,11463.12,Mobile Wallet,Physical Store
TXN003024,2025-08-21 13:55:00,ST002,PRD0164,CUST0285,1,12166.75,Mobile Wallet,Physical Store
TXN003025,2025-04-04 14:16:00,ST004,PRD0112,CUST0760,4,11463.12,Online,Physical Store
TXN003026,2025-05-28 19:25:00,ST005,PRD0002,CUST0914,5,5132.62,Cash,Physical Store
TXN003027,2025-09-04 21:21:00,ST005,PRD0043,CUST0205,5,8647.43,Cash,Physical Store
TXN003028,2025-08-22 15:23:00,ST005,PRD0190,CUST0141,2,5190.85,Online,Physical Store
TXN003029,2025-06-03 09:50:00,ST002,PRD0158,CUST0339,3,20704.01,Cash,Physical Store
TXN003030,2025-08-08 12:39:00,ST006,PRD0278,CUST0365,5,7489.54,Card,Physical Store
TXN003031,2025-09-22 20:41:00,ST004,PRD0173,CUST0975,3,8871.76,Mobile Wallet,Physical Store
TXN003032,2025-08-11 13:24:00,ST001,PRD0164,CUST0076,4,12166.75,Online,Physical Store
TXN003033,2025-06-16 12:46:00,ST006,PRD0314,CUST0540,2,14001.37,Online,Physical Store
TXN003034,2025-04-24 20:27:00,ST001,PRD0275,CUST0965,4,837.23,Online,Physical Store
TXN003035,2025-07-30 20:36:00,ST005,PRD0090,CUST0289,1,18163.73,Online,Physical Store
TXN003036,2025-11-10 21:57:00,ST006,PRD0028,CUST0998,4,9297.13,Card,Physical Store
TXN003037,2025-06-02 21:07:00,ST005,PRD0178,CUST0432,3,970.06,Mobile Wallet,Physical Store
TXN003038,2025-08-27 09:03:00,ST003,PRD0025,CUST0225,1,5447.28,Online,Physical Store
TXN003039,2025-08-25 15:54:00,ST003,PRD0118,CUST0590,5,21036.15,Card,Physical Store
TXN003040,2025-12-06 09:52:00,ST002,PRD0135,CUST0991,2,310.8,Online,Physical Store
TXN003041,2025-07-07 15:32:00,ST001,PRD0173,CUST0822,3,8871.76,Card,Physical Store
TXN003042,2025-06-25 12:41:00,ST001,PRD0325,CUST1000,3,10102.17,Mobile Wallet,Physical Store
TXN003043,2025-10-01 13:56:00,ST002,PRD0333,CUST0767,4,6748.68,Online,Physical Store
TXN003044,2025-03-19 11:55:00,ST003,PRD0075,CUST0752,3,20450.52,Cash,Physical Store
TXN003045,2025-12-12 19:37:00,ST003,PRD0177,CUST0996,5,6812.39,Mobile Wallet,Physical Store
TXN003046,2025-07-05 16:06:00,ST001,PRD0335,CUST0838,4,8481.29,Card,Physical Store
TXN003047,2025-09-29 20:58:00,ST004,PRD0135,CUST0241,2,310.8,Card,Physical Store
TXN003048,2025-05-03 11:47:00,ST001,PRD0336,CUST0619,4,2121.27,Online,Physical Store
TXN003049,2025-01-10 15:06:00,ST004,PRD0129,CUST0821,5,13492.02,Cash,Physical Store
TXN003050,2025-05-11 19:31:00,ST003,PRD0303,CUST1002,2,11893.96,Cash,Physical Store
TXN003051,2025-10-12 13:45:00,ST005,PRD0164,CUST0697,1,12166.75,Card,Physical Store
TXN003052,2025-09-13 12:23:00,ST004,PRD0207,CUST0076,1,10872.38,Cash,Physical Store
TXN003053,2025-04-08 17:52:00,ST001,PRD0199,CUST0207,1,10404.09,Mobile Wallet,Physical Store
TXN003054,2025-06-28 17:43:00,ST004,PRD0016,CUST0081,1,20268.14,Cash,Physical Store
TXN003055,2025-07-16 15:36:00,ST001,PRD0331,CUST0553,5,7946.53,Mobile Wallet,Physical Store
TXN003056,2025-10-06 14:44:00,ST003,PRD0306,CUST0365,5,2327.28,Online,Physical Store
TXN003057,2025-12-15 09:25:00,ST005,PRD0080,CUST0225,3,5394.99,Card,Physical Store
TXN003058,2025-12-07 16:49:00,ST004,PRD0300,CUST0869,4,6059.15,Card,Physical Store
TXN003059,2025-06-30 11:50:00,ST003,PRD0220,CUST0997,2,11025.69,Online,Physical Store
TXN003060,2025-12-27 16:38:00,ST001,PRD0209,CUST0094,4,2802.76,Mobile Wallet,Physical Store
TXN003061,2025-03-07 10:34:00,ST001,PRD0276,CUST0440,3,21897.23,Card,Physical Store
TXN003062,2025-04-29 20:22:00,ST001,PRD0055,CUST0398,5,18651.16,Cash,Physical Store
TXN003063,2025-05-20 11:03:00,ST002,PRD0310,CUST0959,3,21244.72,Mobile Wallet,Physical Store
TXN003064,2025-11-22 12:39:00,ST006,PRD0117,CUST0886,4,14750.74,Card,Physical Store
TXN003065,2025-06-10 15:45:00,ST001,PRD0291,CUST0848,4,11295.17,Online,Physical Store
TXN003066,2025-09-24 08:12:00,ST006,PRD0006,CUST0106,4,13477.68,Card,Physical Store
TXN003067,2025-07-06 20:40:00,ST002,PRD0224,CUST0748,5,9276.41,Mobile Wallet,Physical Store
TXN003068,2025-01-13 16:11:00,ST002,PRD0176,CUST0372,4,16060.03,Mobile Wallet,Physical Store
TXN003069,2025-10-30 12:45:00,ST005,PRD0035,CUST0290,5,12242.79,Mobile Wallet,Physical Store
TXN003070,2025-08-08 17:06:00,ST002,PRD0046,CUST0259,2,20894.04,Card,Physical Store
TXN003071,2025-02-08 12:40:00,ST004,PRD0086,CUST0661,2,347.58,Cash,Physical Store
TXN003072,2025-02-25 17:31:00,ST005,PRD0329,CUST0301,3,2156.83,Online,Physical Store
TXN003073,2025-07-21 20:48:00,ST006,PRD0164,CUST0925,3,12166.75,Online,Physical Store
TXN003074,2025-07-13 13:44:00,ST006,PRD0110,CUST0371,3,5481.63,Online,Physical Store
TXN003075,2025-05-24 12:59:00,ST001,PRD0040,CUST0225,5,11363.76,Online,Physical Store
TXN003076,2025-02-13 11:24:00,ST001,PRD0231,CUST0385,5,17703.38,Online,Physical Store
TXN003077,2025-03-15 08:13:00,ST002,PRD0283,CUST0206,5,16821.68,Mobile Wallet,Physical Store
TXN003078,2025-08-08 16:19:00,ST001,PRD0052,CUST0573,4,7984.07,Online,Physical Store
TXN003079,2025-07-15 18:08:00,ST003,PRD0085,CUST0058,1,15600.74,Card,Physical Store
TXN003080,2025-04-12 11:20:00,ST001,PRD0137,CUST0123,1,4588.15,Card,Physical Store
TXN003081,2025-08-15 10:34:00,ST002,PRD0107,CUST0798,1,10336.83,Cash,Physical Store
TXN003082,2025-09-18 15:56:00,ST004,PRD0203,CUST0597,4,10598.59,Cash,Physical Store
TXN003083,2025-10-21 08:26:00,ST005,PRD0248,CUST0892,1,7269.43,Card,Physical Store
TXN003084,2025-08-27 14:09:00,ST004,PRD0310,CUST0765,1,21244.72,Mobile Wallet,Physical Store
TXN003085,2025-12-01 15:44:00,ST001,PRD0034,CUST0853,2,9530.33,Mobile Wallet,Physical Store
TXN003086,2025-03-17 08:18:00,ST001,PRD0280,CUST0809,5,14906.05,Online,Physical Store
TXN003087,2025-02-22 16:24:00,ST002,PRD0295,CUST0456,1,20720.46,Card,Physical Store
TXN003088,2025-07-18 21:19:00,ST003,PRD0336,CUST0673,4,2121.27,Mobile Wallet,Physical Store
TXN003089,2025-08-28 12:06:00,ST001,PRD0302,CUST0171,4,9747.03,Online,Physical Store
TXN003090,2025-12-17 20:14:00,ST003,PRD0312,CUST0042,4,6604.88,Cash,Physical Store
TXN003091,2025-10-17 19:45:00,ST003,PRD0250,CUST0032,2,2291.41,Card,Physical Store
TXN003092,2025-06-22 21:42:00,ST001,PRD0059,CUST0923,1,2986.61,Cash,Physical Store
TXN003093,2025-07-11 16:36:00,ST005,PRD0052,CUST0385,4,7984.07,Card,Physical Store
TXN003094,2025-10-24 14:29:00,ST002,PRD0006,CUST0947,3,13477.68,Cash,Physical Store
TXN003095,2025-06-20 11:04:00,ST006,PRD0307,CUST0510,4,11194.39,Card,Physical Store
TXN003096,2025-06-24 10:25:00,ST001,PRD0002,CUST0288,2,5132.62,Mobile Wallet,Physical Store
TXN003097,2025-10-20 19:59:00,ST003,PRD0013,CUST1045,4,22686.55,Online,Physical Store
TXN003098,2025-09-21 08:09:00,ST003,PRD0309,CUST0475,2,20175.41,Card,Physical Store
TXN003099,2025-09-15 21:19:00,ST004,PRD0099,CUST0170,1,20583.54,Online,Physical Store
TXN003100,2025-08-18 11:56:00,ST003,PRD0168,CUST0173,4,14853.54,Online,Physical Store
TXN003101,2025-05-10 14:36:00,ST001,PRD0112,CUST0707,1,11463.12,Card,Physical Store
TXN003102,2025-02-11 12:03:00,ST002,PRD0046,CUST0309,5,20894.04,Card,Physical Store
TXN003103,2025-02-14 17:21:00,ST005,PRD0189,CUST0988,5,11978.82,Cash,Physical Store
TXN003104,2025-04-23 13:51:00,ST004,PRD0309,CUST0930,1,20175.41,Mobile Wallet,Physical Store
TXN003105,2025-02-11 21:31:00,ST003,PRD0014,CUST0394,1,6143.33,Mobile Wallet,Physical Store
TXN003106,2025-09-14 15:58:00,ST002,PRD0030,CUST0622,1,19772.8,Online,Physical Store
TXN003107,2025-12-24 14:00:00,ST003,PRD0169,CUST0191,4,10615.75,Card,Physical Store
TXN003108,2025-11-21 18:35:00,ST002,PRD0303,CUST0657,2,11893.96,Mobile Wallet,Physical Store
TXN003109,2025-07-17 16:16:00,ST004,PRD0060,CUST0929,4,20909.2,Mobile Wallet,Physical Store
TXN003110,2025-12-08 14:54:00,ST003,PRD0032,CUST0020,4,16689.25,Card,Physical Store
TXN003111,2025-06-08 13:41:00,ST001,PRD0301,CUST0932,2,16353.38,Mobile Wallet,Physical Store
TXN003112,2025-05-02 08:14:00,ST005,PRD0116,CUST0363,3,18307.89,Mobile Wallet,Physical Store
TXN003113,2025-08-20 13:58:00,ST001,PRD0256,CUST0541,3,2281.57,Cash,Physical Store
TXN003114,2025-06-04 16:17:00,ST003,PRD0274,CUST0089,5,2220.38,Mobile Wallet,Physical Store
TXN003115,2025-04-22 21:07:00,ST004,PRD0278,CUST0190,3,7489.54,Cash,Physical Store
TXN003116,2025-06-24 21:18:00,ST004,PRD0084,CUST0991,1,16667.34,Online,Physical Store
TXN003117,2025-10-24 19:56:00,ST001,PRD0154,CUST0978,4,13504.25,Cash,Physical Store
TXN003118,2025-02-25 08:30:00,ST003,PRD0295,CUST0969,4,20720.46,Mobile Wallet,Physical Store
TXN003119,2025-07-05 12:43:00,ST004,PRD0180,CUST0857,3,18463.04,Card,Physical Store
TXN003120,2025-09-20 17:50:00,ST004,PRD0234,CUST0311,2,15054.11,Card,Physical Store
TXN003121,2025-06-01 16:21:00,ST005,PRD0138,CUST0051,2,7484.07,Cash,Physical Store
TXN003122,2025-11-08 16:16:00,ST001,PRD0195,CUST0715,4,2320.2,Mobile Wallet,Physical Store
TXN003123,2025-07-14 19:37:00,ST001,PRD0306,CUST0373,4,2327.28,Card,Physical Store
TXN003124,2025-09-23 10:59:00,ST005,PRD0210,CUST0976,1,17734.18,Mobile Wallet,Physical Store
TXN003125,2025-08-14 15:28:00,ST001,PRD0306,CUST0768,4,2327.28,Card,Physical Store
TXN003126,2025-10-19 17:57:00,ST002,PRD0209,CUST0296,4,2802.76,Mobile Wallet,Physical Store
TXN003127,2025-08-28 17:11:00,ST001,PRD0228,CUST0143,1,11198.46,Mobile Wallet,Physical Store
TXN003128,2025-05-03 13:07:00,ST002,PRD0067,CUST0860,2,2993.21,Cash,Physical Store
TXN003129,2025-07-28 16:57:00,ST002,PRD0335,CUST0344,3,8481.29,Card,Physical Store
TXN003130,2025-04-29 11:43:00,ST002,PRD0124,CUST0107,2,2894.98,Card,Physical Store
TXN003131,2025-05-10 12:24:00,ST004,PRD0012,CUST0822,1,3550.38,Online,Physical Store
TXN003132,2025-12-29 11:43:00,ST003,PRD0002,CUST0817,5,5132.62,Card,Physical Store
TXN003133,2025-04-08 13:28:00,ST002,PRD0276,CUST0803,3,21897.23,Online,Physical Store
TXN003134,2025-02-16 10:32:00,ST006,PRD0176,CUST0497,4,16060.03,Cash,Physical Store
TXN003135,2025-01-17 20:24:00,ST005,PRD0136,CUST0520,5,12055.78,Online,Physical Store
TXN003136,2025-05-28 16:30:00,ST001,PRD0175,CUST0503,1,4600.64,Cash,Physical Store
TXN003137,2025-05-12 10:23:00,ST005,PRD0180,CUST0637,2,18463.04,Cash,Physical Store
TXN003138,2025-06-15 11:28:00,ST003,PRD0211,CUST0620,2,11225.27,Online,Physical Store
TXN003139,2025-01-16 15:35:00,ST004,PRD0218,CUST0915,5,17938.6,Cash,Physical Store
TXN003140,2025-12-14 10:02:00,ST001,PRD0118,CUST0267,2,21036.15,Card,Physical Store
TXN003141,2025-02-08 15:02:00,ST004,PRD0048,CUST0668,5,3322.36,Mobile Wallet,Physical Store
TXN003142,2025-04-17 17:49:00,ST004,PRD0296,CUST0270,5,10919.63,Mobile Wallet,Physical Store
TXN003143,2025-03-23 16:31:00,ST002,PRD0104,CUST0157,3,12631.32,Online,Physical Store
TXN003144,2025-10-18 13:51:00,ST001,PRD0210,CUST0356,5,17734.18,Mobile Wallet,Physical Store
TXN003145,2025-12-08 17:25:00,ST004,PRD0159,CUST0616,1,2977.17,Cash,Physical Store
TXN003146,2025-05-01 11:48:00,ST004,PRD0094,CUST1038,1,19664.63,Cash,Physical Store
TXN003147,2025-01-10 13:05:00,ST004,PRD0022,CUST0367,5,13125.31,Online,Physical Store
TXN003148,2025-06-23 18:05:00,ST006,PRD0077,CUST0044,2,22335.09,Card,Physical Store
TXN003149,2025-12-27 18:48:00,ST003,PRD0002,CUST0169,4,5132.62,Online,Physical Store
TXN003150,2025-07-07 12:04:00,ST004,PRD0204,CUST0565,5,20131.16,Card,Physical Store
TXN003151,2025-12-04 21:44:00,ST004,PRD0035,CUST0114,3,12242.79,Mobile Wallet,Physical Store
TXN003152,2025-03-09 21:29:00,ST003,PRD0164,CUST0037,1,12166.75,Card,Physical Store
TXN003153,2025-07-27 18:43:00,ST003,PRD0293,CUST0917,3,17487.15,Card,Physical Store
TXN003154,2025-01-27 11:55:00,ST005,PRD0204,CUST0114,4,20131.16,Online,Physical Store
TXN003155,2025-05-30 19:34:00,ST005,PRD0097,CUST0414,1,7060.13,Online,Physical Store
TXN003156,2025-09-17 15:09:00,ST005,PRD0122,CUST0443,4,5139.97,Cash,Physical Store
TXN003157,2025-08-07 08:50:00,ST004,PRD0046,CUST0532,3,20894.04,Card,Physical Store
TXN003158,2025-04-28 10:25:00,ST006,PRD0249,CUST0155,3,15746.95,Online,Physical Store
TXN003159,2025-09-14 19:06:00,ST001,PRD0318,CUST0943,1,9023.94,Online,Physical Store
TXN003160,2025-01-23 19:06:00,ST005,PRD0290,CUST0886,4,1192.9,Mobile Wallet,Physical Store
TXN003161,2025-12-09 10:01:00,ST001,PRD0317,CUST0265,3,13310.61,Card,Physical Store
TXN003162,2025-01-24 09:54:00,ST006,PRD0288,CUST0317,5,2165.9,Online,Physical Store
TXN003163,2025-03-06 11:14:00,ST003,PRD0077,CUST0922,1,22335.09,Card,Physical Store
TXN003164,2025-09-02 17:21:00,ST001,PRD0259,CUST0331,5,7839.33,Online,Physical Store
TXN003165,2025-10-02 18:58:00,ST001,PRD0191,CUST0661,1,9077.42,Mobile Wallet,Physical Store
TXN003166,2025-04-19 20:38:00,ST003,PRD0331,CUST0909,1,7946.53,Card,Physical Store
TXN003167,2025-01-10 20:29:00,ST006,PRD0172,CUST0942,3,20895.21,Cash,Physical Store
TXN003168,2025-06-08 10:19:00,ST005,PRD0288,CUST0958,2,2165.9,Mobile Wallet,Physical Store
TXN003169,2025-03-23 14:08:00,ST005,PRD0178,CUST0164,5,970.06,Card,Physical Store
TXN003170,2025-12-21 09:11:00,ST002,PRD0154,CUST0963,4,13504.25,Mobile Wallet,Physical Store
TXN003171,2025-12-29 20:29:00,ST003,PRD0246,CUST0352,3,437.82,Card,Physical Store
TXN003172,2025-11-22 12:12:00,ST005,PRD0323,CUST0702,3,14720.06,Mobile Wallet,Physical Store
TXN003173,2025-09-23 15:10:00,ST004,PRD0310,CUST0771,3,21244.72,Cash,Physical Store
TXN003174,2025-06-22 14:48:00,ST006,PRD0158,CUST0457,5,20704.01,Cash,Physical Store
TXN003175,2025-03-22 17:58:00,ST003,PRD0293,CUST0097,2,17487.15,Cash,Physical Store
TXN003176,2025-11-25 12:08:00,ST004,PRD0151,CUST0965,5,17351.7,Cash,Physical Store
TXN003177,2025-11-17 08:46:00,ST005,PRD0026,CUST0588,1,17486.51,Cash,Physical Store
TXN003178,2025-08-03 19:22:00,ST004,PRD0248,CUST0468,4,7269.43,Card,Physical Store
TXN003179,2025-05-28 10:25:00,ST003,PRD0196,CUST0284,2,14688.58,Online,Physical Store
TXN003180,2025-11-01 10:59:00,ST005,PRD0017,CUST0453,4,13431.35,Card,Physical Store
TXN003181,2025-01-28 17:48:00,ST001,PRD0044,CUST0550,1,646.96,Online,Physical Store
TXN003182,2025-03-17 15:15:00,ST002,PRD0056,CUST0233,4,13701.85,Card,Physical Store
TXN003183,2025-07-22 12:58:00,ST003,PRD0034,CUST0530,4,9530.33,Mobile Wallet,Physical Store
TXN003184,2025-10-20 20:00:00,ST003,PRD0006,CUST0135,5,13477.68,Card,Physical Store
TXN003185,2025-11-09 20:14:00,ST005,PRD0112,CUST0676,5,11463.12,Online,Physical Store
TXN003186,2025-08-18 20:19:00,ST005,PRD0084,CUST0324,5,16667.34,Card,Physical Store
TXN003187,2025-11-28 20:20:00,ST006,PRD0316,CUST0855,4,13933.6,Mobile Wallet,Physical Store
TXN003188,2025-09-02 20:59:00,ST005,PRD0043,CUST0723,2,8647.43,Cash,Physical Store
TXN003189,2025-03-28 10:27:00,ST006,PRD0084,CUST0617,4,16667.34,Card,Physical Store
TXN003190,2025-07-26 13:00:00,ST005,PRD0022,CUST0416,2,13125.31,Cash,Physical Store
TXN003191,2025-10-22 08:45:00,ST003,PRD0326,CUST0114,4,8972.53,Mobile Wallet,Physical Store
TXN003192,2025-07-28 09:55:00,ST002,PRD0331,CUST0639,3,7946.53,Mobile Wallet,Physical Store
TXN003193,2025-09-15 15:15:00,ST006,PRD0167,CUST0652,3,474.16,Cash,Physical Store
TXN003194,2025-05-26 10:41:00,ST005,PRD0128,CUST0256,4,9239.11,Mobile Wallet,Physical Store
TXN003195,2025-11-03 10:46:00,ST003,PRD0032,CUST0887,4,16689.25,Online,Physical Store
TXN003196,2025-10-20 11:39:00,ST006,PRD0101,CUST0627,2,2955.72,Mobile Wallet,Physical Store
TXN003197,2025-10-28 08:17:00,ST002,PRD0164,CUST0435,5,12166.75,Online,Physical Store
TXN003198,2025-03-31 16:30:00,ST004,PRD0286,CUST0456,3,14935.58,Card,Physical Store
TXN003199,2025-05-08 21:51:00,ST002,PRD0262,CUST0202,2,19768.74,Cash,Physical Store
TXN003200,2025-09-04 11:17:00,ST001,PRD0175,CUST0510,2,4600.64,Card,Physical Store
TXN003201,2025-04-28 14:19:00,ST003,PRD0052,CUST0367,2,7984.07,Mobile Wallet,Physical Store
TXN003202,2025-05-10 08:40:00,ST006,PRD0292,CUST0767,2,7767.01,Mobile Wallet,Physical Store
TXN003203,2025-03-22 08:15:00,ST003,PRD0118,CUST0711,1,21036.15,Cash,Physical Store
TXN003204,2025-07-24 08:08:00,ST001,PRD0128,CUST0271,3,9239.11,Cash,Physical Store
TXN003205,2025-09-07 19:05:00,ST005,PRD0188,CUST0731,3,10116.21,Mobile Wallet,Physical Store
TXN003206,2025-01-28 20:37:00,ST002,PRD0137,CUST0108,3,4588.15,Card,Physical Store
TXN003207,2025-11-28 21:43:00,ST003,PRD0154,CUST0699,4,13504.25,Cash,Physical Store
TXN003208,2025-02-10 17:39:00,ST001,PRD0081,CUST0761,3,15889.25,Card,Physical Store
TXN003209,2025-06-14 11:32:00,ST001,PRD0019,CUST0996,5,7427.25,Cash,Physical Store
TXN003210,2025-05-08 21:46:00,ST006,PRD0177,CUST0044,3,6812.39,Card,Physical Store
TXN003211,2025-12-19 12:39:00,ST006,PRD0131,CUST0141,5,7115.22,Mobile Wallet,Physical Store
TXN003212,2025-02-26 13:44:00,ST004,PRD0255,CUST0644,3,5769.03,Cash,Physical Store
TXN003213,2025-07-20 14:51:00,ST006,PRD0119,CUST0356,5,9036.76,Card,Physical Store
TXN003214,2025-05-23 14:15:00,ST006,PRD0009,CUST0882,1,2429.12,Mobile Wallet,Physical Store
TXN003215,2025-03-10 21:54:00,ST002,PRD0039,CUST0747,4,15677.76,Online,Physical Store
TXN003216,2025-03-09 08:55:00,ST001,PRD0001,CUST0939,4,11200.87,Online,Physical Store
TXN003217,2025-01-22 12:09:00,ST005,PRD0029,CUST0644,5,14939.28,Mobile Wallet,Physical Store
TXN003218,2025-09-14 20:22:00,ST004,PRD0334,CUST0861,5,9286.96,Mobile Wallet,Physical Store
TXN003219,2025-02-09 12:12:00,ST005,PRD0111,CUST0866,1,20533.53,Cash,Physical Store
TXN003220,2025-10-31 08:06:00,ST004,PRD0023,CUST0162,3,5149.18,Cash,Physical Store
TXN003221,2025-01-26 19:13:00,ST005,PRD0308,CUST0305,4,8374.13,Cash,Physical Store
TXN003222,2025-10-03 17:13:00,ST006,PRD0020,CUST0576,4,18682.24,Cash,Physical Store
TXN003223,2025-07-17 11:35:00,ST005,PRD0268,CUST0234,4,4050.68,Mobile Wallet,Physical Store
TXN003224,2025-12-29 16:46:00,ST006,PRD0181,CUST0182,5,8249.71,Online,Physical Store
TXN003225,2025-08-04 17:02:00,ST004,PRD0180,CUST0073,5,18463.04,Online,Physical Store
TXN003226,2025-07-24 20:35:00,ST004,PRD0275,CUST0329,4,837.23,Card,Physical Store
TXN003227,2025-09-26 08:00:00,ST002,PRD0246,CUST0320,4,437.82,Cash,Physical Store
TXN003228,2025-11-23 16:07:00,ST006,PRD0149,CUST0917,2,19334.45,Card,Physical Store
TXN003229,2025-08-23 11:22:00,ST004,PRD0216,CUST0580,1,5330.04,Card,Physical Store
TXN003230,2025-12-31 20:01:00,ST004,PRD0274,CUST0455,1,2220.38,Mobile Wallet,Physical Store
TXN003231,2025-09-24 20:38:00,ST006,PRD0300,CUST0761,1,6059.15,Online,Physical Store
TXN003232,2025-06-27 12:38:00,ST004,PRD0281,CUST0419,4,4870.82,Cash,Physical Store
TXN003233,2025-05-14 14:30:00,ST004,PRD0135,CUST0073,4,310.8,Mobile Wallet,Physical Store
TXN003234,2025-08-19 13:04:00,ST001,PRD0288,CUST0692,4,2165.9,Cash,Physical Store
TXN003235,2025-08-06 12:22:00,ST006,PRD0221,CUST0094,3,6401.8,Online,Physical Store
TXN003236,2025-07-25 11:19:00,ST001,PRD0128,CUST0184,5,9239.11,Mobile Wallet,Physical Store
TXN003237,2025-04-18 17:59:00,ST002,PRD0076,CUST0034,1,3801.59,Online,Physical Store
TXN003238,2025-09-28 21:22:00,ST002,PRD0220,CUST0679,2,11025.69,Mobile Wallet,Physical Store
TXN003239,2025-12-27 15:30:00,ST001,PRD0124,CUST0038,2,2894.98,Mobile Wallet,Physical Store
TXN003240,2025-09-11 19:35:00,ST002,PRD0247,CUST0222,5,9781.8,Mobile Wallet,Physical Store
TXN003241,2025-02-25 13:18:00,ST001,PRD0281,CUST0985,2,4870.82,Cash,Physical Store
TXN003242,2025-03-15 12:42:00,ST003,PRD0030,CUST0284,3,19772.8,Online,Physical Store
TXN003243,2025-06-14 08:42:00,ST005,PRD0030,CUST0701,3,19772.8,Cash,Physical Store
TXN003244,2025-09-17 19:46:00,ST004,PRD0019,CUST0428,5,7427.25,Mobile Wallet,Physical Store
TXN003245,2025-11-20 15:15:00,ST002,PRD0267,CUST1045,4,13855.01,Online,Physical Store
TXN003246,2025-07-13 09:25:00,ST003,PRD0110,CUST0028,2,5481.63,Card,Physical Store
TXN003247,2025-09-27 11:49:00,ST005,PRD0031,CUST0057,1,5505.62,Cash,Physical Store
TXN003248,2025-05-30 11:20:00,ST002,PRD0081,CUST0630,5,15889.25,Cash,Physical Store
TXN003249,2025-09-09 19:45:00,ST005,PRD0143,CUST0218,4,7468.23,Mobile Wallet,Physical Store
TXN003250,2025-06-10 12:26:00,ST005,PRD0199,CUST0313,5,10404.09,Mobile Wallet,Physical Store
TXN003251,2025-12-21 11:22:00,ST002,PRD0052,CUST0774,2,7984.07,Online,Physical Store
TXN003252,2025-03-21 15:49:00,ST001,PRD0168,CUST0828,1,14853.54,Card,Physical Store
TXN003253,2025-03-07 11:02:00,ST001,PRD0067,CUST0460,3,2993.21,Online,Physical Store
TXN003254,2025-07-15 19:29:00,ST003,PRD0232,CUST0210,2,14516.97,Cash,Physical Store
TXN003255,2025-12-04 13:33:00,ST001,PRD0289,CUST0090,3,9318.7,Card,Physical Store
TXN003256,2025-09-17 08:21:00,ST004,PRD0036,CUST0846,4,5751.78,Cash,Physical Store
TXN003257,2025-12-30 16:51:00,ST005,PRD0059,CUST0369,2,2986.61,Card,Physical Store
TXN003258,2025-09-07 16:35:00,ST006,PRD0151,CUST0565,4,17351.7,Cash,Physical Store
TXN003259,2025-10-26 16:24:00,ST003,PRD0100,CUST0853,1,12867.68,Card,Physical Store
TXN003260,2025-08-31 14:39:00,ST003,PRD0166,CUST0578,3,15634.98,Card,Physical Store
TXN003261,2025-01-08 10:10:00,ST005,PRD0133,CUST0306,3,1638.63,Mobile Wallet,Physical Store
TXN003262,2025-04-08 19:04:00,ST004,PRD0126,CUST0946,2,8272.6,Cash,Physical Store
TXN003263,2025-06-03 13:02:00,ST005,PRD0116,CUST0151,1,18307.89,Cash,Physical Store
TXN003264,2025-12-23 10:24:00,ST001,PRD0195,CUST0250,3,2320.2,Card,Physical Store
TXN003265,2025-12-09 17:26:00,ST001,PRD0004,CUST0785,1,8894.11,Online,Physical Store
TXN003266,2025-08-21 20:50:00,ST006,PRD0048,CUST1027,5,3322.36,Cash,Physical Store
TXN003267,2025-02-22 21:37:00,ST004,PRD0316,CUST0257,3,13933.6,Card,Physical Store
TXN003268,2025-06-05 19:31:00,ST001,PRD0210,CUST0433,3,17734.18,Cash,Physical Store
TXN003269,2025-04-23 12:05:00,ST001,PRD0144,CUST0191,2,17251.78,Cash,Physical Store
TXN003270,2025-02-26 21:54:00,ST001,PRD0288,CUST0213,3,2165.9,Online,Physical Store
TXN003271,2025-02-13 19:45:00,ST006,PRD0119,CUST0321,3,9036.76,Cash,Physical Store
TXN003272,2025-08-16 21:37:00,ST004,PRD0002,CUST0635,3,5132.62,Cash,Physical Store
TXN003273,2025-09-15 13:26:00,ST004,PRD0001,CUST0563,1,11200.87,Mobile Wallet,Physical Store
TXN003274,2025-02-21 12:42:00,ST002,PRD0258,CUST0940,5,3276.89,Cash,Physical Store
TXN003275,2025-01-12 11:06:00,ST003,PRD0135,CUST0725,4,310.8,Online,Physical Store
TXN003276,2025-08-31 10:48:00,ST006,PRD0079,CUST0938,3,6321.36,Mobile Wallet,Physical Store
TXN003277,2025-11-04 12:50:00,ST001,PRD0028,CUST0932,3,9297.13,Card,Physical Store
TXN003278,2025-04-20 21:59:00,ST005,PRD0231,CUST0544,3,17703.38,Mobile Wallet,Physical Store
TXN003279,2025-01-02 17:14:00,ST004,PRD0127,CUST0219,2,5043.76,Online,Physical Store
TXN003280,2025-02-15 10:52:00,ST001,PRD0323,CUST0829,3,14720.06,Cash,Physical Store
TXN003281,2025-07-17 08:14:00,ST003,PRD0086,CUST0874,4,347.58,Card,Physical Store
TXN003282,2025-02-03 19:41:00,ST004,PRD0285,CUST0094,3,11577.34,Mobile Wallet,Physical Store
TXN003283,2025-05-04 09:43:00,ST005,PRD0019,CUST0167,1,7427.25,Mobile Wallet,Physical Store
TXN003284,2025-11-26 13:18:00,ST003,PRD0209,CUST0194,2,2802.76,Card,Physical Store
TXN003285,2025-07-22 08:24:00,ST003,PRD0148,CUST0044,1,2911.86,Mobile Wallet,Physical Store
TXN003286,2025-05-29 16:25:00,ST004,PRD0238,CUST0616,5,15120.33,Online,Physical Store
TXN003287,2025-09-18 12:33:00,ST006,PRD0036,CUST0958,1,5751.78,Card,Physical Store
TXN003288,2025-07-27 20:06:00,ST004,PRD0013,CUST0110,4,22686.55,Cash,Physical Store
TXN003289,2025-02-06 15:31:00,ST005,PRD0114,CUST0985,3,9757.31,Online,Physical Store
TXN003290,2025-11-01 11:51:00,ST005,PRD0104,CUST0076,4,12631.32,Cash,Physical Store
TXN003291,2025-02-26 09:28:00,ST001,PRD0055,CUST0867,1,18651.16,Online,Physical Store
TXN003292,2025-11-12 08:10:00,ST003,PRD0048,CUST0549,3,3322.36,Cash,Physical Store
TXN003293,2025-07-02 13:54:00,ST003,PRD0304,CUST0867,4,2572.59,Card,Physical Store
TXN003294,2025-04-29 11:42:00,ST006,PRD0266,CUST0621,5,8348.44,Mobile Wallet,Physical Store
TXN003295,2025-12-26 13:23:00,ST001,PRD0083,CUST0469,5,8207.95,Mobile Wallet,Physical Store
TXN003296,2025-12-15 08:52:00,ST002,PRD0109,CUST0480,3,6325.94,Cash,Physical Store
TXN003297,2025-01-29 12:39:00,ST006,PRD0300,CUST0369,4,6059.15,Mobile Wallet,Physical Store
TXN003298,2025-06-28 11:46:00,ST004,PRD0198,CUST0229,5,2914.92,Mobile Wallet,Physical Store
TXN003299,2025-05-01 09:29:00,ST006,PRD0111,CUST0622,4,20533.53,Card,Physical Store
TXN003300,2025-05-20 16:31:00,ST003,PRD0078,CUST0402,5,15781.51,Mobile Wallet,Physical Store
TXN003301,2025-06-18 18:15:00,ST006,PRD0319,CUST0315,4,6266.57,Mobile Wallet,Physical Store
TXN003302,2025-10-11 15:42:00,ST002,PRD0048,CUST0535,1,3322.36,Online,Physical Store
TXN003303,2025-10-23 11:50:00,ST004,PRD0064,CUST0987,5,1220.74,Mobile Wallet,Physical Store
TXN003304,2025-01-18 14:00:00,ST006,PRD0188,CUST0746,5,10116.21,Cash,Physical Store
TXN003305,2025-09-02 21:14:00,ST002,PRD0164,CUST0948,5,12166.75,Cash,Physical Store
TXN003306,2025-03-04 14:08:00,ST006,PRD0174,CUST0051,4,14032.47,Card,Physical Store
TXN003307,2025-07-09 20:16:00,ST002,PRD0202,CUST0620,4,17402.33,Mobile Wallet,Physical Store
TXN003308,2025-01-08 09:18:00,ST004,PRD0322,CUST0672,3,1196.67,Cash,Physical Store
TXN003309,2025-04-29 17:45:00,ST004,PRD0122,CUST0514,2,5139.97,Cash,Physical Store
TXN003310,2025-10-04 14:25:00,ST003,PRD0299,CUST0310,3,8975.12,Card,Physical Store
TXN003311,2025-11-06 21:54:00,ST001,PRD0333,CUST0113,3,6748.68,Card,Physical Store
TXN003312,2025-07-19 08:00:00,ST006,PRD0025,CUST0165,1,5447.28,Cash,Physical Store
TXN003313,2025-02-12 21:20:00,ST001,PRD0218,CUST0152,4,17938.6,Mobile Wallet,Physical Store
TXN003314,2025-04-09 16:16:00,ST001,PRD0130,CUST0168,2,15909.47,Card,Physical Store
TXN003315,2025-01-01 08:43:00,ST006,PRD0285,CUST1049,2,11577.34,Card,Physical Store
TXN003316,2025-09-29 21:19:00,ST004,PRD0193,CUST0105,5,15266.12,Mobile Wallet,Physical Store
TXN003317,2025-03-07 11:43:00,ST003,PRD0112,CUST0151,1,11463.12,Online,Physical Store
TXN003318,2025-09-28 09:31:00,ST003,PRD0239,CUST0502,4,12672.74,Online,Physical Store
TXN003319,2025-08-03 09:38:00,ST005,PRD0071,CUST0259,1,3015.69,Card,Physical Store
TXN003320,2025-03-13 08:26:00,ST006,PRD0110,CUST0168,5,5481.63,Mobile Wallet,Physical Store
TXN003321,2025-05-28 09:30:00,ST001,PRD0197,CUST0130,2,13667.49,Card,Physical Store
TXN003322,2025-04-08 14:16:00,ST002,PRD0060,CUST0894,5,20909.2,Mobile Wallet,Physical Store
TXN003323,2025-09-17 11:20:00,ST004,PRD0321,CUST0136,4,11771.0,Mobile Wallet,Physical Store
TXN003324,2025-05-21 08:53:00,ST005,PRD0125,CUST0302,2,13628.37,Cash,Physical Store
TXN003325,2025-10-20 19:14:00,ST005,PRD0092,CUST0704,2,22187.45,Card,Physical Store
TXN003326,2025-11-22 20:25:00,ST004,PRD0233,CUST0209,2,11296.41,Card,Physical Store
TXN003327,2025-08-25 17:16:00,ST002,PRD0310,CUST0658,2,21244.72,Online,Physical Store
TXN003328,2025-04-05 17:26:00,ST006,PRD0132,CUST0529,3,8197.06,Online,Physical Store
TXN003329,2025-05-08 20:58:00,ST004,PRD0323,CUST0880,5,14720.06,Cash,Physical Store
TXN003330,2025-03-01 09:19:00,ST004,PRD0114,CUST0453,1,9757.31,Online,Physical Store
TXN003331,2025-01-13 17:45:00,ST005,PRD0267,CUST0051,3,13855.01,Mobile Wallet,Physical Store
TXN003332,2025-09-03 09:53:00,ST005,PRD0171,CUST0650,3,13173.5,Cash,Physical Store
TXN003333,2025-11-24 14:44:00,ST004,PRD0086,CUST0987,5,347.58,Cash,Physical Store
TXN003334,2025-03-29 13:36:00,ST006,PRD0051,CUST0312,1,10472.7,Online,Physical Store
TXN003335,2025-07-19 11:29:00,ST002,PRD0087,CUST0239,4,901.59,Mobile Wallet,Physical Store
TXN003336,2025-07-22 19:01:00,ST003,PRD0111,CUST0299,2,20533.53,Online,Physical Store
TXN003337,2025-02-07 16:50:00,ST003,PRD0004,CUST0359,5,8894.11,Online,Physical Store
TXN003338,2025-12-03 17:37:00,ST002,PRD0291,CUST1003,4,11295.17,Mobile Wallet,Physical Store
TXN003339,2025-10-20 11:38:00,ST003,PRD0184,CUST1002,5,3319.57,Online,Physical Store
TXN003340,2025-02-04 17:41:00,ST003,PRD0075,CUST0522,4,20450.52,Cash,Physical Store
TXN003341,2025-02-07 09:30:00,ST001,PRD0111,CUST0802,4,20533.53,Card,Physical Store
TXN003342,2025-12-30 16:27:00,ST006,PRD0076,CUST0728,4,3801.59,Mobile Wallet,Physical Store
TXN003343,2025-08-09 09:06:00,ST003,PRD0083,CUST0748,5,8207.95,Card,Physical Store
TXN003344,2025-04-16 11:01:00,ST004,PRD0008,CUST0088,3,18695.07,Card,Physical Store
TXN003345,2025-01-17 19:32:00,ST006,PRD0075,CUST0341,3,20450.52,Card,Physical Store
TXN003346,2025-09-19 15:14:00,ST004,PRD0088,CUST0227,1,2632.29,Card,Physical Store
TXN003347,2025-02-12 10:40:00,ST003,PRD0226,CUST0471,4,18502.93,Online,Physical Store
TXN003348,2025-10-06 13:09:00,ST002,PRD0095,CUST0006,4,14194.94,Cash,Physical Store
TXN003349,2025-02-02 17:28:00,ST005,PRD0012,CUST0605,2,3550.38,Mobile Wallet,Physical Store
TXN003350,2025-05-10 21:43:00,ST004,PRD0036,CUST0895,2,5751.78,Mobile Wallet,Physical Store
TXN003351,2025-04-18 18:25:00,ST005,PRD0168,CUST0136,2,14853.54,Online,Physical Store
TXN003352,2025-06-30 13:05:00,ST001,PRD0010,CUST0038,3,15285.57,Cash,Physical Store
TXN003353,2025-09-20 09:39:00,ST002,PRD0156,CUST0525,2,7788.01,Mobile Wallet,Physical Store
TXN003354,2025-03-30 11:44:00,ST004,PRD0025,CUST0027,2,5447.28,Cash,Physical Store
TXN003355,2025-08-20 10:08:00,ST002,PRD0124,CUST0660,1,2894.98,Card,Physical Store
TXN003356,2025-01-02 19:57:00,ST006,PRD0098,CUST0557,2,620.21,Online,Physical Store
TXN003357,2025-04-12 15:21:00,ST005,PRD0105,CUST0235,4,3477.95,Card,Physical Store
TXN003358,2025-10-14 08:55:00,ST006,PRD0311,CUST0230,4,4148.18,Mobile Wallet,Physical Store
TXN003359,2025-04-24 09:27:00,ST004,PRD0219,CUST0790,5,19961.51,Online,Physical Store
TXN003360,2025-01-05 11:13:00,ST003,PRD0001,CUST0521,3,11200.87,Online,Physical Store
TXN003361,2025-02-02 08:24:00,ST003,PRD0051,CUST0893,4,10472.7,Mobile Wallet,Physical Store
TXN003362,2025-01-03 08:43:00,ST006,PRD0280,CUST0589,3,14906.05,Online,Physical Store
TXN003363,2025-10-10 08:06:00,ST004,PRD0169,CUST0195,4,10615.75,Online,Physical Store
TXN003364,2025-03-15 17:26:00,ST002,PRD0088,CUST0008,5,2632.29,Online,Physical Store
TXN003365,2025-02-19 09:22:00,ST006,PRD0004,CUST0651,1,8894.11,Mobile Wallet,Physical Store
TXN003366,2025-11-12 17:45:00,ST001,PRD0213,CUST0203,2,2681.49,Online,Physical Store
TXN003367,2025-03-25 19:21:00,ST006,PRD0191,CUST0328,2,9077.42,Card,Physical Store
TXN003368,2025-03-10 18:50:00,ST005,PRD0283,CUST0099,3,16821.68,Card,Physical Store
TXN003369,2025-08-22 18:28:00,ST003,PRD0326,CUST0623,2,8972.53,Online,Physical Store
TXN003370,2025-01-30 19:54:00,ST002,PRD0157,CUST1018,4,19405.25,Online,Physical Store
TXN003371,2025-12-13 11:38:00,ST001,PRD0187,CUST0096,1,17512.81,Cash,Physical Store
TXN003372,2025-06-18 20:10:00,ST006,PRD0167,CUST0655,5,474.16,Mobile Wallet,Physical Store
TXN003373,2025-04-03 15:28:00,ST001,PRD0279,CUST0363,4,1882.31,Card,Physical Store
TXN003374,2025-02-12 15:17:00,ST001,PRD0273,CUST0039,2,13625.49,Online,Physical Store
TXN003375,2025-07-03 20:57:00,ST006,PRD0274,CUST1040,1,2220.38,Mobile Wallet,Physical Store
TXN003376,2025-03-02 21:34:00,ST002,PRD0222,CUST0139,3,19331.27,Card,Physical Store
TXN003377,2025-11-08 11:23:00,ST005,PRD0169,CUST0605,3,10615.75,Card,Physical Store
TXN003378,2025-01-24 13:47:00,ST003,PRD0181,CUST0834,4,8249.71,Mobile Wallet,Physical Store
TXN003379,2025-09-11 17:38:00,ST004,PRD0046,CUST0220,2,20894.04,Card,Physical Store
TXN003380,2025-01-10 19:19:00,ST002,PRD0170,CUST0958,4,1914.37,Mobile Wallet,Physical Store
TXN003381,2025-05-09 13:49:00,ST001,PRD0054,CUST0180,4,3904.5,Online,Physical Store
TXN003382,2025-09-29 17:29:00,ST006,PRD0020,CUST0224,3,18682.24,Card,Physical Store
TXN003383,2025-04-03 09:49:00,ST006,PRD0106,CUST0413,4,11908.0,Mobile Wallet,Physical Store
TXN003384,2025-02-01 08:58:00,ST004,PRD0264,CUST0401,3,8405.05,Mobile Wallet,Physical Store
TXN003385,2025-12-15 19:04:00,ST005,PRD0067,CUST1040,5,2993.21,Card,Physical Store
TXN003386,2025-01-04 18:58:00,ST001,PRD0254,CUST0576,4,11992.71,Cash,Physical Store
TXN003387,2025-05-07 19:53:00,ST005,PRD0293,CUST0982,5,17487.15,Card,Physical Store
TXN003388,2025-08-27 09:40:00,ST002,PRD0169,CUST0807,1,10615.75,Card,Physical Store
TXN003389,2025-09-24 18:31:00,ST005,PRD0277,CUST0723,2,8719.93,Online,Physical Store
TXN003390,2025-11-26 16:55:00,ST005,PRD0315,CUST1049,4,6862.13,Cash,Physical Store
TXN003391,2025-10-07 20:49:00,ST004,PRD0133,CUST0481,5,1638.63,Mobile Wallet,Physical Store
TXN003392,2025-12-23 11:03:00,ST004,PRD0292,CUST0018,1,7767.01,Card,Physical Store
TXN003393,2025-09-12 17:18:00,ST003,PRD0316,CUST0609,3,13933.6,Mobile Wallet,Physical Store
TXN003394,2025-12-17 18:42:00,ST001,PRD0130,CUST0635,3,15909.47,Cash,Physical Store
TXN003395,2025-08-20 14:37:00,ST004,PRD0088,CUST0873,2,2632.29,Online,Physical Store
TXN003396,2025-05-26 18:14:00,ST005,PRD0153,CUST0926,3,17511.62,Cash,Physical Store
TXN003397,2025-12-19 14:01:00,ST005,PRD0133,CUST0511,3,1638.63,Card,Physical Store
TXN003398,2025-11-09 16:21:00,ST005,PRD0321,CUST0111,4,11771.0,Mobile Wallet,Physical Store
TXN003399,2025-07-06 16:54:00,ST002,PRD0161,CUST0923,5,9788.18,Mobile Wallet,Physical Store
TXN003400,2025-06-18 14:42:00,ST004,PRD0283,CUST0148,4,16821.68,Online,Physical Store
TXN003401,2025-04-22 12:43:00,ST001,PRD0020,CUST1002,2,18682.24,Mobile Wallet,Physical Store
TXN003402,2025-11-30 18:06:00,ST001,PRD0239,CUST0954,4,12672.74,Card,Physical Store
TXN003403,2025-06-11 18:01:00,ST005,PRD0329,CUST0006,4,2156.83,Card,Physical Store
TXN003404,2025-07-18 17:10:00,ST006,PRD0077,CUST0391,2,22335.09,Online,Physical Store
TXN003405,2025-05-25 08:15:00,ST005,PRD0097,CUST0838,5,7060.13,Online,Physical Store
TXN003406,2025-03-08 16:21:00,ST001,PRD0023,CUST0384,2,5149.18,Card,Physical Store
TXN003407,2025-12-16 20:25:00,ST004,PRD0162,CUST0401,2,19501.87,Card,Physical Store
TXN003408,2025-06-10 19:42:00,ST005,PRD0170,CUST0244,3,1914.37,Mobile Wallet,Physical Store
TXN003409,2025-03-21 12:38:00,ST002,PRD0028,CUST0386,2,9297.13,Card,Physical Store
TXN003410,2025-05-18 15:31:00,ST005,PRD0039,CUST0599,4,15677.76,Online,Physical Store
TXN003411,2025-01-18 17:15:00,ST003,PRD0183,CUST0643,3,10505.4,Mobile Wallet,Physical Store
TXN003412,2025-01-22 10:02:00,ST004,PRD0021,CUST0842,1,1768.36,Online,Physical Store
TXN003413,2025-02-07 11:26:00,ST005,PRD0159,CUST0544,3,2977.17,Online,Physical Store
TXN003414,2025-08-29 20:25:00,ST005,PRD0057,CUST0328,1,21303.63,Card,Physical Store
TXN003415,2025-12-06 17:05:00,ST006,PRD0326,CUST0303,4,8972.53,Cash,Physical Store
TXN003416,2025-08-03 13:01:00,ST002,PRD0225,CUST0830,1,15148.9,Card,Physical Store
TXN003417,2025-03-18 16:41:00,ST004,PRD0122,CUST0055,3,5139.97,Online,Physical Store
TXN003418,2025-05-26 14:35:00,ST003,PRD0181,CUST0509,1,8249.71,Online,Physical Store
TXN003419,2025-07-09 13:51:00,ST002,PRD0175,CUST0682,1,4600.64,Mobile Wallet,Physical Store
TXN003420,2025-04-19 19:21:00,ST004,PRD0220,CUST0014,4,11025.69,Mobile Wallet,Physical Store
TXN003421,2025-10-03 17:51:00,ST006,PRD0160,CUST0444,2,16917.41,Card,Physical Store
TXN003422,2025-09-07 14:54:00,ST006,PRD0099,CUST0127,3,20583.54,Mobile Wallet,Physical Store
TXN003423,2025-01-19 08:33:00,ST005,PRD0092,CUST0501,4,22187.45,Mobile Wallet,Physical Store
TXN003424,2025-12-05 21:53:00,ST001,PRD0073,CUST0869,5,13155.27,Card,Physical Store
TXN003425,2025-12-18 10:09:00,ST003,PRD0032,CUST0910,3,16689.25,Cash,Physical Store
TXN003426,2025-07-25 09:29:00,ST006,PRD0311,CUST0077,4,4148.18,Mobile Wallet,Physical Store
TXN003427,2025-01-13 19:04:00,ST001,PRD0175,CUST0221,2,4600.64,Cash,Physical Store
TXN003428,2025-04-17 17:54:00,ST005,PRD0107,CUST0518,3,10336.83,Cash,Physical Store
TXN003429,2025-08-23 14:38:00,ST004,PRD0244,CUST0336,1,14144.2,Card,Physical Store
TXN003430,2025-02-07 16:41:00,ST005,PRD0100,CUST0487,2,12867.68,Cash,Physical Store
TXN003431,2025-11-02 10:36:00,ST001,PRD0194,CUST0301,1,16959.55,Online,Physical Store
TXN003432,2025-04-25 08:30:00,ST004,PRD0044,CUST0327,2,646.96,Cash,Physical Store
TXN003433,2025-01-29 16:08:00,ST006,PRD0075,CUST1047,2,20450.52,Mobile Wallet,Physical Store
TXN003434,2025-08-16 19:17:00,ST003,PRD0094,CUST0930,1,19664.63,Online,Physical Store
TXN003435,2025-11-14 16:20:00,ST005,PRD0252,CUST0912,2,6953.84,Card,Physical Store
TXN003436,2025-02-01 14:12:00,ST006,PRD0078,CUST0326,5,15781.51,Cash,Physical Store
TXN003437,2025-02-10 10:26:00,ST003,PRD0296,CUST0109,3,10919.63,Mobile Wallet,Physical Store
TXN003438,2025-12-27 14:23:00,ST006,PRD0258,CUST0664,2,3276.89,Online,Physical Store
TXN003439,2025-09-09 14:00:00,ST006,PRD0291,CUST0854,1,11295.17,Mobile Wallet,Physical Store
TXN003440,2025-05-16 15:09:00,ST002,PRD0322,CUST0527,3,1196.67,Online,Physical Store
TXN003441,2025-08-25 11:28:00,ST004,PRD0282,CUST0954,3,5174.17,Mobile Wallet,Physical Store
TXN003442,2025-10-08 16:16:00,ST006,PRD0008,CUST0905,1,18695.07,Online,Physical Store
TXN003443,2025-08-02 13:30:00,ST004,PRD0240,CUST0939,1,5346.51,Cash,Physical Store
TXN003444,2025-03-14 17:32:00,ST005,PRD0257,CUST0930,2,13818.08,Online,Physical Store
TXN003445,2025-03-21 14:33:00,ST002,PRD0032,CUST0280,5,16689.25,Mobile Wallet,Physical Store
TXN003446,2025-12-18 19:04:00,ST001,PRD0330,CUST0774,3,17208.76,Mobile Wallet,Physical Store
TXN003447,2025-01-14 08:21:00,ST006,PRD0101,CUST1010,1,2955.72,Mobile Wallet,Physical Store
TXN003448,2025-01-18 13:24:00,ST001,PRD0204,CUST0022,2,20131.16,Mobile Wallet,Physical Store
TXN003449,2025-07-13 12:30:00,ST002,PRD0296,CUST0754,1,10919.63,Mobile Wallet,Physical Store
TXN003450,2025-10-26 16:12:00,ST002,PRD0064,CUST0357,3,1220.74,Online,Physical Store
TXN003451,2025-05-02 13:43:00,ST001,PRD0139,CUST0171,4,3538.08,Cash,Physical Store
TXN003452,2025-10-23 17:05:00,ST001,PRD0316,CUST0536,5,13933.6,Mobile Wallet,Physical Store
TXN003453,2025-01-02 19:07:00,ST006,PRD0242,CUST0003,5,11290.47,Mobile Wallet,Physical Store
TXN003454,2025-09-06 21:57:00,ST001,PRD0053,CUST0752,2,4167.18,Mobile Wallet,Physical Store
TXN003455,2025-08-28 18:06:00,ST001,PRD0029,CUST0966,3,14939.28,Online,Physical Store
TXN003456,2025-04-26 11:27:00,ST005,PRD0281,CUST0764,4,4870.82,Mobile Wallet,Physical Store
TXN003457,2025-08-20 19:09:00,ST001,PRD0332,CUST0602,4,7226.95,Cash,Physical Store
TXN003458,2025-06-17 09:05:00,ST006,PRD0018,CUST0002,1,21346.27,Mobile Wallet,Physical Store
TXN003459,2025-01-27 21:06:00,ST006,PRD0255,CUST0742,1,5769.03,Card,Physical Store
TXN003460,2025-01-07 13:03:00,ST005,PRD0077,CUST0713,3,22335.09,Mobile Wallet,Physical Store
TXN003461,2025-03-25 18:48:00,ST002,PRD0321,CUST0471,5,11771.0,Cash,Physical Store
TXN003462,2025-02-11 08:43:00,ST005,PRD0089,CUST0964,3,4127.23,Mobile Wallet,Physical Store
TXN003463,2025-05-18 18:29:00,ST005,PRD0335,CUST0684,2,8481.29,Mobile Wallet,Physical Store
TXN003464,2025-06-14 17:55:00,ST002,PRD0232,CUST0634,3,14516.97,Online,Physical Store
TXN003465,2025-03-19 14:42:00,ST001,PRD0316,CUST0529,2,13933.6,Online,Physical Store
TXN003466,2025-02-12 14:18:00,ST004,PRD0058,CUST0716,2,9174.14,Online,Physical Store
TXN003467,2025-01-21 20:50:00,ST002,PRD0188,CUST0191,2,10116.21,Mobile Wallet,Physical Store
TXN003468,2025-11-10 20:14:00,ST006,PRD0228,CUST0868,4,11198.46,Mobile Wallet,Physical Store
TXN003469,2025-07-14 16:07:00,ST003,PRD0193,CUST0010,5,15266.12,Online,Physical Store
TXN003470,2025-09-12 20:05:00,ST006,PRD0235,CUST0617,5,17055.79,Cash,Physical Store
TXN003471,2025-07-05 16:19:00,ST005,PRD0316,CUST0801,5,13933.6,Cash,Physical Store
TXN003472,2025-05-21 12:37:00,ST001,PRD0314,CUST0072,5,14001.37,Card,Physical Store
TXN003473,2025-06-22 16:25:00,ST006,PRD0088,CUST0581,1,2632.29,Online,Physical Store
TXN003474,2025-08-16 12:16:00,ST005,PRD0170,CUST0055,5,1914.37,Mobile Wallet,Physical Store
TXN003475,2025-04-18 10:16:00,ST002,PRD0192,CUST0499,3,812.19,Mobile Wallet,Physical Store
TXN003476,2025-10-30 09:06:00,ST006,PRD0060,CUST0186,1,20909.2,Online,Physical Store
TXN003477,2025-12-21 21:04:00,ST006,PRD0274,CUST0513,4,2220.38,Mobile Wallet,Physical Store
TXN003478,2025-09-19 17:35:00,ST001,PRD0165,CUST0456,2,15750.95,Card,Physical Store
TXN003479,2025-07-02 21:36:00,ST006,PRD0211,CUST0242,5,11225.27,Card,Physical Store
TXN003480,2025-01-27 21:42:00,ST006,PRD0233,CUST0407,3,11296.41,Cash,Physical Store
TXN003481,2025-01-21 10:09:00,ST003,PRD0215,CUST0543,2,3497.38,Mobile Wallet,Physical Store
TXN003482,2025-12-06 10:00:00,ST005,PRD0172,CUST0680,3,20895.21,Card,Physical Store
TXN003483,2025-10-22 16:55:00,ST002,PRD0248,CUST0209,5,7269.43,Cash,Physical Store
TXN003484,2025-05-25 15:43:00,ST003,PRD0131,CUST0574,4,7115.22,Mobile Wallet,Physical Store
TXN003485,2025-01-03 12:11:00,ST001,PRD0299,CUST0508,4,8975.12,Mobile Wallet,Physical Store
TXN003486,2025-10-08 12:43:00,ST003,PRD0243,CUST0370,1,3916.43,Mobile Wallet,Physical Store
TXN003487,2025-02-10 15:11:00,ST001,PRD0256,CUST0689,5,2281.57,Online,Physical Store
TXN003488,2025-06-26 20:09:00,ST004,PRD0319,CUST0371,4,6266.57,Mobile Wallet,Physical Store
TXN003489,2025-11-14 16:33:00,ST005,PRD0333,CUST0932,5,6748.68,Mobile Wallet,Physical Store
TXN003490,2025-08-29 13:18:00,ST003,PRD0143,CUST0675,5,7468.23,Mobile Wallet,Physical Store
TXN003491,2025-05-31 09:15:00,ST005,PRD0143,CUST0009,1,7468.23,Card,Physical Store
TXN003492,2025-10-25 19:13:00,ST005,PRD0213,CUST0007,3,2681.49,Mobile Wallet,Physical Store
TXN003493,2025-04-04 19:29:00,ST002,PRD0171,CUST0132,5,13173.5,Online,Physical Store
TXN003494,2025-07-12 11:33:00,ST002,PRD0309,CUST0056,1,20175.41,Online,Physical Store
TXN003495,2025-09-28 12:50:00,ST002,PRD0151,CUST0981,5,17351.7,Mobile Wallet,Physical Store
TXN003496,2025-12-09 13:26:00,ST004,PRD0061,CUST0144,3,15518.33,Mobile Wallet,Physical Store
TXN003497,2025-03-11 19:08:00,ST001,PRD0123,CUST0128,4,13170.98,Mobile Wallet,Physical Store
TXN003498,2025-06-21 17:16:00,ST002,PRD0266,CUST0062,3,8348.44,Cash,Physical Store
TXN003499,2025-07-13 08:08:00,ST002,PRD0067,CUST0921,3,2993.21,Card,Physical Store
TXN003500,2025-01-28 11:53:00,ST001,PRD0226,CUST0361,4,18502.93,Mobile Wallet,Physical Store
TXN003501,2025-11-22 18:10:00,ST003,PRD0146,CUST0611,4,4109.1,Mobile Wallet,Physical Store
TXN003502,2025-04-07 21:04:00,ST002,PRD0054,CUST0267,1,3904.5,Cash,Physical Store
TXN003503,2025-09-09 16:54:00,ST001,PRD0096,CUST1000,5,5240.02,Mobile Wallet,Physical Store
TXN003504,2025-08-02 09:20:00,ST005,PRD0153,CUST0711,5,17511.62,Online,Physical Store
TXN003505,2025-09-20 14:24:00,ST003,PRD0119,CUST0725,4,9036.76,Online,Physical Store
TXN003506,2025-02-10 16:59:00,ST006,PRD0015,CUST0339,5,7026.68,Card,Physical Store
TXN003507,2025-06-23 10:04:00,ST005,PRD0088,CUST0781,4,2632.29,Cash,Physical Store
TXN003508,2025-06-11 21:39:00,ST006,PRD0140,CUST0799,5,12592.3,Online,Physical Store
TXN003509,2025-03-31 16:32:00,ST001,PRD0081,CUST0587,4,15889.25,Online,Physical Store
TXN003510,2025-03-20 08:15:00,ST005,PRD0041,CUST0452,2,16598.91,Mobile Wallet,Physical Store
TXN003511,2025-02-16 20:46:00,ST001,PRD0086,CUST0430,2,347.58,Card,Physical Store
TXN003512,2025-08-10 14:33:00,ST004,PRD0224,CUST0601,2,9276.41,Mobile Wallet,Physical Store
TXN003513,2025-10-07 14:08:00,ST004,PRD0219,CUST0693,2,19961.51,Card,Physical Store
TXN003514,2025-09-28 15:47:00,ST002,PRD0194,CUST0060,2,16959.55,Cash,Physical Store
TXN003515,2025-09-16 15:28:00,ST004,PRD0288,CUST0464,3,2165.9,Cash,Physical Store
TXN003516,2025-01-04 14:11:00,ST003,PRD0275,CUST0467,2,837.23,Online,Physical Store
TXN003517,2025-11-22 19:23:00,ST004,PRD0246,CUST0498,3,437.82,Card,Physical Store
TXN003518,2025-04-09 18:08:00,ST001,PRD0232,CUST1024,1,14516.97,Online,Physical Store
TXN003519,2025-06-19 11:21:00,ST004,PRD0272,CUST0731,5,9997.42,Card,Physical Store
TXN003520,2025-02-01 10:49:00,ST002,PRD0237,CUST0452,2,1672.14,Online,Physical Store
TXN003521,2025-08-18 08:19:00,ST006,PRD0084,CUST0522,1,16667.34,Card,Physical Store
TXN003522,2025-06-19 13:21:00,ST005,PRD0149,CUST0841,5,19334.45,Card,Physical Store
TXN003523,2025-10-24 20:28:00,ST001,PRD0235,CUST0080,3,17055.79,Cash,Physical Store
TXN003524,2025-08-01 15:35:00,ST005,PRD0276,CUST0142,3,21897.23,Mobile Wallet,Physical Store
TXN003525,2025-11-23 20:55:00,ST002,PRD0147,CUST0819,4,17668.05,Mobile Wallet,Physical Store
TXN003526,2025-06-25 14:38:00,ST005,PRD0006,CUST0609,3,13477.68,Online,Physical Store
TXN003527,2025-12-10 14:31:00,ST006,PRD0117,CUST0425,2,14750.74,Card,Physical Store
TXN003528,2025-11-16 21:04:00,ST005,PRD0084,CUST0581,5,16667.34,Online,Physical Store
TXN003529,2025-06-30 16:29:00,ST006,PRD0225,CUST0060,1,15148.9,Mobile Wallet,Physical Store
TXN003530,2025-03-24 11:43:00,ST005,PRD0315,CUST0537,3,6862.13,Online,Physical Store
TXN003531,2025-03-23 14:17:00,ST001,PRD0017,CUST1000,4,13431.35,Online,Physical Store
TXN003532,2025-04-16 08:05:00,ST002,PRD0066,CUST0097,2,13064.65,Cash,Physical Store
TXN003533,2025-12-22 09:15:00,ST004,PRD0259,CUST1022,1,7839.33,Card,Physical Store
TXN003534,2025-10-06 11:15:00,ST005,PRD0183,CUST0869,5,10505.4,Cash,Physical Store
TXN003535,2025-06-14 16:49:00,ST006,PRD0039,CUST0079,5,15677.76,Cash,Physical Store
TXN003536,2025-03-01 13:52:00,ST003,PRD0112,CUST0424,4,11463.12,Card,Physical Store
TXN003537,2025-06-16 14:29:00,ST004,PRD0011,CUST0265,4,12715.64,Card,Physical Store
TXN003538,2025-09-19 20:29:00,ST003,PRD0037,CUST0653,4,4663.44,Mobile Wallet,Physical Store
TXN003539,2025-12-04 17:23:00,ST004,PRD0237,CUST0606,3,1672.14,Online,Physical Store
TXN003540,2025-10-18 13:39:00,ST001,PRD0292,CUST0760,3,7767.01,Online,Physical Store
TXN003541,2025-06-15 18:15:00,ST005,PRD0323,CUST0793,2,14720.06,Cash,Physical Store
TXN003542,2025-08-15 09:19:00,ST001,PRD0264,CUST0747,3,8405.05,Card,Physical Store
TXN003543,2025-11-16 13:10:00,ST002,PRD0161,CUST0269,3,9788.18,Cash,Physical Store
TXN003544,2025-08-21 18:49:00,ST001,PRD0272,CUST1026,2,9997.42,Mobile Wallet,Physical Store
TXN003545,2025-11-29 13:06:00,ST003,PRD0035,CUST0379,1,12242.79,Online,Physical Store
TXN003546,2025-09-09 12:45:00,ST001,PRD0152,CUST0655,2,13560.83,Card,Physical Store
TXN003547,2025-01-21 20:51:00,ST005,PRD0070,CUST0970,4,13037.06,Online,Physical Store
TXN003548,2025-08-26 11:01:00,ST001,PRD0263,CUST0290,3,3550.61,Card,Physical Store
TXN003549,2025-07-05 18:54:00,ST002,PRD0124,CUST0353,1,2894.98,Online,Physical Store
TXN003550,2025-05-27 08:47:00,ST002,PRD0089,CUST0411,4,4127.23,Online,Physical Store
TXN003551,2025-11-26 21:50:00,ST002,PRD0012,CUST0514,1,3550.38,Cash,Physical Store
TXN003552,2025-10-10 08:23:00,ST005,PRD0085,CUST0725,4,15600.74,Online,Physical Store
TXN003553,2025-10-26 17:03:00,ST005,PRD0014,CUST0579,4,6143.33,Online,Physical Store
TXN003554,2025-02-15 10:51:00,ST003,PRD0336,CUST0485,2,2121.27,Online,Physical Store
TXN003555,2025-07-28 08:05:00,ST002,PRD0284,CUST0179,1,20638.42,Online,Physical Store
TXN003556,2025-04-30 12:51:00,ST001,PRD0258,CUST0752,4,3276.89,Card,Physical Store
TXN003557,2025-04-20 17:49:00,ST004,PRD0320,CUST0886,2,8347.21,Mobile Wallet,Physical Store
TXN003558,2025-10-07 14:05:00,ST003,PRD0096,CUST1011,2,5240.02,Card,Physical Store
TXN003559,2025-03-01 20:07:00,ST005,PRD0078,CUST0054,2,15781.51,Cash,Physical Store
TXN003560,2025-12-23 19:13:00,ST001,PRD0258,CUST0172,2,3276.89,Cash,Physical Store
TXN003561,2025-05-29 17:54:00,ST005,PRD0157,CUST0071,2,19405.25,Cash,Physical Store
TXN003562,2025-10-12 16:41:00,ST004,PRD0271,CUST0144,5,2468.45,Mobile Wallet,Physical Store
TXN003563,2025-06-04 20:23:00,ST005,PRD0081,CUST0386,1,15889.25,Cash,Physical Store
TXN003564,2025-12-13 17:55:00,ST002,PRD0303,CUST0074,5,11893.96,Cash,Physical Store
TXN003565,2025-12-10 11:12:00,ST006,PRD0165,CUST0804,5,15750.95,Card,Physical Store
TXN003566,2025-02-18 15:09:00,ST004,PRD0120,CUST0883,4,14398.39,Cash,Physical Store
TXN003567,2025-06-03 19:56:00,ST001,PRD0036,CUST0992,1,5751.78,Card,Physical Store
TXN003568,2025-12-20 16:57:00,ST001,PRD0289,CUST0189,5,9318.7,Mobile Wallet,Physical Store
TXN003569,2025-05-29 08:20:00,ST006,PRD0016,CUST0230,2,20268.14,Card,Physical Store
TXN003570,2025-03-23 08:48:00,ST005,PRD0128,CUST0558,3,9239.11,Online,Physical Store
TXN003571,2025-08-09 08:31:00,ST004,PRD0040,CUST0525,5,11363.76,Mobile Wallet,Physical Store
TXN003572,2025-06-26 08:52:00,ST006,PRD0254,CUST0930,3,11992.71,Card,Physical Store
TXN003573,2025-07-03 19:55:00,ST002,PRD0335,CUST0941,2,8481.29,Cash,Physical Store
TXN003574,2025-07-13 20:47:00,ST001,PRD0107,CUST0241,4,10336.83,Card,Physical Store
TXN003575,2025-12-06 15:41:00,ST006,PRD0258,CUST0158,1,3276.89,Cash,Physical Store
TXN003576,2025-06-11 20:56:00,ST005,PRD0226,CUST0064,2,18502.93,Mobile Wallet,Physical Store
TXN003577,2025-04-16 08:27:00,ST001,PRD0205,CUST0946,1,9509.22,Online,Physical Store
TXN003578,2025-11-01 17:17:00,ST006,PRD0207,CUST0813,4,10872.38,Card,Physical Store
TXN003579,2025-03-12 20:15:00,ST001,PRD0112,CUST0945,1,11463.12,Mobile Wallet,Physical Store
TXN003580,2025-02-25 19:43:00,ST005,PRD0163,CUST0019,1,16681.73,Mobile Wallet,Physical Store
TXN003581,2025-02-03 12:41:00,ST002,PRD0025,CUST0862,2,5447.28,Card,Physical Store
TXN003582,2025-04-21 12:13:00,ST005,PRD0016,CUST0832,3,20268.14,Mobile Wallet,Physical Store
TXN003583,2025-05-31 12:56:00,ST006,PRD0278,CUST0395,5,7489.54,Card,Physical Store
TXN003584,2025-05-05 15:21:00,ST004,PRD0308,CUST0011,5,8374.13,Card,Physical Store
TXN003585,2025-03-14 16:54:00,ST005,PRD0167,CUST0290,3,474.16,Online,Physical Store
TXN003586,2025-05-21 13:20:00,ST001,PRD0058,CUST0434,5,9174.14,Mobile Wallet,Physical Store
TXN003587,2025-01-13 11:58:00,ST004,PRD0160,CUST0339,2,16917.41,Mobile Wallet,Physical Store
TXN003588,2025-10-05 16:58:00,ST004,PRD0106,CUST1002,2,11908.0,Card,Physical Store
TXN003589,2025-03-16 11:34:00,ST006,PRD0009,CUST0067,3,2429.12,Card,Physical Store
TXN003590,2025-07-30 12:28:00,ST004,PRD0187,CUST0638,4,17512.81,Online,Physical Store
TXN003591,2025-09-22 14:47:00,ST004,PRD0246,CUST0545,1,437.82,Card,Physical Store
TXN003592,2025-09-09 20:05:00,ST002,PRD0067,CUST0080,4,2993.21,Cash,Physical Store
TXN003593,2025-08-23 13:22:00,ST004,PRD0087,CUST0906,4,901.59,Cash,Physical Store
TXN003594,2025-03-04 12:22:00,ST005,PRD0263,CUST0619,1,3550.61,Cash,Physical Store
TXN003595,2025-02-26 19:49:00,ST003,PRD0138,CUST0519,1,7484.07,Mobile Wallet,Physical Store
TXN003596,2025-04-02 16:07:00,ST001,PRD0160,CUST0439,4,16917.41,Cash,Physical Store
TXN003597,2025-08-01 16:24:00,ST004,PRD0061,CUST0209,3,15518.33,Cash,Physical Store
TXN003598,2025-04-12 14:04:00,ST006,PRD0046,CUST0341,4,20894.04,Cash,Physical Store
TXN003599,2025-06-20 13:21:00,ST003,PRD0323,CUST0553,4,14720.06,Online,Physical Store
TXN003600,2025-03-31 19:25:00,ST005,PRD0257,CUST0506,4,13818.08,Online,Physical Store
TXN003601,2025-04-29 15:28:00,ST002,PRD0046,CUST0547,1,20894.04,Online,Physical Store
TXN003602,2025-12-13 12:40:00,ST005,PRD0162,CUST0576,3,19501.87,Online,Physical Store
TXN003603,2025-12-12 14:50:00,ST002,PRD0218,CUST0059,1,17938.6,Cash,Physical Store
TXN003604,2025-02-14 09:38:00,ST004,PRD0212,CUST0282,2,7877.4,Card,Physical Store
TXN003605,2025-04-23 16:24:00,ST006,PRD0301,CUST0966,3,16353.38,Card,Physical Store
TXN003606,2025-12-20 09:41:00,ST005,PRD0228,CUST0426,4,11198.46,Card,Physical Store
TXN003607,2025-10-01 13:42:00,ST001,PRD0029,CUST0666,4,14939.28,Card,Physical Store
TXN003608,2025-05-13 08:49:00,ST006,PRD0310,CUST0175,4,21244.72,Online,Physical Store
TXN003609,2025-01-17 16:07:00,ST006,PRD0036,CUST0388,4,5751.78,Online,Physical Store
TXN003610,2025-01-10 11:17:00,ST003,PRD0271,CUST0516,5,2468.45,Card,Physical Store
TXN003611,2025-08-31 21:29:00,ST002,PRD0018,CUST0032,4,21346.27,Mobile Wallet,Physical Store
TXN003612,2025-10-20 13:45:00,ST003,PRD0296,CUST0687,1,10919.63,Card,Physical Store
TXN003613,2025-11-01 13:16:00,ST005,PRD0146,CUST0793,4,4109.1,Online,Physical Store
TXN003614,2025-05-31 10:53:00,ST004,PRD0044,CUST0975,3,646.96,Card,Physical Store
TXN003615,2025-09-01 13:10:00,ST001,PRD0257,CUST0016,1,13818.08,Mobile Wallet,Physical Store
TXN003616,2025-02-04 18:28:00,ST004,PRD0105,CUST0555,3,3477.95,Online,Physical Store
TXN003617,2025-12-23 20:20:00,ST003,PRD0300,CUST0378,2,6059.15,Cash,Physical Store
TXN003618,2025-07-29 19:13:00,ST004,PRD0283,CUST0467,2,16821.68,Online,Physical Store
TXN003619,2025-09-21 17:31:00,ST001,PRD0047,CUST0095,1,5346.17,Mobile Wallet,Physical Store
TXN003620,2025-01-07 15:35:00,ST003,PRD0053,CUST0257,5,4167.18,Online,Physical Store
TXN003621,2025-08-18 14:04:00,ST005,PRD0123,CUST0084,3,13170.98,Online,Physical Store
TXN003622,2025-10-14 12:05:00,ST003,PRD0148,CUST0356,2,2911.86,Online,Physical Store
TXN003623,2025-03-18 20:56:00,ST004,PRD0278,CUST0414,2,7489.54,Card,Physical Store
TXN003624,2025-12-12 16:51:00,ST006,PRD0242,CUST0736,4,11290.47,Mobile Wallet,Physical Store
TXN003625,2025-10-21 16:07:00,ST004,PRD0107,CUST0099,2,10336.83,Online,Physical Store
TXN003626,2025-07-13 12:40:00,ST001,PRD0234,CUST0968,1,15054.11,Online,Physical Store
TXN003627,2025-09-23 16:08:00,ST006,PRD0034,CUST0960,1,9530.33,Online,Physical Store
TXN003628,2025-02-07 19:59:00,ST001,PRD0002,CUST0999,5,5132.62,Cash,Physical Store
TXN003629,2025-08-02 09:04:00,ST003,PRD0154,CUST0822,3,13504.25,Mobile Wallet,Physical Store
TXN003630,2025-12-31 18:05:00,ST001,PRD0053,CUST1034,2,4167.18,Mobile Wallet,Physical Store
TXN003631,2025-07-05 20:19:00,ST002,PRD0089,CUST0619,4,4127.23,Online,Physical Store
TXN003632,2025-12-30 10:15:00,ST005,PRD0255,CUST0989,3,5769.03,Mobile Wallet,Physical Store
TXN003633,2025-08-23 08:03:00,ST003,PRD0241,CUST0248,2,5942.64,Card,Physical Store
TXN003634,2025-03-30 13:59:00,ST006,PRD0049,CUST0322,1,17860.23,Cash,Physical Store
TXN003635,2025-10-09 10:48:00,ST005,PRD0085,CUST0832,4,15600.74,Cash,Physical Store
TXN003636,2025-11-11 14:42:00,ST002,PRD0208,CUST0844,1,826.73,Mobile Wallet,Physical Store
TXN003637,2025-07-04 19:53:00,ST006,PRD0105,CUST0441,5,3477.95,Online,Physical Store
TXN003638,2025-08-24 09:26:00,ST002,PRD0158,CUST0825,5,20704.01,Cash,Physical Store
TXN003639,2025-01-01 21:00:00,ST006,PRD0097,CUST0968,1,7060.13,Cash,Physical Store
TXN003640,2025-08-17 08:51:00,ST001,PRD0126,CUST0999,5,8272.6,Mobile Wallet,Physical Store
TXN003641,2025-12-27 20:27:00,ST001,PRD0297,CUST0461,2,14685.23,Mobile Wallet,Physical Store
TXN003642,2025-12-28 08:36:00,ST005,PRD0264,CUST0481,3,8405.05,Online,Physical Store
TXN003643,2025-11-01 10:43:00,ST005,PRD0223,CUST1008,3,16691.47,Mobile Wallet,Physical Store
TXN003644,2025-07-29 18:11:00,ST001,PRD0316,CUST0840,3,13933.6,Mobile Wallet,Physical Store
TXN003645,2025-05-27 18:55:00,ST003,PRD0138,CUST0697,4,7484.07,Mobile Wallet,Physical Store
TXN003646,2025-03-10 14:30:00,ST001,PRD0203,CUST0739,3,10598.59,Card,Physical Store
TXN003647,2025-09-15 09:28:00,ST004,PRD0301,CUST0556,4,16353.38,Online,Physical Store
TXN003648,2025-01-02 21:58:00,ST003,PRD0021,CUST0397,3,1768.36,Card,Physical Store
TXN003649,2025-03-18 08:11:00,ST005,PRD0224,CUST0368,4,9276.41,Card,Physical Store
TXN003650,2025-01-30 11:08:00,ST002,PRD0200,CUST0524,3,997.46,Online,Physical Store
TXN003651,2025-08-15 11:15:00,ST003,PRD0006,CUST0068,4,13477.68,Cash,Physical Store
TXN003652,2025-07-15 11:21:00,ST003,PRD0045,CUST0887,5,1726.89,Card,Physical Store
TXN003653,2025-11-28 10:17:00,ST003,PRD0239,CUST0819,4,12672.74,Cash,Physical Store
TXN003654,2025-03-06 13:45:00,ST006,PRD0286,CUST0410,4,14935.58,Cash,Physical Store
TXN003655,2025-02-01 19:51:00,ST006,PRD0184,CUST0430,4,3319.57,Mobile Wallet,Physical Store
TXN003656,2025-11-04 11:12:00,ST002,PRD0070,CUST1009,4,13037.06,Card,Physical Store
TXN003657,2025-05-13 10:09:00,ST002,PRD0273,CUST0727,4,13625.49,Card,Physical Store
TXN003658,2025-08-27 10:57:00,ST002,PRD0113,CUST1019,2,5925.51,Online,Physical Store
TXN003659,2025-10-24 11:06:00,ST006,PRD0019,CUST0478,2,7427.25,Mobile Wallet,Physical Store
TXN003660,2025-12-24 19:56:00,ST006,PRD0028,CUST0015,5,9297.13,Online,Physical Store
TXN003661,2025-03-14 18:13:00,ST006,PRD0129,CUST0070,2,13492.02,Mobile Wallet,Physical Store
TXN003662,2025-01-06 12:12:00,ST006,PRD0098,CUST0478,2,620.21,Cash,Physical Store
TXN003663,2025-11-20 18:34:00,ST003,PRD0264,CUST0432,5,8405.05,Online,Physical Store
TXN003664,2025-07-24 18:49:00,ST006,PRD0043,CUST0262,3,8647.43,Mobile Wallet,Physical Store
TXN003665,2025-10-08 18:59:00,ST002,PRD0007,CUST0552,4,13705.32,Mobile Wallet,Physical Store
TXN003666,2025-02-21 17:33:00,ST004,PRD0329,CUST0762,1,2156.83,Mobile Wallet,Physical Store
TXN003667,2025-10-20 18:24:00,ST003,PRD0277,CUST0034,4,8719.93,Online,Physical Store
TXN003668,2025-12-28 13:19:00,ST003,PRD0155,CUST0296,1,15377.25,Mobile Wallet,Physical Store
TXN003669,2025-12-07 19:34:00,ST006,PRD0114,CUST0950,5,9757.31,Card,Physical Store
TXN003670,2025-08-11 12:01:00,ST006,PRD0166,CUST0423,2,15634.98,Mobile Wallet,Physical Store
TXN003671,2025-04-12 18:38:00,ST002,PRD0220,CUST0743,5,11025.69,Online,Physical Store
TXN003672,2025-03-09 16:35:00,ST005,PRD0110,CUST0078,2,5481.63,Mobile Wallet,Physical Store
TXN003673,2025-11-11 17:29:00,ST001,PRD0266,CUST0446,2,8348.44,Online,Physical Store
TXN003674,2025-01-12 11:10:00,ST005,PRD0049,CUST1045,3,17860.23,Mobile Wallet,Physical Store
TXN003675,2025-06-26 20:23:00,ST003,PRD0042,CUST0062,2,21532.78,Cash,Physical Store
TXN003676,2025-07-22 14:27:00,ST004,PRD0333,CUST0830,1,6748.68,Mobile Wallet,Physical Store
TXN003677,2025-04-25 12:31:00,ST003,PRD0214,CUST0965,1,829.59,Mobile Wallet,Physical Store
TXN003678,2025-05-07 10:35:00,ST001,PRD0299,CUST0734,5,8975.12,Cash,Physical Store
TXN003679,2025-04-29 16:21:00,ST004,PRD0095,CUST0636,2,14194.94,Mobile Wallet,Physical Store
TXN003680,2025-03-28 10:06:00,ST004,PRD0167,CUST0722,5,474.16,Card,Physical Store
TXN003681,2025-12-13 15:18:00,ST005,PRD0106,CUST0850,2,11908.0,Online,Physical Store
TXN003682,2025-11-11 13:58:00,ST002,PRD0306,CUST0592,1,2327.28,Online,Physical Store
TXN003683,2025-06-14 20:47:00,ST004,PRD0147,CUST0850,3,17668.05,Online,Physical Store
TXN003684,2025-04-12 09:30:00,ST001,PRD0030,CUST1005,2,19772.8,Cash,Physical Store
TXN003685,2025-03-18 19:54:00,ST006,PRD0047,CUST0033,2,5346.17,Mobile Wallet,Physical Store
TXN003686,2025-04-15 14:42:00,ST003,PRD0193,CUST0454,2,15266.12,Mobile Wallet,Physical Store
TXN003687,2025-12-03 20:29:00,ST006,PRD0105,CUST0381,2,3477.95,Card,Physical Store
TXN003688,2025-05-26 16:28:00,ST001,PRD0138,CUST0438,5,7484.07,Mobile Wallet,Physical Store
TXN003689,2025-12-08 14:00:00,ST005,PRD0050,CUST0254,1,2136.14,Cash,Physical Store
TXN003690,2025-06-04 16:33:00,ST006,PRD0221,CUST0812,1,6401.8,Mobile Wallet,Physical Store
TXN003691,2025-04-17 21:47:00,ST003,PRD0079,CUST0847,3,6321.36,Mobile Wallet,Physical Store
TXN003692,2025-10-13 17:40:00,ST003,PRD0102,CUST0961,5,18335.61,Online,Physical Store
TXN003693,2025-11-19 12:05:00,ST005,PRD0248,CUST0883,1,7269.43,Cash,Physical Store
TXN003694,2025-11-03 11:31:00,ST006,PRD0050,CUST0850,3,2136.14,Online,Physical Store
TXN003695,2025-11-23 16:06:00,ST004,PRD0008,CUST0585,3,18695.07,Card,Physical Store
TXN003696,2025-05-20 14:27:00,ST004,PRD0295,CUST0615,3,20720.46,Card,Physical Store
TXN003697,2025-12-19 11:34:00,ST002,PRD0226,CUST0117,3,18502.93,Cash,Physical Store
TXN003698,2025-12-04 13:24:00,ST005,PRD0224,CUST0707,1,9276.41,Card,Physical Store
TXN003699,2025-08-15 16:51:00,ST001,PRD0156,CUST0921,4,7788.01,Card,Physical Store
TXN003700,2025-08-16 12:15:00,ST005,PRD0136,CUST0727,1,12055.78,Mobile Wallet,Physical Store
TXN003701,2025-09-18 13:39:00,ST004,PRD0110,CUST1031,1,5481.63,Card,Physical Store
TXN003702,2025-06-15 08:09:00,ST005,PRD0123,CUST0093,5,13170.98,Mobile Wallet,Physical Store
TXN003703,2025-05-24 14:51:00,ST002,PRD0312,CUST0339,3,6604.88,Online,Physical Store
TXN003704,2025-04-29 13:16:00,ST003,PRD0271,CUST0831,5,2468.45,Card,Physical Store
TXN003705,2025-02-27 10:52:00,ST001,PRD0053,CUST0729,4,4167.18,Card,Physical Store
TXN003706,2025-09-16 15:04:00,ST003,PRD0003,CUST0093,2,7463.9,Online,Physical Store
TXN003707,2025-08-03 17:18:00,ST003,PRD0196,CUST0875,1,14688.58,Cash,Physical Store
TXN003708,2025-04-19 15:25:00,ST004,PRD0133,CUST0904,3,1638.63,Mobile Wallet,Physical Store
TXN003709,2025-10-26 09:42:00,ST002,PRD0042,CUST0873,1,21532.78,Card,Physical Store
TXN003710,2025-03-01 20:21:00,ST006,PRD0023,CUST0487,5,5149.18,Mobile Wallet,Physical Store
TXN003711,2025-12-24 13:22:00,ST006,PRD0283,CUST0838,5,16821.68,Cash,Physical Store
TXN003712,2025-11-23 17:57:00,ST003,PRD0328,CUST0091,1,8691.06,Cash,Physical Store
TXN003713,2025-06-10 16:38:00,ST003,PRD0114,CUST0441,2,9757.31,Card,Physical Store
TXN003714,2025-10-06 14:45:00,ST002,PRD0206,CUST0003,1,2082.08,Online,Physical Store
TXN003715,2025-06-11 19:00:00,ST003,PRD0014,CUST0343,5,6143.33,Mobile Wallet,Physical Store
TXN003716,2025-04-09 20:33:00,ST001,PRD0006,CUST0217,1,13477.68,Card,Physical Store
TXN003717,2025-05-31 20:22:00,ST001,PRD0239,CUST0194,5,12672.74,Online,Physical Store
TXN003718,2025-10-14 08:24:00,ST003,PRD0335,CUST0186,5,8481.29,Cash,Physical Store
TXN003719,2025-04-08 14:40:00,ST003,PRD0192,CUST0075,3,812.19,Cash,Physical Store
TXN003720,2025-10-22 09:42:00,ST004,PRD0304,CUST0456,5,2572.59,Mobile Wallet,Physical Store
TXN003721,2025-02-11 16:27:00,ST001,PRD0253,CUST0158,4,17101.61,Cash,Physical Store
TXN003722,2025-11-25 12:39:00,ST005,PRD0076,CUST0418,2,3801.59,Online,Physical Store
TXN003723,2025-01-09 15:58:00,ST002,PRD0052,CUST0866,1,7984.07,Card,Physical Store
TXN003724,2025-04-17 21:08:00,ST005,PRD0039,CUST0399,3,15677.76,Online,Physical Store
TXN003725,2025-03-25 10:02:00,ST006,PRD0289,CUST0544,1,9318.7,Cash,Physical Store
TXN003726,2025-04-20 15:55:00,ST003,PRD0038,CUST0965,4,16717.88,Online,Physical Store
TXN003727,2025-07-17 10:45:00,ST001,PRD0230,CUST0523,5,17471.77,Mobile Wallet,Physical Store
TXN003728,2025-07-24 09:04:00,ST006,PRD0093,CUST0849,2,4406.01,Cash,Physical Store
TXN003729,2025-11-29 11:58:00,ST003,PRD0031,CUST0796,5,5505.62,Cash,Physical Store
TXN003730,2025-08-08 13:31:00,ST001,PRD0048,CUST0345,1,3322.36,Mobile Wallet,Physical Store
TXN003731,2025-01-25 21:41:00,ST006,PRD0033,CUST0168,1,21125.63,Card,Physical Store
TXN003732,2025-12-09 19:41:00,ST001,PRD0118,CUST0454,2,21036.15,Card,Physical Store
TXN003733,2025-06-16 13:37:00,ST006,PRD0261,CUST1015,5,21613.13,Card,Physical Store
TXN003734,2025-01-31 14:50:00,ST003,PRD0078,CUST0453,1,15781.51,Online,Physical Store
TXN003735,2025-11-04 14:35:00,ST005,PRD0259,CUST0216,1,7839.33,Mobile Wallet,Physical Store
TXN003736,2025-11-21 09:36:00,ST003,PRD0208,CUST0100,3,826.73,Cash,Physical Store
TXN003737,2025-06-26 10:05:00,ST002,PRD0034,CUST0289,1,9530.33,Mobile Wallet,Physical Store
TXN003738,2025-01-04 16:07:00,ST006,PRD0208,CUST0562,1,826.73,Cash,Physical Store
TXN003739,2025-05-10 12:47:00,ST006,PRD0209,CUST0088,5,2802.76,Cash,Physical Store
TXN003740,2025-12-21 17:31:00,ST005,PRD0053,CUST0526,1,4167.18,Card,Physical Store
TXN003741,2025-05-20 14:36:00,ST005,PRD0167,CUST0540,3,474.16,Online,Physical Store
TXN003742,2025-01-16 21:25:00,ST001,PRD0006,CUST0681,5,13477.68,Mobile Wallet,Physical Store
TXN003743,2025-03-09 19:29:00,ST004,PRD0135,CUST0698,4,310.8,Card,Physical Store
TXN003744,2025-12-17 17:40:00,ST006,PRD0280,CUST0714,5,14906.05,Cash,Physical Store
TXN003745,2025-09-07 12:09:00,ST003,PRD0312,CUST0562,1,6604.88,Card,Physical Store
TXN003746,2025-12-07 17:42:00,ST003,PRD0009,CUST0595,5,2429.12,Mobile Wallet,Physical Store
TXN003747,2025-11-30 15:58:00,ST002,PRD0221,CUST0367,3,6401.8,Online,Physical Store
TXN003748,2025-08-21 14:48:00,ST003,PRD0200,CUST0176,5,997.46,Card,Physical Store
TXN003749,2025-01-23 09:25:00,ST005,PRD0147,CUST1015,2,17668.05,Mobile Wallet,Physical Store
TXN003750,2025-03-05 15:18:00,ST001,PRD0193,CUST0656,5,15266.12,Card,Physical Store
TXN003751,2025-12-18 14:08:00,ST001,PRD0312,CUST0914,4,6604.88,Cash,Physical Store
TXN003752,2025-07-19 14:08:00,ST001,PRD0277,CUST0818,4,8719.93,Card,Physical Store
TXN003753,2025-06-07 17:33:00,ST005,PRD0066,CUST0554,4,13064.65,Mobile Wallet,Physical Store
TXN003754,2025-09-05 18:02:00,ST004,PRD0064,CUST0811,3,1220.74,Card,Physical Store
TXN003755,2025-09-12 19:31:00,ST001,PRD0152,CUST0092,2,13560.83,Online,Physical Store
TXN003756,2025-09-12 10:13:00,ST002,PRD0045,CUST0303,3,1726.89,Online,Physical Store
TXN003757,2025-04-02 11:21:00,ST001,PRD0078,CUST0700,4,15781.51,Cash,Physical Store
TXN003758,2025-09-24 13:47:00,ST004,PRD0268,CUST0633,5,4050.68,Cash,Physical Store
TXN003759,2025-08-20 10:06:00,ST002,PRD0186,CUST0116,3,12858.14,Cash,Physical Store
TXN003760,2025-11-17 13:58:00,ST001,PRD0117,CUST0677,2,14750.74,Card,Physical Store
TXN003761,2025-03-02 16:17:00,ST003,PRD0191,CUST0848,1,9077.42,Card,Physical Store
TXN003762,2025-05-28 18:09:00,ST006,PRD0125,CUST0307,2,13628.37,Cash,Physical Store
TXN003763,2025-01-04 17:05:00,ST006,PRD0076,CUST0555,3,3801.59,Card,Physical Store
TXN003764,2025-02-25 20:52:00,ST001,PRD0142,CUST0154,3,1184.22,Mobile Wallet,Physical Store
TXN003765,2025-09-20 11:16:00,ST005,PRD0101,CUST0954,4,2955.72,Card,Physical Store
TXN003766,2025-12-19 21:19:00,ST001,PRD0024,CUST0305,1,13723.71,Mobile Wallet,Physical Store
TXN003767,2025-09-29 10:14:00,ST005,PRD0048,CUST0445,4,3322.36,Cash,Physical Store
TXN003768,2025-09-15 09:41:00,ST004,PRD0008,CUST0088,5,18695.07,Card,Physical Store
TXN003769,2025-06-09 10:26:00,ST005,PRD0177,CUST0949,5,6812.39,Mobile Wallet,Physical Store
TXN003770,2025-04-22 18:21:00,ST004,PRD0186,CUST1033,4,12858.14,Online,Physical Store
TXN003771,2025-06-27 21:08:00,ST005,PRD0214,CUST0437,3,829.59,Card,Physical Store
TXN003772,2025-04-11 19:48:00,ST003,PRD0253,CUST0306,3,17101.61,Online,Physical Store
TXN003773,2025-04-06 10:40:00,ST001,PRD0165,CUST0415,3,15750.95,Cash,Physical Store
TXN003774,2025-08-27 16:43:00,ST001,PRD0286,CUST0383,5,14935.58,Online,Physical Store
TXN003775,2025-01-24 11:16:00,ST005,PRD0173,CUST0749,2,8871.76,Card,Physical Store
TXN003776,2025-09-19 15:10:00,ST004,PRD0004,CUST0537,4,8894.11,Mobile Wallet,Physical Store
TXN003777,2025-08-11 14:58:00,ST002,PRD0194,CUST0091,5,16959.55,Mobile Wallet,Physical Store
TXN003778,2025-06-03 13:45:00,ST006,PRD0257,CUST0915,1,13818.08,Card,Physical Store
TXN003779,2025-01-29 18:30:00,ST006,PRD0161,CUST0426,1,9788.18,Card,Physical Store
TXN003780,2025-07-19 16:23:00,ST003,PRD0310,CUST0389,1,21244.72,Card,Physical Store
TXN003781,2025-07-22 10:06:00,ST003,PRD0336,CUST0071,4,2121.27,Cash,Physical Store
TXN003782,2025-05-12 20:16:00,ST001,PRD0113,CUST0008,1,5925.51,Mobile Wallet,Physical Store
TXN003783,2025-02-11 12:59:00,ST005,PRD0147,CUST0729,2,17668.05,Mobile Wallet,Physical Store
TXN003784,2025-06-06 13:45:00,ST002,PRD0237,CUST0639,3,1672.14,Card,Physical Store
TXN003785,2025-02-05 17:50:00,ST001,PRD0314,CUST0981,1,14001.37,Online,Physical Store
TXN003786,2025-04-27 11:52:00,ST004,PRD0125,CUST0567,5,13628.37,Card,Physical Store
TXN003787,2025-11-15 14:53:00,ST001,PRD0316,CUST0958,1,13933.6,Cash,Physical Store
TXN003788,2025-01-24 19:13:00,ST003,PRD0325,CUST0620,2,10102.17,Online,Physical Store
TXN003789,2025-11-04 17:31:00,ST006,PRD0187,CUST0729,5,17512.81,Mobile Wallet,Physical Store
TXN003790,2025-11-17 09:46:00,ST004,PRD0272,CUST1038,1,9997.42,Mobile Wallet,Physical Store
TXN003791,2025-01-28 19:59:00,ST005,PRD0067,CUST0237,3,2993.21,Card,Physical Store
TXN003792,2025-09-13 17:16:00,ST002,PRD0112,CUST0935,4,11463.12,Card,Physical Store
TXN003793,2025-09-09 12:37:00,ST001,PRD0024,CUST0432,2,13723.71,Card,Physical Store
TXN003794,2025-03-27 10:14:00,ST005,PRD0309,CUST0659,3,20175.41,Cash,Physical Store
TXN003795,2025-08-13 08:18:00,ST003,PRD0231,CUST0424,1,17703.38,Card,Physical Store
TXN003796,2025-07-22 16:29:00,ST006,PRD0159,CUST0942,4,2977.17,Mobile Wallet,Physical Store
TXN003797,2025-05-11 08:29:00,ST004,PRD0010,CUST0453,4,15285.57,Mobile Wallet,Physical Store
TXN003798,2025-06-30 14:00:00,ST006,PRD0002,CUST0921,4,5132.62,Card,Physical Store
TXN003799,2025-03-24 21:35:00,ST006,PRD0080,CUST0247,2,5394.99,Card,Physical Store
TXN003800,2025-03-03 17:53:00,ST005,PRD0109,CUST1032,4,6325.94,Card,Physical Store
TXN003801,2025-09-04 16:50:00,ST004,PRD0134,CUST0902,2,16453.67,Online,Physical Store
TXN003802,2025-12-29 20:13:00,ST001,PRD0307,CUST0422,2,11194.39,Online,Physical Store
TXN003803,2025-07-04 18:37:00,ST004,PRD0221,CUST0341,1,6401.8,Mobile Wallet,Physical Store
TXN003804,2025-12-04 14:02:00,ST001,PRD0140,CUST0722,2,12592.3,Card,Physical Store
TXN003805,2025-04-14 12:41:00,ST005,PRD0136,CUST0422,3,12055.78,Online,Physical Store
TXN003806,2025-10-24 16:05:00,ST003,PRD0058,CUST0634,4,9174.14,Cash,Physical Store
TXN003807,2025-03-20 12:11:00,ST006,PRD0061,CUST0060,4,15518.33,Card,Physical Store
TXN003808,2025-08-28 16:43:00,ST003,PRD0046,CUST0971,1,20894.04,Card,Physical Store
TXN003809,2025-07-12 12:40:00,ST006,PRD0271,CUST0195,1,2468.45,Mobile Wallet,Physical Store
TXN003810,2025-06-23 17:22:00,ST003,PRD0186,CUST0763,5,12858.14,Card,Physical Store
TXN003811,2025-02-07 17:15:00,ST002,PRD0256,CUST0405,1,2281.57,Mobile Wallet,Physical Store
TXN003812,2025-04-10 19:25:00,ST004,PRD0173,CUST1017,2,8871.76,Mobile Wallet,Physical Store
TXN003813,2025-08-25 14:33:00,ST003,PRD0253,CUST0976,4,17101.61,Card,Physical Store
TXN003814,2025-07-04 20:35:00,ST003,PRD0218,CUST0148,2,17938.6,Cash,Physical Store
TXN003815,2025-09-06 12:38:00,ST005,PRD0038,CUST0709,2,16717.88,Cash,Physical Store
TXN003816,2025-10-08 18:34:00,ST004,PRD0153,CUST0367,4,17511.62,Card,Physical Store
TXN003817,2025-04-09 11:38:00,ST004,PRD0311,CUST0027,4,4148.18,Cash,Physical Store
TXN003818,2025-07-06 21:01:00,ST001,PRD0017,CUST0193,1,13431.35,Card,Physical Store
TXN003819,2025-11-09 09:21:00,ST003,PRD0158,CUST0001,3,20704.01,Card,Physical Store
TXN003820,2025-04-12 14:16:00,ST003,PRD0256,CUST0321,1,2281.57,Cash,Physical Store
TXN003821,2025-02-14 08:55:00,ST004,PRD0269,CUST0807,1,6185.21,Online,Physical Store
TXN003822,2025-08-24 19:38:00,ST005,PRD0010,CUST0639,5,15285.57,Cash,Physical Store
TXN003823,2025-06-25 15:14:00,ST004,PRD0272,CUST0055,4,9997.42,Mobile Wallet,Physical Store
TXN003824,2025-08-25 18:14:00,ST001,PRD0199,CUST0926,2,10404.09,Mobile Wallet,Physical Store
TXN003825,2025-03-02 08:51:00,ST002,PRD0093,CUST0397,4,4406.01,Mobile Wallet,Physical Store
TXN003826,2025-06-06 11:43:00,ST005,PRD0089,CUST0118,3,4127.23,Mobile Wallet,Physical Store
TXN003827,2025-10-18 17:28:00,ST005,PRD0082,CUST0547,3,20809.35,Mobile Wallet,Physical Store
TXN003828,2025-02-23 18:54:00,ST006,PRD0331,CUST0746,3,7946.53,Mobile Wallet,Physical Store
TXN003829,2025-11-13 11:10:00,ST001,PRD0251,CUST0957,1,6655.05,Cash,Physical Store
TXN003830,2025-12-15 13:19:00,ST006,PRD0317,CUST0197,4,13310.61,Mobile Wallet,Physical Store
TXN003831,2025-04-16 18:51:00,ST005,PRD0094,CUST0848,1,19664.63,Mobile Wallet,Physical Store
TXN003832,2025-09-18 13:26:00,ST001,PRD0261,CUST0861,1,21613.13,Online,Physical Store
TXN003833,2025-12-11 17:30:00,ST004,PRD0103,CUST0711,5,9758.61,Mobile Wallet,Physical Store
TXN003834,2025-10-30 12:53:00,ST003,PRD0109,CUST0399,4,6325.94,Online,Physical Store
TXN003835,2025-09-12 08:10:00,ST004,PRD0196,CUST0412,2,14688.58,Mobile Wallet,Physical Store
TXN003836,2025-09-10 18:27:00,ST006,PRD0180,CUST0807,3,18463.04,Online,Physical Store
TXN003837,2025-09-23 15:41:00,ST003,PRD0199,CUST0789,5,10404.09,Online,Physical Store
TXN003838,2025-08-15 19:05:00,ST003,PRD0179,CUST0725,2,20362.49,Mobile Wallet,Physical Store
TXN003839,2025-05-10 21:20:00,ST003,PRD0332,CUST0074,2,7226.95,Cash,Physical Store
TXN003840,2025-07-06 11:28:00,ST006,PRD0254,CUST0348,5,11992.71,Cash,Physical Store
TXN003841,2025-10-14 19:17:00,ST002,PRD0269,CUST0816,3,6185.21,Online,Physical Store
TXN003842,2025-06-20 08:15:00,ST005,PRD0226,CUST0716,3,18502.93,Cash,Physical Store
TXN003843,2025-09-04 16:00:00,ST002,PRD0192,CUST0471,5,812.19,Card,Physical Store
TXN003844,2025-10-01 13:59:00,ST006,PRD0207,CUST0387,2,10872.38,Cash,Physical Store
TXN003845,2025-05-07 14:38:00,ST001,PRD0195,CUST0621,5,2320.2,Online,Physical Store
TXN003846,2025-01-15 15:14:00,ST003,PRD0235,CUST0429,1,17055.79,Cash,Physical Store
TXN003847,2025-06-30 08:46:00,ST006,PRD0198,CUST0448,2,2914.92,Online,Physical Store
TXN003848,2025-01-16 13:06:00,ST003,PRD0024,CUST0290,4,13723.71,Card,Physical Store
TXN003849,2025-09-30 15:40:00,ST002,PRD0298,CUST0885,2,8588.83,Online,Physical Store
TXN003850,2025-07-22 15:17:00,ST006,PRD0332,CUST0875,3,7226.95,Mobile Wallet,Physical Store
TXN003851,2025-08-10 19:02:00,ST004,PRD0127,CUST0448,2,5043.76,Card,Physical Store
TXN003852,2025-10-20 17:30:00,ST005,PRD0136,CUST0229,3,12055.78,Card,Physical Store
TXN003853,2025-01-28 19:48:00,ST001,PRD0295,CUST0581,1,20720.46,Cash,Physical Store
TXN003854,2025-01-11 10:40:00,ST004,PRD0251,CUST0894,1,6655.05,Cash,Physical Store
TXN003855,2025-12-16 21:38:00,ST003,PRD0168,CUST0236,4,14853.54,Online,Physical Store
TXN003856,2025-10-31 15:30:00,ST005,PRD0290,CUST0962,2,1192.9,Card,Physical Store
TXN003857,2025-05-01 21:53:00,ST003,PRD0012,CUST0875,1,3550.38,Online,Physical Store
TXN003858,2025-04-21 13:28:00,ST006,PRD0336,CUST0761,3,2121.27,Mobile Wallet,Physical Store
TXN003859,2025-09-28 17:13:00,ST006,PRD0175,CUST0047,3,4600.64,Card,Physical Store
TXN003860,2025-07-29 08:11:00,ST005,PRD0240,CUST0060,4,5346.51,Mobile Wallet,Physical Store
TXN003861,2025-06-21 14:48:00,ST001,PRD0241,CUST0124,4,5942.64,Cash,Physical Store
TXN003862,2025-03-23 17:11:00,ST002,PRD0123,CUST0818,1,13170.98,Cash,Physical Store
TXN003863,2025-03-07 11:31:00,ST005,PRD0237,CUST0520,3,1672.14,Online,Physical Store
TXN003864,2025-12-11 09:44:00,ST004,PRD0107,CUST0509,4,10336.83,Mobile Wallet,Physical Store
TXN003865,2025-01-05 13:58:00,ST005,PRD0259,CUST0024,4,7839.33,Cash,Physical Store
TXN003866,2025-01-23 18:51:00,ST001,PRD0208,CUST0745,1,826.73,Mobile Wallet,Physical Store
TXN003867,2025-05-17 08:31:00,ST002,PRD0019,CUST0932,5,7427.25,Online,Physical Store
TXN003868,2025-08-14 16:46:00,ST001,PRD0138,CUST1050,2,7484.07,Card,Physical Store
TXN003869,2025-05-11 16:53:00,ST004,PRD0180,CUST0948,2,18463.04,Online,Physical Store
TXN003870,2025-12-04 12:44:00,ST005,PRD0004,CUST0597,3,8894.11,Card,Physical Store
TXN003871,2025-09-03 10:32:00,ST001,PRD0030,CUST0021,2,19772.8,Mobile Wallet,Physical Store
TXN003872,2025-10-11 21:52:00,ST003,PRD0260,CUST0502,4,9674.14,Card,Physical Store
TXN003873,2025-02-12 14:31:00,ST005,PRD0266,CUST0667,5,8348.44,Online,Physical Store
TXN003874,2025-05-14 12:56:00,ST002,PRD0022,CUST0647,5,13125.31,Cash,Physical Store
TXN003875,2025-04-13 10:40:00,ST004,PRD0018,CUST0945,3,21346.27,Cash,Physical Store
TXN003876,2025-06-25 10:27:00,ST006,PRD0318,CUST0111,1,9023.94,Online,Physical Store
TXN003877,2025-03-23 11:53:00,ST005,PRD0333,CUST0078,2,6748.68,Mobile Wallet,Physical Store
TXN003878,2025-07-15 11:14:00,ST003,PRD0011,CUST0339,2,12715.64,Mobile Wallet,Physical Store
TXN003879,2025-06-30 12:00:00,ST005,PRD0126,CUST0061,4,8272.6,Cash,Physical Store
TXN003880,2025-06-30 12:51:00,ST002,PRD0031,CUST0369,4,5505.62,Card,Physical Store
TXN003881,2025-01-14 09:09:00,ST001,PRD0322,CUST0732,2,1196.67,Online,Physical Store
TXN003882,2025-01-03 08:18:00,ST006,PRD0066,CUST0411,1,13064.65,Card,Physical Store
TXN003883,2025-12-25 08:48:00,ST003,PRD0197,CUST0259,1,13667.49,Cash,Physical Store
TXN003884,2025-12-21 08:36:00,ST003,PRD0122,CUST0115,3,5139.97,Online,Physical Store
TXN003885,2025-12-29 15:13:00,ST004,PRD0265,CUST0736,4,10997.21,Mobile Wallet,Physical Store
TXN003886,2025-04-15 17:51:00,ST006,PRD0270,CUST0308,3,18277.44,Online,Physical Store
TXN003887,2025-11-23 18:20:00,ST001,PRD0122,CUST0215,3,5139.97,Card,Physical Store
TXN003888,2025-09-06 10:55:00,ST003,PRD0097,CUST0283,4,7060.13,Card,Physical Store
TXN003889,2025-10-28 13:55:00,ST002,PRD0051,CUST1034,3,10472.7,Online,Physical Store
TXN003890,2025-07-06 18:29:00,ST003,PRD0215,CUST0163,3,3497.38,Cash,Physical Store
TXN003891,2025-05-05 08:59:00,ST004,PRD0263,CUST0254,5,3550.61,Online,Physical Store
TXN003892,2025-06-05 12:47:00,ST001,PRD0257,CUST0929,4,13818.08,Online,Physical Store
TXN003893,2025-01-08 21:45:00,ST003,PRD0151,CUST1050,5,17351.7,Cash,Physical Store
TXN003894,2025-06-16 19:01:00,ST003,PRD0262,CUST0279,3,19768.74,Mobile Wallet,Physical Store
TXN003895,2025-12-31 12:02:00,ST004,PRD0122,CUST0681,1,5139.97,Mobile Wallet,Physical Store
TXN003896,2025-11-01 13:22:00,ST003,PRD0181,CUST0431,3,8249.71,Cash,Physical Store
TXN003897,2025-02-01 16:48:00,ST004,PRD0069,CUST0313,4,12214.5,Online,Physical Store
TXN003898,2025-06-03 15:49:00,ST003,PRD0232,CUST1018,4,14516.97,Online,Physical Store
TXN003899,2025-10-22 21:11:00,ST002,PRD0190,CUST0582,1,5190.85,Card,Physical Store
TXN003900,2025-09-21 15:09:00,ST005,PRD0148,CUST0509,4,2911.86,Mobile Wallet,Physical Store
TXN003901,2025-11-12 08:01:00,ST003,PRD0253,CUST0128,3,17101.61,Online,Physical Store
TXN003902,2025-11-04 12:35:00,ST003,PRD0159,CUST0853,4,2977.17,Cash,Physical Store
TXN003903,2025-08-12 14:08:00,ST006,PRD0102,CUST0699,4,18335.61,Mobile Wallet,Physical Store
TXN003904,2025-03-02 10:21:00,ST001,PRD0187,CUST0453,3,17512.81,Card,Physical Store
TXN003905,2025-08-19 14:28:00,ST003,PRD0135,CUST0043,4,310.8,Cash,Physical Store
TXN003906,2025-03-21 20:09:00,ST004,PRD0252,CUST0303,4,6953.84,Online,Physical Store
TXN003907,2025-04-12 20:04:00,ST006,PRD0145,CUST0754,1,10608.78,Card,Physical Store
TXN003908,2025-05-22 09:31:00,ST003,PRD0327,CUST0102,1,8268.43,Online,Physical Store
TXN003909,2025-07-06 13:35:00,ST003,PRD0124,CUST0594,3,2894.98,Online,Physical Store
TXN003910,2025-07-06 14:51:00,ST005,PRD0096,CUST0252,4,5240.02,Card,Physical Store
TXN003911,2025-04-15 13:50:00,ST005,PRD0248,CUST0850,4,7269.43,Cash,Physical Store
TXN003912,2025-10-14 21:50:00,ST003,PRD0314,CUST0730,1,14001.37,Cash,Physical Store
TXN003913,2025-01-16 16:26:00,ST001,PRD0027,CUST0602,2,3678.01,Mobile Wallet,Physical Store
TXN003914,2025-02-15 13:58:00,ST003,PRD0169,CUST0966,5,10615.75,Card,Physical Store
TXN003915,2025-02-17 18:45:00,ST002,PRD0297,CUST0936,5,14685.23,Card,Physical Store
TXN003916,2025-07-20 16:24:00,ST006,PRD0024,CUST0497,1,13723.71,Mobile Wallet,Physical Store
TXN003917,2025-01-19 16:36:00,ST003,PRD0266,CUST1037,5,8348.44,Cash,Physical Store
TXN003918,2025-02-15 08:23:00,ST001,PRD0191,CUST0404,5,9077.42,Cash,Physical Store
TXN003919,2025-02-25 13:53:00,ST002,PRD0105,CUST0355,1,3477.95,Mobile Wallet,Physical Store
TXN003920,2025-05-26 08:02:00,ST006,PRD0313,CUST0389,2,11708.67,Card,Physical Store
TXN003921,2025-10-20 14:15:00,ST001,PRD0256,CUST0088,2,2281.57,Card,Physical Store
TXN003922,2025-10-06 16:40:00,ST005,PRD0230,CUST0348,1,17471.77,Card,Physical Store
TXN003923,2025-09-28 12:18:00,ST004,PRD0231,CUST0204,4,17703.38,Mobile Wallet,Physical Store
TXN003924,2025-07-26 11:47:00,ST005,PRD0140,CUST0277,1,12592.3,Card,Physical Store
TXN003925,2025-06-03 16:44:00,ST002,PRD0048,CUST0381,3,3322.36,Mobile Wallet,Physical Store
TXN003926,2025-08-11 12:30:00,ST003,PRD0143,CUST0305,4,7468.23,Online,Physical Store
TXN003927,2025-01-16 12:29:00,ST004,PRD0332,CUST0398,2,7226.95,Mobile Wallet,Physical Store
TXN003928,2025-07-28 11:28:00,ST001,PRD0305,CUST0671,5,1169.36,Mobile Wallet,Physical Store
TXN003929,2025-08-16 21:54:00,ST005,PRD0155,CUST0559,5,15377.25,Card,Physical Store
TXN003930,2025-06-09 14:33:00,ST003,PRD0229,CUST0181,3,22339.45,Mobile Wallet,Physical Store
TXN003931,2025-11-09 11:50:00,ST001,PRD0292,CUST0686,2,7767.01,Online,Physical Store
TXN003932,2025-06-19 20:27:00,ST002,PRD0207,CUST0637,2,10872.38,Online,Physical Store
TXN003933,2025-01-06 10:40:00,ST005,PRD0194,CUST0023,5,16959.55,Mobile Wallet,Physical Store
TXN003934,2025-05-18 20:37:00,ST006,PRD0199,CUST0800,4,10404.09,Cash,Physical Store
TXN003935,2025-03-04 18:34:00,ST002,PRD0094,CUST0285,5,19664.63,Card,Physical Store
TXN003936,2025-12-07 20:41:00,ST004,PRD0323,CUST0280,3,14720.06,Mobile Wallet,Physical Store
TXN003937,2025-03-12 10:57:00,ST002,PRD0027,CUST0464,4,3678.01,Card,Physical Store
TXN003938,2025-09-06 19:35:00,ST006,PRD0139,CUST0110,4,3538.08,Cash,Physical Store
TXN003939,2025-04-15 16:26:00,ST003,PRD0252,CUST0617,5,6953.84,Mobile Wallet,Physical Store
TXN003940,2025-09-14 11:03:00,ST005,PRD0136,CUST0676,3,12055.78,Mobile Wallet,Physical Store
TXN003941,2025-12-18 20:58:00,ST006,PRD0167,CUST0921,4,474.16,Online,Physical Store
TXN003942,2025-08-24 16:24:00,ST003,PRD0288,CUST0005,1,2165.9,Online,Physical Store
TXN003943,2025-02-04 21:47:00,ST006,PRD0068,CUST0811,4,12827.93,Mobile Wallet,Physical Store
TXN003944,2025-05-14 18:16:00,ST004,PRD0309,CUST0541,2,20175.41,Card,Physical Store
TXN003945,2025-03-26 15:02:00,ST003,PRD0189,CUST0842,1,11978.82,Mobile Wallet,Physical Store
TXN003946,2025-07-01 11:56:00,ST001,PRD0129,CUST0519,2,13492.02,Cash,Physical Store
TXN003947,2025-05-30 10:05:00,ST003,PRD0262,CUST0884,4,19768.74,Mobile Wallet,Physical Store
TXN003948,2025-02-21 21:23:00,ST003,PRD0071,CUST0104,2,3015.69,Cash,Physical Store
TXN003949,2025-11-20 17:05:00,ST003,PRD0293,CUST0712,1,17487.15,Mobile Wallet,Physical Store
TXN003950,2025-07-11 18:06:00,ST005,PRD0121,CUST0459,3,11401.01,Online,Physical Store
TXN003951,2025-01-26 16:05:00,ST002,PRD0321,CUST0539,2,11771.0,Card,Physical Store
TXN003952,2025-12-30 17:32:00,ST006,PRD0244,CUST0867,4,14144.2,Card,Physical Store
TXN003953,2025-04-06 21:31:00,ST002,PRD0303,CUST0098,3,11893.96,Card,Physical Store
TXN003954,2025-04-15 16:06:00,ST006,PRD0001,CUST0824,1,11200.87,Cash,Physical Store
TXN003955,2025-09-09 08:02:00,ST005,PRD0187,CUST0310,2,17512.81,Cash,Physical Store
TXN003956,2025-09-28 12:22:00,ST004,PRD0236,CUST0606,5,16144.93,Online,Physical Store
TXN003957,2025-11-13 17:01:00,ST001,PRD0171,CUST0272,4,13173.5,Card,Physical Store
TXN003958,2025-06-29 17:39:00,ST003,PRD0220,CUST0196,1,11025.69,Card,Physical Store
TXN003959,2025-06-12 16:52:00,ST001,PRD0100,CUST0092,3,12867.68,Mobile Wallet,Physical Store
TXN003960,2025-09-03 19:57:00,ST001,PRD0188,CUST0253,2,10116.21,Mobile Wallet,Physical Store
TXN003961,2025-02-09 08:38:00,ST004,PRD0079,CUST0287,1,6321.36,Mobile Wallet,Physical Store
TXN003962,2025-05-28 13:51:00,ST003,PRD0103,CUST0942,1,9758.61,Mobile Wallet,Physical Store
TXN003963,2025-05-03 21:09:00,ST001,PRD0023,CUST0581,2,5149.18,Card,Physical Store
TXN003964,2025-08-16 12:15:00,ST004,PRD0045,CUST0368,4,1726.89,Mobile Wallet,Physical Store
TXN003965,2025-06-29 14:54:00,ST002,PRD0023,CUST0360,2,5149.18,Mobile Wallet,Physical Store
TXN003966,2025-02-14 14:22:00,ST004,PRD0174,CUST1045,1,14032.47,Card,Physical Store
TXN003967,2025-05-09 15:20:00,ST004,PRD0170,CUST0693,2,1914.37,Mobile Wallet,Physical Store
TXN003968,2025-03-13 08:43:00,ST006,PRD0124,CUST0830,4,2894.98,Cash,Physical Store
TXN003969,2025-03-15 15:46:00,ST001,PRD0161,CUST0231,1,9788.18,Online,Physical Store
TXN003970,2025-12-17 14:35:00,ST005,PRD0250,CUST0086,4,2291.41,Cash,Physical Store
TXN003971,2025-06-13 15:04:00,ST006,PRD0037,CUST0365,1,4663.44,Cash,Physical Store
TXN003972,2025-07-16 15:55:00,ST002,PRD0307,CUST0415,2,11194.39,Online,Physical Store
TXN003973,2025-04-07 17:51:00,ST006,PRD0118,CUST0474,1,21036.15,Online,Physical Store
TXN003974,2025-05-20 16:18:00,ST004,PRD0299,CUST0655,1,8975.12,Online,Physical Store
TXN003975,2025-08-31 21:03:00,ST002,PRD0227,CUST0608,2,17168.54,Cash,Physical Store
TXN003976,2025-12-28 16:14:00,ST002,PRD0017,CUST0303,3,13431.35,Mobile Wallet,Physical Store
TXN003977,2025-12-16 12:26:00,ST006,PRD0271,CUST0685,3,2468.45,Cash,Physical Store
TXN003978,2025-10-21 08:09:00,ST006,PRD0018,CUST0624,1,21346.27,Cash,Physical Store
TXN003979,2025-06-15 19:19:00,ST003,PRD0279,CUST1034,1,1882.31,Cash,Physical Store
TXN003980,2025-01-26 17:14:00,ST003,PRD0098,CUST0583,4,620.21,Card,Physical Store
TXN003981,2025-04-25 14:12:00,ST004,PRD0122,CUST0014,3,5139.97,Online,Physical Store
TXN003982,2025-12-25 12:12:00,ST005,PRD0239,CUST0109,1,12672.74,Online,Physical Store
TXN003983,2025-03-03 14:49:00,ST004,PRD0135,CUST0478,4,310.8,Cash,Physical Store
TXN003984,2025-11-24 18:09:00,ST006,PRD0050,CUST0948,1,2136.14,Online,Physical Store
TXN003985,2025-08-14 08:07:00,ST002,PRD0095,CUST0699,5,14194.94,Card,Physical Store
TXN003986,2025-04-19 18:52:00,ST004,PRD0290,CUST0964,1,1192.9,Online,Physical Store
TXN003987,2025-07-14 16:06:00,ST004,PRD0233,CUST0776,5,11296.41,Online,Physical Store
TXN003988,2025-01-19 13:38:00,ST006,PRD0049,CUST1011,2,17860.23,Card,Physical Store
TXN003989,2025-01-16 20:44:00,ST006,PRD0036,CUST0118,3,5751.78,Online,Physical Store
TXN003990,2025-10-29 09:49:00,ST006,PRD0194,CUST0388,2,16959.55,Cash,Physical Store
TXN003991,2025-09-07 17:13:00,ST001,PRD0193,CUST0589,4,15266.12,Online,Physical Store
TXN003992,2025-06-03 08:24:00,ST002,PRD0180,CUST0607,3,18463.04,Online,Physical Store
TXN003993,2025-10-20 11:59:00,ST006,PRD0189,CUST0957,1,11978.82,Mobile Wallet,Physical Store
TXN003994,2025-07-15 21:23:00,ST002,PRD0004,CUST0535,4,8894.11,Cash,Physical Store
TXN003995,2025-08-29 16:56:00,ST002,PRD0332,CUST0657,4,7226.95,Card,Physical Store
TXN003996,2025-08-19 09:37:00,ST002,PRD0082,CUST0842,1,20809.35,Mobile Wallet,Physical Store
TXN003997,2025-02-03 09:35:00,ST006,PRD0224,CUST1050,1,9276.41,Cash,Physical Store
TXN003998,2025-01-14 17:56:00,ST005,PRD0113,CUST0893,1,5925.51,Cash,Physical Store
TXN003999,2025-10-29 12:54:00,ST001,PRD0293,CUST0008,5,17487.15,Mobile Wallet,Physical Store
TXN004000,2025-01-26 08:55:00,ST006,PRD0101,CUST0279,4,2955.72,Mobile Wallet,Physical Store
TXN004001,2025-12-08 10:33:00,ST004,PRD0013,CUST0706,5,22686.55,Mobile Wallet,Physical Store
TXN004002,2025-09-09 21:31:00,ST006,PRD0026,CUST0174,3,17486.51,Mobile Wallet,Physical Store
TXN004003,2025-03-10 19:24:00,ST001,PRD0260,CUST0266,1,9674.14,Online,Physical Store
TXN004004,2025-08-07 18:41:00,ST004,PRD0308,CUST0822,3,8374.13,Cash,Physical Store
TXN004005,2025-09-09 15:12:00,ST003,PRD0326,CUST0652,5,8972.53,Mobile Wallet,Physical Store
TXN004006,2025-12-23 20:36:00,ST001,PRD0058,CUST0343,2,9174.14,Online,Physical Store
TXN004007,2025-03-03 11:23:00,ST006,PRD0206,CUST0492,5,2082.08,Mobile Wallet,Physical Store
TXN004008,2025-05-25 19:33:00,ST001,PRD0313,CUST0358,3,11708.67,Cash,Physical Store
TXN004009,2025-09-11 13:06:00,ST006,PRD0218,CUST0957,3,17938.6,Mobile Wallet,Physical Store
TXN004010,2025-11-24 15:12:00,ST002,PRD0186,CUST0248,5,12858.14,Cash,Physical Store
TXN004011,2025-09-08 19:31:00,ST003,PRD0135,CUST1044,4,310.8,Mobile Wallet,Physical Store
TXN004012,2025-08-19 17:15:00,ST003,PRD0192,CUST0683,5,812.19,Card,Physical Store
TXN004013,2025-10-02 11:23:00,ST002,PRD0198,CUST0962,1,2914.92,Online,Physical Store
TXN004014,2025-03-16 20:02:00,ST006,PRD0042,CUST0410,1,21532.78,Mobile Wallet,Physical Store
TXN004015,2025-05-11 14:40:00,ST004,PRD0296,CUST0253,2,10919.63,Mobile Wallet,Physical Store
TXN004016,2025-02-27 17:05:00,ST005,PRD0292,CUST0861,5,7767.01,Card,Physical Store
TXN004017,2025-04-18 13:15:00,ST002,PRD0020,CUST0436,1,18682.24,Mobile Wallet,Physical Store
TXN004018,2025-10-13 11:02:00,ST002,PRD0165,CUST0806,5,15750.95,Mobile Wallet,Physical Store
TXN004019,2025-07-11 11:15:00,ST004,PRD0169,CUST0679,2,10615.75,Card,Physical Store
TXN004020,2025-01-28 10:38:00,ST004,PRD0142,CUST1006,3,1184.22,Cash,Physical Store
TXN004021,2025-02-28 10:35:00,ST006,PRD0081,CUST0826,5,15889.25,Card,Physical Store
TXN004022,2025-05-29 19:23:00,ST005,PRD0063,CUST0926,2,13040.87,Card,Physical Store
TXN004023,2025-03-07 10:37:00,ST006,PRD0114,CUST0170,4,9757.31,Mobile Wallet,Physical Store
TXN004024,2025-09-19 14:21:00,ST006,PRD0005,CUST0501,5,13674.28,Online,Physical Store
TXN004025,2025-12-18 19:51:00,ST003,PRD0225,CUST0765,1,15148.9,Online,Physical Store
TXN004026,2025-09-04 19:42:00,ST001,PRD0254,CUST0989,5,11992.71,Mobile Wallet,Physical Store
TXN004027,2025-06-03 11:04:00,ST003,PRD0065,CUST0617,2,17099.96,Online,Physical Store
TXN004028,2025-04-16 13:15:00,ST006,PRD0258,CUST0157,1,3276.89,Online,Physical Store
TXN004029,2025-09-11 13:02:00,ST002,PRD0301,CUST0289,4,16353.38,Cash,Physical Store
TXN004030,2025-11-13 12:32:00,ST005,PRD0018,CUST0386,4,21346.27,Online,Physical Store
TXN004031,2025-08-19 18:22:00,ST003,PRD0214,CUST0382,5,829.59,Card,Physical Store
TXN004032,2025-04-13 17:06:00,ST001,PRD0209,CUST0774,4,2802.76,Online,Physical Store
TXN004033,2025-06-16 08:25:00,ST005,PRD0294,CUST0558,2,2896.16,Online,Physical Store
TXN004034,2025-05-17 20:06:00,ST003,PRD0031,CUST0139,1,5505.62,Card,Physical Store
TXN004035,2025-09-07 20:47:00,ST005,PRD0304,CUST0971,3,2572.59,Card,Physical Store
TXN004036,2025-06-28 12:53:00,ST001,PRD0300,CUST0308,1,6059.15,Cash,Physical Store
TXN004037,2025-09-26 20:04:00,ST005,PRD0259,CUST0852,5,7839.33,Cash,Physical Store
TXN004038,2025-04-20 10:48:00,ST004,PRD0322,CUST0503,3,1196.67,Online,Physical Store
TXN004039,2025-04-18 16:19:00,ST001,PRD0258,CUST0159,1,3276.89,Online,Physical Store
TXN004040,2025-09-13 08:54:00,ST003,PRD0097,CUST0614,4,7060.13,Mobile Wallet,Physical Store
TXN004041,2025-01-28 18:05:00,ST004,PRD0211,CUST0587,2,11225.27,Card,Physical Store
TXN004042,2025-06-04 21:21:00,ST002,PRD0166,CUST0582,4,15634.98,Cash,Physical Store
TXN004043,2025-04-02 09:53:00,ST004,PRD0119,CUST0700,3,9036.76,Card,Physical Store
TXN004044,2025-03-15 18:15:00,ST004,PRD0292,CUST0583,1,7767.01,Cash,Physical Store
TXN004045,2025-08-16 11:42:00,ST004,PRD0152,CUST0470,3,13560.83,Mobile Wallet,Physical Store
TXN004046,2025-02-01 20:39:00,ST006,PRD0175,CUST0531,4,4600.64,Cash,Physical Store
TXN004047,2025-12-05 08:26:00,ST005,PRD0026,CUST0512,5,17486.51,Cash,Physical Store
TXN004048,2025-01-27 15:36:00,ST002,PRD0184,CUST0222,4,3319.57,Online,Physical Store
TXN004049,2025-03-10 09:16:00,ST001,PRD0324,CUST0175,2,10127.07,Card,Physical Store
TXN004050,2025-03-26 12:40:00,ST004,PRD0055,CUST0999,3,18651.16,Cash,Physical Store
TXN004051,2025-07-16 16:02:00,ST003,PRD0311,CUST0692,4,4148.18,Cash,Physical Store
TXN004052,2025-09-28 19:58:00,ST002,PRD0172,CUST0553,1,20895.21,Card,Physical Store
TXN004053,2025-12-12 11:27:00,ST002,PRD0201,CUST0737,1,4607.12,Online,Physical Store
TXN004054,2025-11-02 20:58:00,ST006,PRD0035,CUST0674,4,12242.79,Online,Physical Store
TXN004055,2025-10-10 09:28:00,ST006,PRD0332,CUST0203,3,7226.95,Mobile Wallet,Physical Store
TXN004056,2025-10-08 10:36:00,ST006,PRD0031,CUST0675,2,5505.62,Online,Physical Store
TXN004057,2025-10-31 10:10:00,ST006,PRD0044,CUST0238,1,646.96,Online,Physical Store
TXN004058,2025-03-23 17:37:00,ST001,PRD0312,CUST0554,5,6604.88,Online,Physical Store
TXN004059,2025-02-26 12:00:00,ST003,PRD0044,CUST0444,5,646.96,Mobile Wallet,Physical Store
TXN004060,2025-10-23 17:12:00,ST002,PRD0298,CUST0248,3,8588.83,Mobile Wallet,Physical Store
TXN004061,2025-06-14 10:00:00,ST001,PRD0062,CUST0333,1,3706.43,Mobile Wallet,Physical Store
TXN004062,2025-06-04 08:09:00,ST006,PRD0027,CUST1037,3,3678.01,Online,Physical Store
TXN004063,2025-08-12 17:32:00,ST003,PRD0263,CUST0801,4,3550.61,Online,Physical Store
TXN004064,2025-10-06 09:44:00,ST002,PRD0278,CUST0301,4,7489.54,Cash,Physical Store
TXN004065,2025-05-07 18:24:00,ST001,PRD0235,CUST0670,5,17055.79,Mobile Wallet,Physical Store
TXN004066,2025-06-09 12:44:00,ST002,PRD0328,CUST0254,3,8691.06,Card,Physical Store
TXN004067,2025-02-28 16:41:00,ST002,PRD0014,CUST0195,1,6143.33,Cash,Physical Store
TXN004068,2025-09-22 13:56:00,ST003,PRD0071,CUST0446,1,3015.69,Mobile Wallet,Physical Store
TXN004069,2025-10-01 20:10:00,ST005,PRD0121,CUST0594,2,11401.01,Online,Physical Store
TXN004070,2025-01-07 19:08:00,ST002,PRD0076,CUST0516,4,3801.59,Mobile Wallet,Physical Store
TXN004071,2025-09-02 21:05:00,ST001,PRD0323,CUST0498,2,14720.06,Card,Physical Store
TXN004072,2025-06-10 11:59:00,ST005,PRD0130,CUST0326,2,15909.47,Mobile Wallet,Physical Store
TXN004073,2025-08-14 20:02:00,ST001,PRD0230,CUST0971,4,17471.77,Online,Physical Store
TXN004074,2025-03-10 17:58:00,ST006,PRD0102,CUST1011,4,18335.61,Mobile Wallet,Physical Store
TXN004075,2025-08-29 12:03:00,ST002,PRD0277,CUST1023,4,8719.93,Cash,Physical Store
TXN004076,2025-01-21 15:41:00,ST006,PRD0174,CUST0366,3,14032.47,Cash,Physical Store
TXN004077,2025-01-11 11:53:00,ST001,PRD0112,CUST0074,3,11463.12,Cash,Physical Store
TXN004078,2025-12-19 18:52:00,ST003,PRD0307,CUST1010,2,11194.39,Mobile Wallet,Physical Store
TXN004079,2025-03-12 13:17:00,ST003,PRD0094,CUST0886,3,19664.63,Cash,Physical Store
TXN004080,2025-08-12 19:51:00,ST002,PRD0273,CUST0425,5,13625.49,Mobile Wallet,Physical Store
TXN004081,2025-08-11 20:46:00,ST002,PRD0120,CUST0654,2,14398.39,Cash,Physical Store
TXN004082,2025-10-10 10:50:00,ST006,PRD0262,CUST0391,4,19768.74,Card,Physical Store
TXN004083,2025-12-10 18:10:00,ST001,PRD0236,CUST0874,5,16144.93,Mobile Wallet,Physical Store
TXN004084,2025-01-21 12:11:00,ST004,PRD0334,CUST0476,3,9286.96,Card,Physical Store
TXN004085,2025-02-10 16:39:00,ST002,PRD0309,CUST0753,5,20175.41,Cash,Physical Store
TXN004086,2025-02-11 19:27:00,ST006,PRD0297,CUST0384,1,14685.23,Card,Physical Store
TXN004087,2025-06-13 11:19:00,ST001,PRD0240,CUST0117,3,5346.51,Mobile Wallet,Physical Store
TXN004088,2025-12-02 08:31:00,ST006,PRD0246,CUST0768,1,437.82,Online,Physical Store
TXN004089,2025-10-17 12:42:00,ST003,PRD0296,CUST0819,2,10919.63,Mobile Wallet,Physical Store
TXN004090,2025-07-13 16:26:00,ST002,PRD0213,CUST0257,1,2681.49,Cash,Physical Store
TXN004091,2025-06-16 17:22:00,ST003,PRD0038,CUST0527,5,16717.88,Online,Physical Store
TXN004092,2025-05-23 19:10:00,ST003,PRD0084,CUST0760,5,16667.34,Online,Physical Store
TXN004093,2025-02-21 11:52:00,ST005,PRD0097,CUST0071,3,7060.13,Cash,Physical Store
TXN004094,2025-06-29 12:06:00,ST006,PRD0298,CUST0847,2,8588.83,Online,Physical Store
TXN004095,2025-02-26 19:45:00,ST004,PRD0051,CUST0054,5,10472.7,Mobile Wallet,Physical Store
TXN004096,2025-06-08 13:06:00,ST004,PRD0118,CUST0879,2,21036.15,Online,Physical Store
TXN004097,2025-11-06 08:54:00,ST001,PRD0172,CUST0063,3,20895.21,Mobile Wallet,Physical Store
TXN004098,2025-05-02 15:56:00,ST003,PRD0073,CUST0289,2,13155.27,Card,Physical Store
TXN004099,2025-08-03 21:44:00,ST001,PRD0250,CUST1029,4,2291.41,Card,Physical Store
TXN004100,2025-12-14 10:13:00,ST005,PRD0325,CUST0230,2,10102.17,Cash,Physical Store
TXN004101,2025-08-14 09:56:00,ST003,PRD0270,CUST0472,3,18277.44,Mobile Wallet,Physical Store
TXN004102,2025-12-16 21:47:00,ST001,PRD0164,CUST0285,1,12166.75,Card,Physical Store
TXN004103,2025-08-14 19:20:00,ST004,PRD0298,CUST0867,2,8588.83,Card,Physical Store
TXN004104,2025-02-06 09:19:00,ST001,PRD0311,CUST0422,2,4148.18,Cash,Physical Store
TXN004105,2025-10-01 16:25:00,ST004,PRD0083,CUST0494,1,8207.95,Online,Physical Store
TXN004106,2025-10-25 12:43:00,ST005,PRD0014,CUST0055,2,6143.33,Cash,Physical Store
TXN004107,2025-09-18 20:01:00,ST005,PRD0125,CUST0856,3,13628.37,Online,Physical Store
TXN004108,2025-02-17 18:02:00,ST005,PRD0023,CUST0265,1,5149.18,Card,Physical Store
TXN004109,2025-06-05 09:45:00,ST001,PRD0130,CUST0049,5,15909.47,Mobile Wallet,Physical Store
TXN004110,2025-01-24 10:33:00,ST004,PRD0135,CUST0866,1,310.8,Mobile Wallet,Physical Store
TXN004111,2025-09-30 15:41:00,ST001,PRD0324,CUST0393,2,10127.07,Online,Physical Store
TXN004112,2025-10-18 17:36:00,ST006,PRD0245,CUST0023,2,8847.6,Card,Physical Store
TXN004113,2025-01-11 12:12:00,ST003,PRD0330,CUST0638,4,17208.76,Card,Physical Store
TXN004114,2025-04-15 12:19:00,ST004,PRD0067,CUST0214,1,2993.21,Online,Physical Store
TXN004115,2025-02-03 21:02:00,ST001,PRD0011,CUST0603,4,12715.64,Cash,Physical Store
TXN004116,2025-01-07 18:18:00,ST002,PRD0057,CUST0409,1,21303.63,Online,Physical Store
TXN004117,2025-07-07 13:47:00,ST001,PRD0234,CUST0622,2,15054.11,Mobile Wallet,Physical Store
TXN004118,2025-03-17 18:43:00,ST003,PRD0066,CUST0476,5,13064.65,Mobile Wallet,Physical Store
TXN004119,2025-12-21 15:08:00,ST001,PRD0044,CUST1002,4,646.96,Mobile Wallet,Physical Store
TXN004120,2025-10-11 21:52:00,ST004,PRD0233,CUST1006,4,11296.41,Mobile Wallet,Physical Store
TXN004121,2025-07-09 21:04:00,ST004,PRD0112,CUST1025,4,11463.12,Cash,Physical Store
TXN004122,2025-03-07 20:13:00,ST005,PRD0311,CUST0173,5,4148.18,Card,Physical Store
TXN004123,2025-11-11 15:41:00,ST003,PRD0326,CUST0330,1,8972.53,Mobile Wallet,Physical Store
TXN004124,2025-04-26 08:17:00,ST003,PRD0185,CUST0240,5,17940.87,Online,Physical Store
TXN004125,2025-06-24 19:32:00,ST006,PRD0210,CUST1045,1,17734.18,Mobile Wallet,Physical Store
TXN004126,2025-04-25 12:07:00,ST005,PRD0276,CUST0063,4,21897.23,Mobile Wallet,Physical Store
TXN004127,2025-06-09 19:43:00,ST003,PRD0021,CUST0508,1,1768.36,Mobile Wallet,Physical Store
TXN004128,2025-06-13 16:21:00,ST001,PRD0318,CUST0395,5,9023.94,Online,Physical Store
TXN004129,2025-05-03 18:25:00,ST003,PRD0072,CUST0068,3,21910.16,Online,Physical Store
TXN004130,2025-11-04 11:49:00,ST001,PRD0121,CUST0375,4,11401.01,Online,Physical Store
TXN004131,2025-05-09 08:26:00,ST004,PRD0117,CUST0644,4,14750.74,Cash,Physical Store
TXN004132,2025-03-13 08:47:00,ST002,PRD0240,CUST0153,3,5346.51,Mobile Wallet,Physical Store
TXN004133,2025-10-14 18:17:00,ST003,PRD0096,CUST0113,3,5240.02,Online,Physical Store
TXN004134,2025-06-22 20:14:00,ST001,PRD0164,CUST0547,3,12166.75,Mobile Wallet,Physical Store
TXN004135,2025-09-22 19:37:00,ST006,PRD0212,CUST0934,4,7877.4,Card,Physical Store
TXN004136,2025-11-26 19:57:00,ST006,PRD0070,CUST0217,1,13037.06,Cash,Physical Store
TXN004137,2025-08-22 20:08:00,ST005,PRD0005,CUST0568,1,13674.28,Online,Physical Store
TXN004138,2025-09-11 20:04:00,ST004,PRD0064,CUST0356,3,1220.74,Cash,Physical Store
TXN004139,2025-12-19 15:23:00,ST001,PRD0252,CUST0032,3,6953.84,Cash,Physical Store
TXN004140,2025-12-22 12:35:00,ST001,PRD0219,CUST0838,4,19961.51,Mobile Wallet,Physical Store
TXN004141,2025-05-12 12:09:00,ST003,PRD0222,CUST0259,3,19331.27,Mobile Wallet,Physical Store
TXN004142,2025-01-31 19:16:00,ST001,PRD0289,CUST0849,4,9318.7,Cash,Physical Store
TXN004143,2025-01-09 09:32:00,ST002,PRD0238,CUST0955,1,15120.33,Card,Physical Store
TXN004144,2025-03-22 13:29:00,ST002,PRD0025,CUST0585,3,5447.28,Cash,Physical Store
TXN004145,2025-08-26 11:08:00,ST005,PRD0158,CUST0771,4,20704.01,Mobile Wallet,Physical Store
TXN004146,2025-12-03 12:38:00,ST003,PRD0031,CUST0438,1,5505.62,Card,Physical Store
TXN004147,2025-09-20 09:51:00,ST005,PRD0238,CUST0906,5,15120.33,Card,Physical Store
TXN004148,2025-05-14 14:53:00,ST004,PRD0294,CUST0330,3,2896.16,Cash,Physical Store
TXN004149,2025-05-25 21:33:00,ST001,PRD0063,CUST0216,2,13040.87,Cash,Physical Store
TXN004150,2025-09-19 14:49:00,ST002,PRD0148,CUST0502,2,2911.86,Cash,Physical Store
TXN004151,2025-05-16 13:44:00,ST005,PRD0195,CUST0762,1,2320.2,Cash,Physical Store
TXN004152,2025-03-27 15:23:00,ST001,PRD0305,CUST0166,4,1169.36,Cash,Physical Store
TXN004153,2025-05-06 12:15:00,ST006,PRD0236,CUST0555,2,16144.93,Card,Physical Store
TXN004154,2025-07-01 14:51:00,ST006,PRD0241,CUST0607,1,5942.64,Online,Physical Store
TXN004155,2025-04-18 14:08:00,ST002,PRD0162,CUST0188,2,19501.87,Cash,Physical Store
TXN004156,2025-02-07 21:21:00,ST001,PRD0133,CUST0224,1,1638.63,Cash,Physical Store
TXN004157,2025-11-24 10:01:00,ST001,PRD0195,CUST0024,4,2320.2,Card,Physical Store
TXN004158,2025-07-25 18:37:00,ST003,PRD0105,CUST0109,1,3477.95,Card,Physical Store
TXN004159,2025-04-01 09:43:00,ST006,PRD0159,CUST0543,2,2977.17,Mobile Wallet,Physical Store
TXN004160,2025-08-13 18:15:00,ST003,PRD0188,CUST0410,5,10116.21,Card,Physical Store
TXN004161,2025-06-11 20:27:00,ST001,PRD0062,CUST0254,4,3706.43,Online,Physical Store
TXN004162,2025-12-09 20:39:00,ST006,PRD0293,CUST0638,3,17487.15,Card,Physical Store
TXN004163,2025-07-31 20:44:00,ST003,PRD0044,CUST0564,3,646.96,Card,Physical Store
TXN004164,2025-08-13 20:49:00,ST005,PRD0163,CUST0316,4,16681.73,Card,Physical Store
TXN004165,2025-11-25 17:23:00,ST005,PRD0031,CUST0219,3,5505.62,Online,Physical Store
TXN004166,2025-01-17 10:51:00,ST003,PRD0099,CUST0274,2,20583.54,Online,Physical Store
TXN004167,2025-10-31 11:52:00,ST006,PRD0179,CUST1047,1,20362.49,Card,Physical Store
TXN004168,2025-12-09 19:59:00,ST005,PRD0322,CUST0683,2,1196.67,Cash,Physical Store
TXN004169,2025-06-22 08:59:00,ST004,PRD0254,CUST0648,1,11992.71,Cash,Physical Store
TXN004170,2025-10-27 18:56:00,ST003,PRD0323,CUST0924,2,14720.06,Online,Physical Store
TXN004171,2025-05-31 10:22:00,ST004,PRD0093,CUST0575,4,4406.01,Mobile Wallet,Physical Store
TXN004172,2025-09-05 12:18:00,ST005,PRD0141,CUST0800,3,11741.07,Card,Physical Store
TXN004173,2025-01-18 12:27:00,ST004,PRD0145,CUST0109,1,10608.78,Cash,Physical Store
TXN004174,2025-07-17 17:34:00,ST003,PRD0262,CUST0278,4,19768.74,Mobile Wallet,Physical Store
TXN004175,2025-03-06 19:42:00,ST002,PRD0235,CUST0746,3,17055.79,Mobile Wallet,Physical Store
TXN004176,2025-08-25 17:14:00,ST006,PRD0288,CUST0721,3,2165.9,Mobile Wallet,Physical Store
TXN004177,2025-01-11 17:06:00,ST003,PRD0072,CUST0249,1,21910.16,Cash,Physical Store
TXN004178,2025-08-28 10:55:00,ST006,PRD0185,CUST0519,3,17940.87,Card,Physical Store
TXN004179,2025-11-05 14:02:00,ST005,PRD0048,CUST0890,1,3322.36,Card,Physical Store
TXN004180,2025-03-14 21:40:00,ST004,PRD0130,CUST0960,1,15909.47,Card,Physical Store
TXN004181,2025-07-23 10:23:00,ST002,PRD0054,CUST0977,3,3904.5,Cash,Physical Store
TXN004182,2025-12-18 14:49:00,ST003,PRD0030,CUST0446,2,19772.8,Cash,Physical Store
TXN004183,2025-11-29 21:14:00,ST006,PRD0300,CUST0609,2,6059.15,Online,Physical Store
TXN004184,2025-05-17 10:29:00,ST006,PRD0286,CUST0733,2,14935.58,Card,Physical Store
TXN004185,2025-08-07 09:50:00,ST004,PRD0256,CUST0542,5,2281.57,Online,Physical Store
TXN004186,2025-06-22 20:19:00,ST003,PRD0310,CUST0726,5,21244.72,Mobile Wallet,Physical Store
TXN004187,2025-09-17 09:11:00,ST004,PRD0230,CUST0396,1,17471.77,Online,Physical Store
TXN004188,2025-12-15 19:55:00,ST005,PRD0074,CUST0900,1,11205.61,Card,Physical Store
TXN004189,2025-03-09 21:09:00,ST002,PRD0144,CUST0049,2,17251.78,Card,Physical Store
TXN004190,2025-07-21 21:42:00,ST001,PRD0067,CUST0975,4,2993.21,Mobile Wallet,Physical Store
TXN004191,2025-07-29 21:17:00,ST003,PRD0016,CUST0567,1,20268.14,Mobile Wallet,Physical Store
TXN004192,2025-06-22 18:23:00,ST005,PRD0051,CUST0166,2,10472.7,Mobile Wallet,Physical Store
TXN004193,2025-04-29 16:05:00,ST001,PRD0063,CUST0033,3,13040.87,Card,Physical Store
TXN004194,2025-12-29 21:51:00,ST004,PRD0068,CUST0332,1,12827.93,Online,Physical Store
TXN004195,2025-12-14 18:21:00,ST005,PRD0301,CUST0731,2,16353.38,Card,Physical Store
TXN004196,2025-08-15 20:59:00,ST003,PRD0216,CUST1005,4,5330.04,Card,Physical Store
TXN004197,2025-04-16 17:13:00,ST002,PRD0163,CUST0543,2,16681.73,Mobile Wallet,Physical Store
TXN004198,2025-04-10 19:50:00,ST002,PRD0069,CUST0903,5,12214.5,Mobile Wallet,Physical Store
TXN004199,2025-10-24 10:05:00,ST001,PRD0177,CUST0246,1,6812.39,Card,Physical Store
TXN004200,2025-07-14 08:31:00,ST003,PRD0226,CUST0339,1,18502.93,Card,Physical Store
TXN004201,2025-11-18 18:16:00,ST006,PRD0268,CUST0790,5,4050.68,Mobile Wallet,Physical Store
TXN004202,2025-06-25 11:55:00,ST003,PRD0255,CUST0140,3,5769.03,Mobile Wallet,Physical Store
TXN004203,2025-05-08 09:01:00,ST005,PRD0183,CUST0372,1,10505.4,Card,Physical Store
TXN004204,2025-02-03 16:29:00,ST003,PRD0114,CUST0063,5,9757.31,Cash,Physical Store
TXN004205,2025-09-01 17:13:00,ST002,PRD0120,CUST0957,4,14398.39,Cash,Physical Store
TXN004206,2025-03-08 17:30:00,ST006,PRD0099,CUST0564,1,20583.54,Online,Physical Store
TXN004207,2025-09-22 13:03:00,ST005,PRD0082,CUST0930,3,20809.35,Cash,Physical Store
TXN004208,2025-09-27 10:26:00,ST005,PRD0279,CUST0038,1,1882.31,Cash,Physical Store
TXN004209,2025-08-30 10:11:00,ST002,PRD0015,CUST0979,1,7026.68,Cash,Physical Store
TXN004210,2025-09-25 17:54:00,ST002,PRD0143,CUST0712,2,7468.23,Online,Physical Store
TXN004211,2025-10-19 14:49:00,ST002,PRD0020,CUST0270,2,18682.24,Cash,Physical Store
TXN004212,2025-06-17 20:39:00,ST001,PRD0320,CUST0952,3,8347.21,Mobile Wallet,Physical Store
TXN004213,2025-07-04 15:50:00,ST002,PRD0318,CUST0061,2,9023.94,Card,Physical Store
TXN004214,2025-01-08 21:59:00,ST001,PRD0283,CUST0117,4,16821.68,Online,Physical Store
TXN004215,2025-02-04 15:21:00,ST001,PRD0007,CUST0347,3,13705.32,Card,Physical Store
TXN004216,2025-01-13 08:28:00,ST006,PRD0263,CUST0867,4,3550.61,Online,Physical Store
TXN004217,2025-09-22 19:50:00,ST006,PRD0249,CUST0665,3,15746.95,Online,Physical Store
TXN004218,2025-01-03 17:21:00,ST003,PRD0295,CUST0199,3,20720.46,Cash,Physical Store
TXN004219,2025-06-01 17:53:00,ST004,PRD0225,CUST0361,2,15148.9,Mobile Wallet,Physical Store
TXN004220,2025-11-15 12:43:00,ST002,PRD0202,CUST0263,4,17402.33,Mobile Wallet,Physical Store
TXN004221,2025-06-23 09:34:00,ST001,PRD0064,CUST0590,2,1220.74,Online,Physical Store
TXN004222,2025-04-26 18:35:00,ST006,PRD0139,CUST0664,1,3538.08,Online,Physical Store
TXN004223,2025-07-25 10:06:00,ST006,PRD0250,CUST0791,3,2291.41,Card,Physical Store
TXN004224,2025-06-01 17:55:00,ST004,PRD0104,CUST0587,1,12631.32,Mobile Wallet,Physical Store
TXN004225,2025-08-18 12:02:00,ST005,PRD0227,CUST0860,5,17168.54,Online,Physical Store
TXN004226,2025-09-30 13:28:00,ST001,PRD0139,CUST0155,1,3538.08,Mobile Wallet,Physical Store
TXN004227,2025-11-27 20:59:00,ST004,PRD0224,CUST0938,2,9276.41,Online,Physical Store
TXN004228,2025-02-16 16:28:00,ST004,PRD0320,CUST0484,5,8347.21,Online,Physical Store
TXN004229,2025-04-21 15:30:00,ST003,PRD0027,CUST0149,2,3678.01,Card,Physical Store
TXN004230,2025-02-26 14:47:00,ST005,PRD0137,CUST0730,5,4588.15,Card,Physical Store
TXN004231,2025-05-13 11:59:00,ST004,PRD0225,CUST0030,3,15148.9,Cash,Physical Store
TXN004232,2025-05-30 08:30:00,ST003,PRD0322,CUST0412,4,1196.67,Cash,Physical Store
TXN004233,2025-09-18 21:28:00,ST002,PRD0192,CUST0807,5,812.19,Mobile Wallet,Physical Store
TXN004234,2025-12-23 17:08:00,ST004,PRD0026,CUST0452,2,17486.51,Card,Physical Store
TXN004235,2025-06-25 20:31:00,ST004,PRD0061,CUST0289,3,15518.33,Mobile Wallet,Physical Store
TXN004236,2025-04-05 09:09:00,ST005,PRD0128,CUST0010,1,9239.11,Online,Physical Store
TXN004237,2025-08-23 18:32:00,ST001,PRD0295,CUST0715,5,20720.46,Online,Physical Store
TXN004238,2025-04-30 10:45:00,ST004,PRD0157,CUST0372,3,19405.25,Mobile Wallet,Physical Store
TXN004239,2025-01-11 08:37:00,ST004,PRD0277,CUST0002,3,8719.93,Card,Physical Store
TXN004240,2025-07-28 18:38:00,ST002,PRD0024,CUST0421,1,13723.71,Online,Physical Store
TXN004241,2025-02-07 21:58:00,ST006,PRD0126,CUST0831,3,8272.6,Card,Physical Store
TXN004242,2025-03-06 17:32:00,ST003,PRD0166,CUST0889,5,15634.98,Mobile Wallet,Physical Store
TXN004243,2025-08-14 21:01:00,ST001,PRD0256,CUST0090,4,2281.57,Cash,Physical Store
TXN004244,2025-09-13 12:24:00,ST002,PRD0051,CUST0570,2,10472.7,Mobile Wallet,Physical Store
TXN004245,2025-01-17 08:50:00,ST003,PRD0143,CUST0163,4,7468.23,Online,Physical Store
TXN004246,2025-04-11 14:35:00,ST002,PRD0225,CUST0169,4,15148.9,Mobile Wallet,Physical Store
TXN004247,2025-08-12 10:55:00,ST006,PRD0041,CUST0733,4,16598.91,Mobile Wallet,Physical Store
TXN004248,2025-06-04 21:00:00,ST005,PRD0167,CUST0523,3,474.16,Mobile Wallet,Physical Store
TXN004249,2025-08-08 09:33:00,ST006,PRD0077,CUST0595,5,22335.09,Mobile Wallet,Physical Store
TXN004250,2025-06-07 09:17:00,ST003,PRD0088,CUST1002,5,2632.29,Card,Physical Store
TXN004251,2025-11-18 09:16:00,ST004,PRD0056,CUST1031,5,13701.85,Card,Physical Store
TXN004252,2025-08-03 11:45:00,ST006,PRD0133,CUST0353,1,1638.63,Card,Physical Store
TXN004253,2025-03-11 11:45:00,ST003,PRD0113,CUST0327,1,5925.51,Cash,Physical Store
TXN004254,2025-01-08 15:44:00,ST006,PRD0063,CUST0434,2,13040.87,Cash,Physical Store
TXN004255,2025-05-29 19:17:00,ST004,PRD0262,CUST0530,3,19768.74,Mobile Wallet,Physical Store
TXN004256,2025-09-05 09:23:00,ST006,PRD0137,CUST0227,4,4588.15,Mobile Wallet,Physical Store
TXN004257,2025-07-19 08:18:00,ST005,PRD0162,CUST0856,5,19501.87,Card,Physical Store
TXN004258,2025-10-23 09:57:00,ST003,PRD0051,CUST0824,3,10472.7,Mobile Wallet,Physical Store
TXN004259,2025-12-01 14:31:00,ST004,PRD0231,CUST0819,3,17703.38,Mobile Wallet,Physical Store
TXN004260,2025-07-17 14:55:00,ST001,PRD0129,CUST0985,4,13492.02,Online,Physical Store
TXN004261,2025-03-06 08:32:00,ST004,PRD0176,CUST0287,5,16060.03,Online,Physical Store
TXN004262,2025-06-18 13:59:00,ST003,PRD0095,CUST0145,4,14194.94,Cash,Physical Store
TXN004263,2025-05-28 17:39:00,ST002,PRD0276,CUST1014,5,21897.23,Mobile Wallet,Physical Store
TXN004264,2025-03-15 15:23:00,ST002,PRD0154,CUST0565,2,13504.25,Cash,Physical Store
TXN004265,2025-08-09 09:43:00,ST004,PRD0284,CUST0741,1,20638.42,Card,Physical Store
TXN004266,2025-11-01 21:34:00,ST004,PRD0240,CUST0476,5,5346.51,Online,Physical Store
TXN004267,2025-01-18 08:24:00,ST004,PRD0246,CUST0287,3,437.82,Mobile Wallet,Physical Store
TXN004268,2025-04-14 17:02:00,ST003,PRD0126,CUST0333,1,8272.6,Card,Physical Store
TXN004269,2025-01-29 11:05:00,ST002,PRD0279,CUST0389,5,1882.31,Card,Physical Store
TXN004270,2025-01-11 09:06:00,ST006,PRD0058,CUST1042,3,9174.14,Cash,Physical Store
TXN004271,2025-07-25 13:16:00,ST005,PRD0257,CUST0663,3,13818.08,Mobile Wallet,Physical Store
TXN004272,2025-06-13 13:08:00,ST005,PRD0149,CUST0729,2,19334.45,Mobile Wallet,Physical Store
TXN004273,2025-02-23 13:04:00,ST005,PRD0142,CUST0395,4,1184.22,Mobile Wallet,Physical Store
TXN004274,2025-05-10 13:29:00,ST001,PRD0268,CUST0433,3,4050.68,Mobile Wallet,Physical Store
TXN004275,2025-10-20 16:12:00,ST006,PRD0333,CUST1028,4,6748.68,Cash,Physical Store
TXN004276,2025-12-03 11:21:00,ST005,PRD0179,CUST0814,4,20362.49,Mobile Wallet,Physical Store
TXN004277,2025-05-07 18:13:00,ST004,PRD0278,CUST0728,5,7489.54,Online,Physical Store
TXN004278,2025-02-04 15:41:00,ST006,PRD0274,CUST0289,3,2220.38,Mobile Wallet,Physical Store
TXN004279,2025-01-24 19:07:00,ST002,PRD0308,CUST0228,4,8374.13,Online,Physical Store
TXN004280,2025-08-06 17:19:00,ST006,PRD0325,CUST0964,4,10102.17,Card,Physical Store
TXN004281,2025-10-31 11:25:00,ST004,PRD0275,CUST0582,2,837.23,Online,Physical Store
TXN004282,2025-03-01 15:37:00,ST004,PRD0235,CUST0392,4,17055.79,Cash,Physical Store
TXN004283,2025-02-16 21:56:00,ST001,PRD0003,CUST0269,4,7463.9,Cash,Physical Store
TXN004284,2025-12-14 20:39:00,ST002,PRD0161,CUST0261,1,9788.18,Mobile Wallet,Physical Store
TXN004285,2025-03-23 09:58:00,ST006,PRD0066,CUST0255,3,13064.65,Cash,Physical Store
TXN004286,2025-10-20 08:40:00,ST002,PRD0141,CUST0721,4,11741.07,Online,Physical Store
TXN004287,2025-05-19 14:44:00,ST001,PRD0094,CUST0309,1,19664.63,Mobile Wallet,Physical Store
TXN004288,2025-06-22 14:26:00,ST002,PRD0112,CUST0483,5,11463.12,Online,Physical Store
TXN004289,2025-01-19 16:09:00,ST004,PRD0148,CUST0387,2,2911.86,Card,Physical Store
TXN004290,2025-06-15 11:43:00,ST001,PRD0276,CUST0188,3,21897.23,Card,Physical Store
TXN004291,2025-01-28 18:31:00,ST005,PRD0161,CUST0642,5,9788.18,Online,Physical Store
TXN004292,2025-02-03 18:17:00,ST003,PRD0082,CUST0126,2,20809.35,Online,Physical Store
TXN004293,2025-04-08 20:22:00,ST003,PRD0026,CUST1000,3,17486.51,Cash,Physical Store
TXN004294,2025-11-04 11:47:00,ST001,PRD0127,CUST0378,5,5043.76,Mobile Wallet,Physical Store
TXN004295,2025-01-13 10:16:00,ST002,PRD0139,CUST0009,3,3538.08,Cash,Physical Store
TXN004296,2025-01-13 17:00:00,ST006,PRD0240,CUST0992,1,5346.51,Card,Physical Store
TXN004297,2025-05-01 18:21:00,ST004,PRD0124,CUST0265,4,2894.98,Card,Physical Store
TXN004298,2025-09-08 14:22:00,ST004,PRD0176,CUST0527,4,16060.03,Cash,Physical Store
TXN004299,2025-08-13 10:28:00,ST003,PRD0183,CUST0975,2,10505.4,Online,Physical Store
TXN004300,2025-06-08 16:59:00,ST001,PRD0055,CUST0591,4,18651.16,Card,Physical Store
TXN004301,2025-07-19 14:27:00,ST005,PRD0055,CUST0696,2,18651.16,Card,Physical Store
TXN004302,2025-10-23 19:55:00,ST004,PRD0066,CUST0546,2,13064.65,Cash,Physical Store
TXN004303,2025-03-13 09:22:00,ST003,PRD0031,CUST0202,2,5505.62,Card,Physical Store
TXN004304,2025-11-22 11:36:00,ST004,PRD0026,CUST0895,2,17486.51,Online,Physical Store
TXN004305,2025-09-16 10:57:00,ST002,PRD0148,CUST0915,4,2911.86,Card,Physical Store
TXN004306,2025-12-27 21:36:00,ST005,PRD0036,CUST0270,5,5751.78,Cash,Physical Store
TXN004307,2025-04-24 15:58:00,ST004,PRD0058,CUST0225,2,9174.14,Online,Physical Store
TXN004308,2025-11-03 11:36:00,ST006,PRD0186,CUST0646,4,12858.14,Cash,Physical Store
TXN004309,2025-05-28 20:11:00,ST006,PRD0044,CUST0184,4,646.96,Card,Physical Store
TXN004310,2025-04-01 08:53:00,ST001,PRD0201,CUST0667,5,4607.12,Cash,Physical Store
TXN004311,2025-01-02 19:17:00,ST003,PRD0129,CUST0389,4,13492.02,Card,Physical Store
TXN004312,2025-07-20 12:18:00,ST006,PRD0129,CUST0431,2,13492.02,Mobile Wallet,Physical Store
TXN004313,2025-10-29 09:16:00,ST006,PRD0076,CUST0321,1,3801.59,Cash,Physical Store
TXN004314,2025-08-26 18:09:00,ST006,PRD0085,CUST0905,4,15600.74,Card,Physical Store
TXN004315,2025-06-13 10:29:00,ST004,PRD0261,CUST0097,5,21613.13,Online,Physical Store
TXN004316,2025-12-09 15:06:00,ST005,PRD0029,CUST0448,2,14939.28,Online,Physical Store
TXN004317,2025-04-22 08:00:00,ST006,PRD0023,CUST0089,1,5149.18,Mobile Wallet,Physical Store
TXN004318,2025-04-19 18:08:00,ST004,PRD0176,CUST0869,4,16060.03,Online,Physical Store
TXN004319,2025-05-26 14:23:00,ST004,PRD0283,CUST0847,1,16821.68,Card,Physical Store
TXN004320,2025-10-11 18:19:00,ST003,PRD0237,CUST0057,2,1672.14,Online,Physical Store
TXN004321,2025-08-04 18:13:00,ST004,PRD0113,CUST0377,3,5925.51,Online,Physical Store
TXN004322,2025-11-29 20:48:00,ST003,PRD0212,CUST0584,1,7877.4,Online,Physical Store
TXN004323,2025-07-30 19:12:00,ST003,PRD0171,CUST0248,4,13173.5,Mobile Wallet,Physical Store
TXN004324,2025-04-15 13:48:00,ST006,PRD0035,CUST0751,1,12242.79,Mobile Wallet,Physical Store
TXN004325,2025-07-22 17:43:00,ST003,PRD0198,CUST0736,5,2914.92,Mobile Wallet,Physical Store
TXN004326,2025-06-17 20:26:00,ST006,PRD0007,CUST0086,2,13705.32,Card,Physical Store
TXN004327,2025-08-18 19:20:00,ST004,PRD0079,CUST0374,5,6321.36,Online,Physical Store
TXN004328,2025-09-22 12:40:00,ST005,PRD0072,CUST0181,1,21910.16,Card,Physical Store
TXN004329,2025-04-05 10:20:00,ST003,PRD0048,CUST0544,3,3322.36,Mobile Wallet,Physical Store
TXN004330,2025-10-28 18:23:00,ST002,PRD0102,CUST0929,2,18335.61,Mobile Wallet,Physical Store
TXN004331,2025-07-23 14:02:00,ST002,PRD0140,CUST0144,3,12592.3,Mobile Wallet,Physical Store
TXN004332,2025-06-07 11:03:00,ST005,PRD0095,CUST0967,1,14194.94,Cash,Physical Store
TXN004333,2025-04-23 20:31:00,ST005,PRD0080,CUST0367,5,5394.99,Card,Physical Store
TXN004334,2025-03-04 08:39:00,ST003,PRD0103,CUST0741,2,9758.61,Card,Physical Store
TXN004335,2025-11-07 10:10:00,ST001,PRD0311,CUST0757,1,4148.18,Online,Physical Store
TXN004336,2025-10-18 14:57:00,ST004,PRD0069,CUST0534,1,12214.5,Mobile Wallet,Physical Store
TXN004337,2025-12-13 18:42:00,ST005,PRD0303,CUST0673,2,11893.96,Cash,Physical Store
TXN004338,2025-10-07 15:34:00,ST004,PRD0109,CUST0603,4,6325.94,Mobile Wallet,Physical Store
TXN004339,2025-12-18 17:01:00,ST002,PRD0026,CUST0898,5,17486.51,Online,Physical Store
TXN004340,2025-06-05 14:27:00,ST003,PRD0201,CUST0773,5,4607.12,Card,Physical Store
TXN004341,2025-08-09 18:52:00,ST005,PRD0003,CUST0634,2,7463.9,Mobile Wallet,Physical Store
TXN004342,2025-09-16 10:56:00,ST003,PRD0183,CUST0034,5,10505.4,Online,Physical Store
TXN004343,2025-10-24 10:21:00,ST005,PRD0325,CUST0875,2,10102.17,Mobile Wallet,Physical Store
TXN004344,2025-04-05 14:24:00,ST002,PRD0290,CUST0300,2,1192.9,Online,Physical Store
TXN004345,2025-08-18 19:52:00,ST006,PRD0082,CUST1000,2,20809.35,Online,Physical Store
TXN004346,2025-07-31 16:52:00,ST001,PRD0311,CUST0340,4,4148.18,Online,Physical Store
TXN004347,2025-08-28 10:12:00,ST004,PRD0124,CUST0519,3,2894.98,Mobile Wallet,Physical Store
TXN004348,2025-07-23 09:02:00,ST005,PRD0181,CUST0206,3,8249.71,Mobile Wallet,Physical Store
TXN004349,2025-02-14 16:03:00,ST005,PRD0194,CUST0811,2,16959.55,Mobile Wallet,Physical Store
TXN004350,2025-09-24 19:33:00,ST003,PRD0242,CUST0347,3,11290.47,Online,Physical Store
TXN004351,2025-01-10 20:15:00,ST005,PRD0333,CUST0738,1,6748.68,Mobile Wallet,Physical Store
TXN004352,2025-11-15 19:20:00,ST006,PRD0214,CUST0178,2,829.59,Online,Physical Store
TXN004353,2025-05-20 08:54:00,ST001,PRD0288,CUST0467,2,2165.9,Card,Physical Store
TXN004354,2025-10-06 08:07:00,ST004,PRD0203,CUST0391,3,10598.59,Mobile Wallet,Physical Store
TXN004355,2025-10-27 09:51:00,ST004,PRD0070,CUST0417,4,13037.06,Card,Physical Store
TXN004356,2025-11-20 17:35:00,ST002,PRD0002,CUST0187,2,5132.62,Cash,Physical Store
TXN004357,2025-02-09 14:13:00,ST002,PRD0050,CUST1027,3,2136.14,Cash,Physical Store
TXN004358,2025-01-04 18:09:00,ST002,PRD0124,CUST0204,3,2894.98,Card,Physical Store
TXN004359,2025-02-07 11:15:00,ST003,PRD0203,CUST0445,1,10598.59,Cash,Physical Store
TXN004360,2025-10-31 16:11:00,ST001,PRD0041,CUST0344,4,16598.91,Card,Physical Store
TXN004361,2025-05-06 09:35:00,ST002,PRD0305,CUST0874,4,1169.36,Cash,Physical Store
TXN004362,2025-02-27 10:39:00,ST001,PRD0179,CUST0038,2,20362.49,Mobile Wallet,Physical Store
TXN004363,2025-09-06 18:20:00,ST006,PRD0205,CUST0029,1,9509.22,Cash,Physical Store
TXN004364,2025-12-20 09:41:00,ST004,PRD0298,CUST0163,4,8588.83,Online,Physical Store
TXN004365,2025-04-19 21:48:00,ST005,PRD0090,CUST0603,3,18163.73,Card,Physical Store
TXN004366,2025-05-12 11:50:00,ST003,PRD0262,CUST0986,1,19768.74,Cash,Physical Store
TXN004367,2025-06-10 12:46:00,ST005,PRD0253,CUST0624,4,17101.61,Cash,Physical Store
TXN004368,2025-02-28 15:40:00,ST002,PRD0030,CUST0927,1,19772.8,Mobile Wallet,Physical Store
TXN004369,2025-03-14 16:11:00,ST001,PRD0017,CUST0522,1,13431.35,Card,Physical Store
TXN004370,2025-12-03 19:46:00,ST006,PRD0267,CUST0020,5,13855.01,Card,Physical Store
TXN004371,2025-05-25 18:45:00,ST002,PRD0291,CUST0234,2,11295.17,Card,Physical Store
TXN004372,2025-02-27 14:42:00,ST005,PRD0007,CUST0052,3,13705.32,Card,Physical Store
TXN004373,2025-04-02 12:44:00,ST006,PRD0039,CUST0479,2,15677.76,Online,Physical Store
TXN004374,2025-04-06 19:28:00,ST002,PRD0197,CUST0329,3,13667.49,Cash,Physical Store
TXN004375,2025-03-25 09:14:00,ST004,PRD0058,CUST0203,4,9174.14,Online,Physical Store
TXN004376,2025-05-29 10:33:00,ST004,PRD0111,CUST0343,4,20533.53,Cash,Physical Store
TXN004377,2025-02-21 19:48:00,ST005,PRD0043,CUST0822,4,8647.43,Cash,Physical Store
TXN004378,2025-02-27 20:27:00,ST005,PRD0240,CUST0843,2,5346.51,Cash,Physical Store
TXN004379,2025-04-02 13:06:00,ST004,PRD0171,CUST0387,5,13173.5,Online,Physical Store
TXN004380,2025-03-28 14:28:00,ST002,PRD0120,CUST0033,2,14398.39,Cash,Physical Store
TXN004381,2025-11-11 17:19:00,ST002,PRD0043,CUST0990,3,8647.43,Cash,Physical Store
TXN004382,2025-05-25 18:00:00,ST005,PRD0185,CUST0405,1,17940.87,Online,Physical Store
TXN004383,2025-02-08 08:42:00,ST003,PRD0176,CUST0057,4,16060.03,Online,Physical Store
TXN004384,2025-01-02 16:16:00,ST005,PRD0257,CUST0656,2,13818.08,Online,Physical Store
TXN004385,2025-07-31 15:28:00,ST005,PRD0032,CUST0477,4,16689.25,Online,Physical Store
TXN004386,2025-08-12 15:39:00,ST005,PRD0252,CUST0102,1,6953.84,Card,Physical Store
TXN004387,2025-01-13 18:28:00,ST001,PRD0202,CUST0559,3,17402.33,Online,Physical Store
TXN004388,2025-09-19 11:20:00,ST004,PRD0168,CUST0016,1,14853.54,Card,Physical Store
TXN004389,2025-08-15 10:29:00,ST006,PRD0329,CUST0907,2,2156.83,Card,Physical Store
TXN004390,2025-10-08 10:36:00,ST002,PRD0014,CUST0242,5,6143.33,Card,Physical Store
TXN004391,2025-01-06 13:06:00,ST002,PRD0047,CUST0323,1,5346.17,Online,Physical Store
TXN004392,2025-01-15 14:57:00,ST001,PRD0101,CUST0786,5,2955.72,Cash,Physical Store
TXN004393,2025-11-13 17:02:00,ST003,PRD0187,CUST0061,2,17512.81,Cash,Physical Store
TXN004394,2025-07-25 13:04:00,ST004,PRD0034,CUST0961,3,9530.33,Cash,Physical Store
TXN004395,2025-02-15 15:03:00,ST003,PRD0202,CUST0557,5,17402.33,Mobile Wallet,Physical Store
TXN004396,2025-10-18 14:58:00,ST006,PRD0262,CUST0831,2,19768.74,Cash,Physical Store
TXN004397,2025-03-25 20:50:00,ST006,PRD0131,CUST0115,4,7115.22,Cash,Physical Store
TXN004398,2025-06-07 18:19:00,ST005,PRD0279,CUST0165,2,1882.31,Cash,Physical Store
TXN004399,2025-10-23 08:58:00,ST003,PRD0064,CUST0205,3,1220.74,Mobile Wallet,Physical Store
TXN004400,2025-09-13 20:44:00,ST004,PRD0206,CUST0952,4,2082.08,Cash,Physical Store
TXN004401,2025-10-27 21:21:00,ST004,PRD0067,CUST0549,5,2993.21,Cash,Physical Store
TXN004402,2025-02-19 15:02:00,ST004,PRD0291,CUST0314,1,11295.17,Mobile Wallet,Physical Store
TXN004403,2025-06-06 13:04:00,ST002,PRD0248,CUST0956,1,7269.43,Card,Physical Store
TXN004404,2025-12-07 11:35:00,ST002,PRD0003,CUST0516,3,7463.9,Online,Physical Store
TXN004405,2025-08-20 16:55:00,ST006,PRD0084,CUST0902,4,16667.34,Card,Physical Store
TXN004406,2025-06-15 21:12:00,ST003,PRD0077,CUST0122,5,22335.09,Card,Physical Store
TXN004407,2025-09-30 12:33:00,ST003,PRD0289,CUST0972,2,9318.7,Mobile Wallet,Physical Store
TXN004408,2025-03-31 15:10:00,ST006,PRD0318,CUST0390,2,9023.94,Online,Physical Store
TXN004409,2025-12-25 15:57:00,ST006,PRD0322,CUST0033,2,1196.67,Online,Physical Store
TXN004410,2025-01-16 21:39:00,ST006,PRD0125,CUST1031,4,13628.37,Mobile Wallet,Physical Store
TXN004411,2025-04-11 19:38:00,ST003,PRD0271,CUST0632,4,2468.45,Online,Physical Store
TXN004412,2025-05-17 10:43:00,ST005,PRD0233,CUST0509,5,11296.41,Card,Physical Store
TXN004413,2025-06-13 19:48:00,ST006,PRD0202,CUST0711,2,17402.33,Card,Physical Store
TXN004414,2025-11-05 09:35:00,ST004,PRD0284,CUST0853,4,20638.42,Card,Physical Store
TXN004415,2025-03-21 15:15:00,ST003,PRD0171,CUST0463,2,13173.5,Cash,Physical Store
TXN004416,2025-07-19 18:10:00,ST004,PRD0029,CUST0214,4,14939.28,Card,Physical Store
TXN004417,2025-05-06 12:49:00,ST006,PRD0031,CUST0239,3,5505.62,Card,Physical Store
TXN004418,2025-02-17 13:25:00,ST002,PRD0101,CUST0524,3,2955.72,Mobile Wallet,Physical Store
TXN004419,2025-04-19 14:10:00,ST002,PRD0271,CUST0860,2,2468.45,Card,Physical Store
TXN004420,2025-07-06 15:02:00,ST003,PRD0146,CUST0566,3,4109.1,Online,Physical Store
TXN004421,2025-03-02 19:58:00,ST003,PRD0335,CUST0628,2,8481.29,Online,Physical Store
TXN004422,2025-03-17 09:04:00,ST003,PRD0054,CUST0957,3,3904.5,Online,Physical Store
TXN004423,2025-05-31 17:21:00,ST001,PRD0245,CUST0592,2,8847.6,Online,Physical Store
TXN004424,2025-04-02 21:40:00,ST005,PRD0154,CUST0776,2,13504.25,Cash,Physical Store
TXN004425,2025-07-07 09:10:00,ST004,PRD0320,CUST0228,1,8347.21,Online,Physical Store
TXN004426,2025-09-09 18:39:00,ST003,PRD0089,CUST0516,4,4127.23,Card,Physical Store
TXN004427,2025-10-28 17:56:00,ST003,PRD0257,CUST0906,2,13818.08,Mobile Wallet,Physical Store
TXN004428,2025-04-15 13:13:00,ST006,PRD0334,CUST1016,3,9286.96,Cash,Physical Store
TXN004429,2025-07-04 11:54:00,ST003,PRD0002,CUST0126,4,5132.62,Cash,Physical Store
TXN004430,2025-05-14 13:41:00,ST004,PRD0039,CUST0452,3,15677.76,Card,Physical Store
TXN004431,2025-12-18 11:03:00,ST002,PRD0174,CUST0954,5,14032.47,Online,Physical Store
TXN004432,2025-06-16 19:12:00,ST001,PRD0040,CUST0053,5,11363.76,Card,Physical Store
TXN004433,2025-05-09 14:19:00,ST006,PRD0123,CUST0980,5,13170.98,Mobile Wallet,Physical Store
TXN004434,2025-03-28 12:13:00,ST006,PRD0025,CUST0146,3,5447.28,Mobile Wallet,Physical Store
TXN004435,2025-01-07 14:26:00,ST006,PRD0303,CUST0798,1,11893.96,Cash,Physical Store
TXN004436,2025-07-13 20:55:00,ST006,PRD0305,CUST0847,2,1169.36,Mobile Wallet,Physical Store
TXN004437,2025-06-08 17:06:00,ST004,PRD0076,CUST0131,5,3801.59,Cash,Physical Store
TXN004438,2025-07-17 13:00:00,ST004,PRD0218,CUST0159,3,17938.6,Cash,Physical Store
TXN004439,2025-06-29 17:00:00,ST003,PRD0053,CUST0221,2,4167.18,Cash,Physical Store
TXN004440,2025-03-13 19:12:00,ST001,PRD0042,CUST0851,1,21532.78,Online,Physical Store
TXN004441,2025-01-27 10:58:00,ST005,PRD0247,CUST0339,5,9781.8,Mobile Wallet,Physical Store
TXN004442,2025-09-19 11:40:00,ST001,PRD0069,CUST0232,2,12214.5,Mobile Wallet,Physical Store
TXN004443,2025-02-10 12:47:00,ST003,PRD0316,CUST0605,2,13933.6,Cash,Physical Store
TXN004444,2025-08-25 17:25:00,ST003,PRD0195,CUST0928,5,2320.2,Card,Physical Store
TXN004445,2025-01-17 08:41:00,ST003,PRD0035,CUST0586,1,12242.79,Online,Physical Store
TXN004446,2025-03-11 12:25:00,ST004,PRD0008,CUST0975,2,18695.07,Card,Physical Store
TXN004447,2025-05-07 19:54:00,ST006,PRD0274,CUST0867,1,2220.38,Online,Physical Store
TXN004448,2025-10-24 13:10:00,ST006,PRD0266,CUST0660,5,8348.44,Online,Physical Store
TXN004449,2025-08-22 13:42:00,ST004,PRD0241,CUST0895,2,5942.64,Card,Physical Store
TXN004450,2025-10-31 11:01:00,ST004,PRD0175,CUST0644,4,4600.64,Mobile Wallet,Physical Store
TXN004451,2025-12-04 21:38:00,ST004,PRD0329,CUST0428,4,2156.83,Mobile Wallet,Physical Store
TXN004452,2025-01-09 15:19:00,ST003,PRD0321,CUST0205,1,11771.0,Card,Physical Store
TXN004453,2025-11-06 12:46:00,ST001,PRD0275,CUST0212,3,837.23,Online,Physical Store
TXN004454,2025-04-28 17:03:00,ST006,PRD0122,CUST0699,4,5139.97,Cash,Physical Store
TXN004455,2025-03-10 16:22:00,ST006,PRD0283,CUST0840,5,16821.68,Mobile Wallet,Physical Store
TXN004456,2025-08-06 19:00:00,ST003,PRD0317,CUST0859,2,13310.61,Online,Physical Store
TXN004457,2025-12-13 15:58:00,ST003,PRD0202,CUST0036,4,17402.33,Cash,Physical Store
TXN004458,2025-03-29 09:03:00,ST002,PRD0046,CUST1025,3,20894.04,Mobile Wallet,Physical Store
TXN004459,2025-03-26 18:08:00,ST001,PRD0195,CUST0637,3,2320.2,Cash,Physical Store
TXN004460,2025-03-08 21:17:00,ST005,PRD0177,CUST0601,1,6812.39,Online,Physical Store
TXN004461,2025-11-07 18:14:00,ST002,PRD0165,CUST0831,3,15750.95,Online,Physical Store
TXN004462,2025-03-22 20:17:00,ST004,PRD0329,CUST0501,4,2156.83,Online,Physical Store
TXN004463,2025-01-20 21:28:00,ST004,PRD0214,CUST0743,3,829.59,Card,Physical Store
TXN004464,2025-09-06 21:16:00,ST003,PRD0287,CUST0723,2,3212.74,Cash,Physical Store
TXN004465,2025-03-29 10:21:00,ST004,PRD0283,CUST0595,4,16821.68,Cash,Physical Store
TXN004466,2025-02-12 18:31:00,ST004,PRD0167,CUST0348,2,474.16,Card,Physical Store
TXN004467,2025-11-15 12:36:00,ST002,PRD0220,CUST0672,2,11025.69,Mobile Wallet,Physical Store
TXN004468,2025-09-12 12:43:00,ST001,PRD0300,CUST0109,2,6059.15,Card,Physical Store
TXN004469,2025-12-07 16:21:00,ST001,PRD0138,CUST0078,4,7484.07,Cash,Physical Store
TXN004470,2025-10-14 12:48:00,ST006,PRD0046,CUST0702,5,20894.04,Cash,Physical Store
TXN004471,2025-03-07 12:09:00,ST003,PRD0213,CUST0656,4,2681.49,Card,Physical Store
TXN004472,2025-12-22 16:21:00,ST004,PRD0036,CUST0414,5,5751.78,Mobile Wallet,Physical Store
TXN004473,2025-12-28 11:21:00,ST001,PRD0083,CUST0583,4,8207.95,Online,Physical Store
TXN004474,2025-03-08 19:27:00,ST001,PRD0086,CUST0045,3,347.58,Online,Physical Store
TXN004475,2025-03-14 08:25:00,ST004,PRD0126,CUST0419,3,8272.6,Cash,Physical Store
TXN004476,2025-02-05 16:38:00,ST004,PRD0256,CUST1016,2,2281.57,Card,Physical Store
TXN004477,2025-09-24 10:41:00,ST002,PRD0196,CUST0716,5,14688.58,Card,Physical Store
TXN004478,2025-12-21 16:02:00,ST001,PRD0147,CUST0210,5,17668.05,Mobile Wallet,Physical Store
TXN004479,2025-02-13 20:56:00,ST002,PRD0197,CUST0099,2,13667.49,Card,Physical Store
TXN004480,2025-02-01 16:52:00,ST001,PRD0192,CUST0598,3,812.19,Online,Physical Store
TXN004481,2025-05-08 14:41:00,ST006,PRD0221,CUST0112,2,6401.8,Cash,Physical Store
TXN004482,2025-11-19 17:58:00,ST004,PRD0102,CUST0179,2,18335.61,Cash,Physical Store
TXN004483,2025-03-23 18:58:00,ST002,PRD0035,CUST0065,5,12242.79,Mobile Wallet,Physical Store
TXN004484,2025-09-06 19:46:00,ST004,PRD0212,CUST1022,4,7877.4,Mobile Wallet,Physical Store
TXN004485,2025-05-03 21:26:00,ST003,PRD0176,CUST0935,4,16060.03,Online,Physical Store
TXN004486,2025-06-28 12:21:00,ST003,PRD0317,CUST0120,2,13310.61,Cash,Physical Store
TXN004487,2025-11-11 13:51:00,ST006,PRD0129,CUST0414,3,13492.02,Cash,Physical Store
TXN004488,2025-02-25 08:08:00,ST003,PRD0196,CUST0419,5,14688.58,Online,Physical Store
TXN004489,2025-04-16 11:52:00,ST006,PRD0026,CUST0278,2,17486.51,Card,Physical Store
TXN004490,2025-04-07 18:56:00,ST006,PRD0043,CUST0422,3,8647.43,Cash,Physical Store
TXN004491,2025-06-09 18:33:00,ST004,PRD0162,CUST0689,1,19501.87,Cash,Physical Store
TXN004492,2025-03-15 14:16:00,ST004,PRD0009,CUST0886,2,2429.12,Cash,Physical Store
TXN004493,2025-07-17 15:18:00,ST006,PRD0055,CUST0656,1,18651.16,Online,Physical Store
TXN004494,2025-06-06 21:32:00,ST001,PRD0245,CUST0895,2,8847.6,Mobile Wallet,Physical Store
TXN004495,2025-05-27 16:15:00,ST006,PRD0131,CUST0279,4,7115.22,Mobile Wallet,Physical Store
TXN004496,2025-05-08 08:11:00,ST004,PRD0299,CUST0578,1,8975.12,Online,Physical Store
TXN004497,2025-09-02 10:22:00,ST002,PRD0086,CUST0069,2,347.58,Online,Physical Store
TXN004498,2025-09-17 17:13:00,ST002,PRD0233,CUST0947,1,11296.41,Online,Physical Store
TXN004499,2025-10-07 10:34:00,ST006,PRD0136,CUST0174,5,12055.78,Online,Physical Store
TXN004500,2025-11-05 13:05:00,ST005,PRD0197,CUST0684,5,13667.49,Cash,Physical Store
TXN004501,2025-12-28 19:37:00,ST006,PRD0142,CUST0643,4,1184.22,Online,Physical Store
TXN004502,2025-06-02 14:16:00,ST005,PRD0165,CUST0296,2,15750.95,Cash,Physical Store
TXN004503,2025-01-16 12:04:00,ST002,PRD0190,CUST0348,3,5190.85,Mobile Wallet,Physical Store
TXN004504,2025-09-11 16:23:00,ST001,PRD0170,CUST0524,4,1914.37,Cash,Physical Store
TXN004505,2025-09-15 17:30:00,ST001,PRD0250,CUST0710,1,2291.41,Online,Physical Store
TXN004506,2025-07-12 15:02:00,ST004,PRD0316,CUST0468,4,13933.6,Card,Physical Store
TXN004507,2025-11-25 13:57:00,ST006,PRD0023,CUST0263,5,5149.18,Cash,Physical Store
TXN004508,2025-01-30 20:44:00,ST004,PRD0159,CUST0158,4,2977.17,Cash,Physical Store
TXN004509,2025-11-22 15:15:00,ST006,PRD0139,CUST0868,1,3538.08,Card,Physical Store
TXN004510,2025-02-24 14:06:00,ST006,PRD0114,CUST0611,1,9757.31,Mobile Wallet,Physical Store
TXN004511,2025-10-28 17:08:00,ST003,PRD0045,CUST0790,3,1726.89,Mobile Wallet,Physical Store
TXN004512,2025-06-15 21:11:00,ST006,PRD0250,CUST0708,3,2291.41,Card,Physical Store
TXN004513,2025-09-15 19:58:00,ST004,PRD0104,CUST0258,5,12631.32,Mobile Wallet,Physical Store
TXN004514,2025-12-18 16:21:00,ST004,PRD0047,CUST0728,1,5346.17,Mobile Wallet,Physical Store
TXN004515,2025-09-24 16:04:00,ST001,PRD0178,CUST0735,4,970.06,Online,Physical Store
TXN004516,2025-07-06 21:26:00,ST004,PRD0214,CUST0166,4,829.59,Online,Physical Store
TXN004517,2025-01-23 17:15:00,ST003,PRD0216,CUST0490,4,5330.04,Mobile Wallet,Physical Store
TXN004518,2025-11-24 08:21:00,ST001,PRD0292,CUST0759,3,7767.01,Mobile Wallet,Physical Store
TXN004519,2025-03-01 21:58:00,ST005,PRD0037,CUST0449,2,4663.44,Online,Physical Store
TXN004520,2025-08-01 11:11:00,ST001,PRD0068,CUST0535,3,12827.93,Card,Physical Store
TXN004521,2025-07-11 14:38:00,ST002,PRD0207,CUST0138,5,10872.38,Cash,Physical Store
TXN004522,2025-03-16 18:45:00,ST005,PRD0220,CUST0924,3,11025.69,Mobile Wallet,Physical Store
TXN004523,2025-10-24 15:35:00,ST005,PRD0156,CUST0987,5,7788.01,Mobile Wallet,Physical Store
TXN004524,2025-04-12 09:36:00,ST003,PRD0218,CUST0460,1,17938.6,Card,Physical Store
TXN004525,2025-09-11 18:03:00,ST005,PRD0134,CUST0420,4,16453.67,Card,Physical Store
TXN004526,2025-04-03 20:22:00,ST003,PRD0289,CUST0161,4,9318.7,Card,Physical Store
TXN004527,2025-05-01 08:07:00,ST004,PRD0069,CUST0989,3,12214.5,Cash,Physical Store
TXN004528,2025-02-26 15:24:00,ST001,PRD0105,CUST0222,5,3477.95,Mobile Wallet,Physical Store
TXN004529,2025-05-05 15:43:00,ST003,PRD0334,CUST0035,5,9286.96,Online,Physical Store
TXN004530,2025-04-26 20:24:00,ST002,PRD0003,CUST0861,2,7463.9,Card,Physical Store
TXN004531,2025-01-07 14:12:00,ST002,PRD0179,CUST0855,4,20362.49,Online,Physical Store
TXN004532,2025-09-09 15:23:00,ST005,PRD0201,CUST0593,2,4607.12,Online,Physical Store
TXN004533,2025-02-03 08:51:00,ST002,PRD0153,CUST0018,1,17511.62,Card,Physical Store
TXN004534,2025-08-29 11:01:00,ST005,PRD0112,CUST0262,3,11463.12,Card,Physical Store
TXN004535,2025-12-30 15:19:00,ST002,PRD0196,CUST0424,3,14688.58,Card,Physical Store
TXN004536,2025-06-24 21:26:00,ST005,PRD0042,CUST0238,5,21532.78,Card,Physical Store
TXN004537,2025-01-07 11:53:00,ST006,PRD0277,CUST0007,4,8719.93,Online,Physical Store
TXN004538,2025-09-16 18:26:00,ST003,PRD0072,CUST0138,5,21910.16,Card,Physical Store
TXN004539,2025-11-29 18:55:00,ST006,PRD0033,CUST0211,1,21125.63,Card,Physical Store
TXN004540,2025-09-15 20:05:00,ST001,PRD0239,CUST0993,5,12672.74,Card,Physical Store
TXN004541,2025-11-23 14:27:00,ST004,PRD0198,CUST0806,2,2914.92,Online,Physical Store
TXN004542,2025-09-03 10:32:00,ST004,PRD0038,CUST0505,2,16717.88,Online,Physical Store
TXN004543,2025-10-25 16:17:00,ST002,PRD0173,CUST0021,2,8871.76,Mobile Wallet,Physical Store
TXN004544,2025-11-09 08:45:00,ST002,PRD0089,CUST0570,1,4127.23,Mobile Wallet,Physical Store
TXN004545,2025-07-04 11:22:00,ST006,PRD0325,CUST0406,1,10102.17,Card,Physical Store
TXN004546,2025-03-21 19:16:00,ST006,PRD0176,CUST0259,4,16060.03,Online,Physical Store
TXN004547,2025-08-01 15:53:00,ST006,PRD0051,CUST0702,1,10472.7,Card,Physical Store
TXN004548,2025-01-28 13:25:00,ST001,PRD0257,CUST0932,5,13818.08,Mobile Wallet,Physical Store
TXN004549,2025-02-04 10:44:00,ST003,PRD0204,CUST0676,2,20131.16,Online,Physical Store
TXN004550,2025-10-05 17:04:00,ST006,PRD0257,CUST0729,2,13818.08,Card,Physical Store
TXN004551,2025-09-17 16:57:00,ST003,PRD0087,CUST0009,1,901.59,Cash,Physical Store
TXN004552,2025-05-22 17:29:00,ST003,PRD0227,CUST1018,4,17168.54,Cash,Physical Store
TXN004553,2025-05-06 14:46:00,ST004,PRD0044,CUST0837,3,646.96,Mobile Wallet,Physical Store
TXN004554,2025-06-27 10:32:00,ST001,PRD0086,CUST0275,4,347.58,Online,Physical Store
TXN004555,2025-12-03 12:45:00,ST005,PRD0289,CUST0049,2,9318.7,Online,Physical Store
TXN004556,2025-10-15 21:16:00,ST006,PRD0298,CUST0608,2,8588.83,Online,Physical Store
TXN004557,2025-06-13 15:30:00,ST006,PRD0210,CUST0810,1,17734.18,Card,Physical Store
TXN004558,2025-10-05 16:54:00,ST001,PRD0224,CUST0703,3,9276.41,Cash,Physical Store
TXN004559,2025-12-29 17:54:00,ST003,PRD0047,CUST0753,5,5346.17,Mobile Wallet,Physical Store
TXN004560,2025-08-16 16:12:00,ST006,PRD0073,CUST0427,5,13155.27,Online,Physical Store
TXN004561,2025-10-30 20:12:00,ST005,PRD0197,CUST0032,1,13667.49,Online,Physical Store
TXN004562,2025-02-14 10:40:00,ST004,PRD0236,CUST0063,4,16144.93,Cash,Physical Store
TXN004563,2025-10-15 20:20:00,ST006,PRD0118,CUST0840,1,21036.15,Mobile Wallet,Physical Store
TXN004564,2025-10-01 08:59:00,ST006,PRD0225,CUST0279,1,15148.9,Card,Physical Store
TXN004565,2025-01-15 21:57:00,ST005,PRD0115,CUST0440,5,3172.29,Cash,Physical Store
TXN004566,2025-02-04 10:00:00,ST004,PRD0296,CUST0875,4,10919.63,Mobile Wallet,Physical Store
TXN004567,2025-04-23 15:10:00,ST002,PRD0009,CUST0409,4,2429.12,Online,Physical Store
TXN004568,2025-05-09 16:14:00,ST004,PRD0193,CUST0741,4,15266.12,Cash,Physical Store
TXN004569,2025-08-24 18:06:00,ST004,PRD0297,CUST0006,3,14685.23,Online,Physical Store
TXN004570,2025-09-09 20:18:00,ST004,PRD0100,CUST0836,4,12867.68,Cash,Physical Store
TXN004571,2025-06-12 12:25:00,ST002,PRD0231,CUST0413,5,17703.38,Cash,Physical Store
TXN004572,2025-07-20 12:46:00,ST006,PRD0306,CUST0012,5,2327.28,Online,Physical Store
TXN004573,2025-05-19 14:57:00,ST006,PRD0282,CUST1015,2,5174.17,Cash,Physical Store
TXN004574,2025-07-01 16:32:00,ST002,PRD0220,CUST0256,1,11025.69,Online,Physical Store
TXN004575,2025-04-19 09:08:00,ST004,PRD0302,CUST0361,4,9747.03,Card,Physical Store
TXN004576,2025-06-11 12:31:00,ST005,PRD0261,CUST0100,1,21613.13,Online,Physical Store
TXN004577,2025-09-22 08:19:00,ST004,PRD0008,CUST0186,3,18695.07,Cash,Physical Store
TXN004578,2025-06-11 17:50:00,ST001,PRD0240,CUST0027,1,5346.51,Cash,Physical Store
TXN004579,2025-10-24 18:03:00,ST005,PRD0018,CUST0924,2,21346.27,Online,Physical Store
TXN004580,2025-05-12 14:28:00,ST003,PRD0119,CUST0633,4,9036.76,Card,Physical Store
TXN004581,2025-07-25 20:36:00,ST005,PRD0119,CUST0067,5,9036.76,Online,Physical Store
TXN004582,2025-02-23 11:06:00,ST004,PRD0295,CUST0652,5,20720.46,Mobile Wallet,Physical Store
TXN004583,2025-02-04 16:14:00,ST001,PRD0074,CUST0224,2,11205.61,Online,Physical Store
TXN004584,2025-05-31 10:59:00,ST003,PRD0278,CUST0519,2,7489.54,Cash,Physical Store
TXN004585,2025-02-23 09:57:00,ST003,PRD0299,CUST0086,2,8975.12,Online,Physical Store
TXN004586,2025-01-08 17:18:00,ST002,PRD0086,CUST0579,1,347.58,Online,Physical Store
TXN004587,2025-10-17 15:39:00,ST002,PRD0320,CUST0075,2,8347.21,Card,Physical Store
TXN004588,2025-10-13 16:45:00,ST004,PRD0230,CUST0858,4,17471.77,Mobile Wallet,Physical Store
TXN004589,2025-01-19 18:24:00,ST002,PRD0085,CUST0656,1,15600.74,Online,Physical Store
TXN004590,2025-01-09 18:13:00,ST002,PRD0289,CUST0964,5,9318.7,Mobile Wallet,Physical Store
TXN004591,2025-05-27 12:42:00,ST005,PRD0335,CUST0399,1,8481.29,Cash,Physical Store
TXN004592,2025-09-19 11:26:00,ST006,PRD0123,CUST0330,5,13170.98,Card,Physical Store
TXN004593,2025-11-21 17:55:00,ST004,PRD0230,CUST0018,2,17471.77,Mobile Wallet,Physical Store
TXN004594,2025-05-05 16:10:00,ST003,PRD0003,CUST0967,1,7463.9,Online,Physical Store
TXN004595,2025-10-14 09:35:00,ST002,PRD0167,CUST0241,2,474.16,Cash,Physical Store
TXN004596,2025-02-09 21:30:00,ST003,PRD0261,CUST0850,1,21613.13,Mobile Wallet,Physical Store
TXN004597,2025-08-18 14:53:00,ST005,PRD0232,CUST1011,1,14516.97,Card,Physical Store
TXN004598,2025-12-27 20:55:00,ST002,PRD0287,CUST0277,1,3212.74,Cash,Physical Store
TXN004599,2025-03-21 16:28:00,ST001,PRD0164,CUST0897,3,12166.75,Online,Physical Store
TXN004600,2025-09-15 17:48:00,ST002,PRD0096,CUST0488,1,5240.02,Mobile Wallet,Physical Store
TXN004601,2025-01-07 14:28:00,ST005,PRD0251,CUST0988,1,6655.05,Card,Physical Store
TXN004602,2025-05-17 20:38:00,ST003,PRD0242,CUST0359,4,11290.47,Online,Physical Store
TXN004603,2025-08-27 09:12:00,ST004,PRD0208,CUST0578,5,826.73,Mobile Wallet,Physical Store
TXN004604,2025-05-13 19:23:00,ST002,PRD0049,CUST0634,3,17860.23,Mobile Wallet,Physical Store
TXN004605,2025-07-02 20:11:00,ST003,PRD0182,CUST0909,3,19280.03,Card,Physical Store
TXN004606,2025-06-15 10:46:00,ST005,PRD0215,CUST0100,1,3497.38,Online,Physical Store
TXN004607,2025-02-23 20:59:00,ST006,PRD0053,CUST0230,3,4167.18,Mobile Wallet,Physical Store
TXN004608,2025-09-01 11:50:00,ST003,PRD0119,CUST0706,1,9036.76,Mobile Wallet,Physical Store
TXN004609,2025-08-08 12:47:00,ST006,PRD0216,CUST1013,1,5330.04,Online,Physical Store
TXN004610,2025-01-31 18:26:00,ST005,PRD0273,CUST0019,5,13625.49,Card,Physical Store
TXN004611,2025-09-16 19:13:00,ST004,PRD0035,CUST0458,3,12242.79,Online,Physical Store
TXN004612,2025-12-26 08:11:00,ST004,PRD0249,CUST0656,5,15746.95,Cash,Physical Store
TXN004613,2025-05-08 18:19:00,ST006,PRD0177,CUST0772,2,6812.39,Card,Physical Store
TXN004614,2025-04-16 20:34:00,ST003,PRD0296,CUST0309,2,10919.63,Online,Physical Store
TXN004615,2025-03-12 12:49:00,ST003,PRD0165,CUST0926,1,15750.95,Cash,Physical Store
TXN004616,2025-06-12 21:56:00,ST006,PRD0173,CUST0964,5,8871.76,Card,Physical Store
TXN004617,2025-07-26 11:34:00,ST002,PRD0279,CUST0016,2,1882.31,Online,Physical Store
TXN004618,2025-12-13 19:55:00,ST004,PRD0075,CUST0951,1,20450.52,Cash,Physical Store
TXN004619,2025-12-07 16:47:00,ST006,PRD0200,CUST0330,5,997.46,Mobile Wallet,Physical Store
TXN004620,2025-10-24 15:47:00,ST006,PRD0129,CUST0986,4,13492.02,Card,Physical Store
TXN004621,2025-04-21 18:30:00,ST003,PRD0013,CUST0429,5,22686.55,Online,Physical Store
TXN004622,2025-08-29 16:48:00,ST005,PRD0228,CUST0380,4,11198.46,Cash,Physical Store
TXN004623,2025-10-20 21:12:00,ST006,PRD0063,CUST0318,2,13040.87,Online,Physical Store
TXN004624,2025-02-16 20:50:00,ST005,PRD0090,CUST0457,2,18163.73,Cash,Physical Store
TXN004625,2025-07-20 10:22:00,ST005,PRD0124,CUST0514,1,2894.98,Online,Physical Store
TXN004626,2025-05-21 13:23:00,ST005,PRD0143,CUST0132,5,7468.23,Card,Physical Store
TXN004627,2025-06-12 16:57:00,ST003,PRD0272,CUST0490,1,9997.42,Cash,Physical Store
TXN004628,2025-01-27 11:22:00,ST002,PRD0206,CUST0461,1,2082.08,Card,Physical Store
TXN004629,2025-09-16 10:27:00,ST006,PRD0244,CUST0391,3,14144.2,Online,Physical Store
TXN004630,2025-11-10 08:19:00,ST004,PRD0229,CUST0779,3,22339.45,Cash,Physical Store
TXN004631,2025-08-07 21:50:00,ST001,PRD0258,CUST0895,2,3276.89,Card,Physical Store
TXN004632,2025-03-17 20:47:00,ST004,PRD0188,CUST0123,5,10116.21,Card,Physical Store
TXN004633,2025-10-04 14:58:00,ST003,PRD0275,CUST0643,4,837.23,Card,Physical Store
TXN004634,2025-06-02 15:24:00,ST001,PRD0026,CUST0359,2,17486.51,Card,Physical Store
TXN004635,2025-07-05 16:28:00,ST004,PRD0091,CUST0593,4,17670.77,Card,Physical Store
TXN004636,2025-07-21 11:04:00,ST001,PRD0204,CUST0415,2,20131.16,Online,Physical Store
TXN004637,2025-07-18 08:06:00,ST002,PRD0241,CUST0323,4,5942.64,Cash,Physical Store
TXN004638,2025-05-01 11:44:00,ST001,PRD0208,CUST0639,5,826.73,Online,Physical Store
TXN004639,2025-12-08 15:18:00,ST004,PRD0293,CUST0166,1,17487.15,Card,Physical Store
TXN004640,2025-05-11 21:41:00,ST001,PRD0114,CUST0071,2,9757.31,Cash,Physical Store
TXN004641,2025-12-20 09:24:00,ST004,PRD0211,CUST0482,4,11225.27,Card,Physical Store
TXN004642,2025-03-15 16:17:00,ST001,PRD0186,CUST0652,3,12858.14,Online,Physical Store
TXN004643,2025-01-02 16:40:00,ST004,PRD0170,CUST0930,5,1914.37,Card,Physical Store
TXN004644,2025-03-25 17:22:00,ST005,PRD0039,CUST0214,1,15677.76,Online,Physical Store
TXN004645,2025-09-27 14:05:00,ST006,PRD0019,CUST0784,4,7427.25,Cash,Physical Store
TXN004646,2025-12-04 20:03:00,ST003,PRD0094,CUST0798,1,19664.63,Mobile Wallet,Physical Store
TXN004647,2025-10-30 08:40:00,ST005,PRD0054,CUST0906,3,3904.5,Online,Physical Store
TXN004648,2025-04-13 16:53:00,ST002,PRD0325,CUST0217,4,10102.17,Online,Physical Store
TXN004649,2025-05-23 09:01:00,ST005,PRD0214,CUST0797,4,829.59,Online,Physical Store
TXN004650,2025-06-13 15:55:00,ST004,PRD0114,CUST0303,1,9757.31,Online,Physical Store
TXN004651,2025-01-29 21:11:00,ST005,PRD0141,CUST0314,2,11741.07,Card,Physical Store
TXN004652,2025-06-27 12:47:00,ST001,PRD0131,CUST0029,4,7115.22,Cash,Physical Store
TXN004653,2025-11-25 08:43:00,ST005,PRD0238,CUST0352,5,15120.33,Online,Physical Store
TXN004654,2025-01-13 10:15:00,ST004,PRD0014,CUST0709,1,6143.33,Mobile Wallet,Physical Store
TXN004655,2025-08-16 09:16:00,ST002,PRD0277,CUST0696,2,8719.93,Card,Physical Store
TXN004656,2025-03-04 15:48:00,ST005,PRD0042,CUST0522,4,21532.78,Online,Physical Store
TXN004657,2025-07-02 12:47:00,ST005,PRD0034,CUST0350,5,9530.33,Card,Physical Store
TXN004658,2025-05-30 20:48:00,ST001,PRD0297,CUST0365,2,14685.23,Card,Physical Store
TXN004659,2025-09-17 18:57:00,ST006,PRD0282,CUST0148,3,5174.17,Card,Physical Store
TXN004660,2025-01-25 16:37:00,ST004,PRD0182,CUST0285,1,19280.03,Mobile Wallet,Physical Store
TXN004661,2025-10-08 08:07:00,ST004,PRD0081,CUST0855,5,15889.25,Card,Physical Store
TXN004662,2025-06-21 08:54:00,ST006,PRD0168,CUST0117,4,14853.54,Card,Physical Store
TXN004663,2025-12-31 10:17:00,ST005,PRD0308,CUST0130,2,8374.13,Online,Physical Store
TXN004664,2025-05-03 08:15:00,ST006,PRD0087,CUST0749,1,901.59,Card,Physical Store
TXN004665,2025-09-07 12:38:00,ST005,PRD0204,CUST0312,2,20131.16,Card,Physical Store
TXN004666,2025-09-16 12:18:00,ST006,PRD0025,CUST0476,4,5447.28,Mobile Wallet,Physical Store
TXN004667,2025-07-01 12:13:00,ST006,PRD0306,CUST0545,2,2327.28,Online,Physical Store
TXN004668,2025-09-26 08:12:00,ST004,PRD0116,CUST0054,5,18307.89,Online,Physical Store
TXN004669,2025-02-19 12:35:00,ST005,PRD0211,CUST0504,2,11225.27,Cash,Physical Store
TXN004670,2025-09-21 13:51:00,ST003,PRD0011,CUST0682,1,12715.64,Mobile Wallet,Physical Store
TXN004671,2025-12-05 09:21:00,ST001,PRD0300,CUST0057,3,6059.15,Card,Physical Store
TXN004672,2025-04-19 15:31:00,ST005,PRD0088,CUST0215,1,2632.29,Cash,Physical Store
TXN004673,2025-09-05 12:18:00,ST006,PRD0132,CUST0964,5,8197.06,Card,Physical Store
TXN004674,2025-10-18 09:44:00,ST004,PRD0037,CUST0966,1,4663.44,Online,Physical Store
TXN004675,2025-01-06 08:12:00,ST005,PRD0132,CUST0731,4,8197.06,Online,Physical Store
TXN004676,2025-09-29 14:21:00,ST003,PRD0250,CUST0427,4,2291.41,Online,Physical Store
TXN004677,2025-11-03 14:25:00,ST002,PRD0194,CUST0011,4,16959.55,Card,Physical Store
TXN004678,2025-07-21 14:46:00,ST003,PRD0030,CUST0599,4,19772.8,Cash,Physical Store
TXN004679,2025-03-17 08:35:00,ST004,PRD0055,CUST0004,2,18651.16,Card,Physical Store
TXN004680,2025-09-14 18:09:00,ST006,PRD0183,CUST0272,5,10505.4,Online,Physical Store
TXN004681,2025-01-03 12:13:00,ST001,PRD0298,CUST0506,3,8588.83,Mobile Wallet,Physical Store
TXN004682,2025-01-10 10:25:00,ST004,PRD0312,CUST0673,4,6604.88,Online,Physical Store
TXN004683,2025-03-09 19:58:00,ST003,PRD0221,CUST0858,5,6401.8,Cash,Physical Store
TXN004684,2025-04-22 18:47:00,ST004,PRD0051,CUST0876,2,10472.7,Mobile Wallet,Physical Store
TXN004685,2025-09-25 09:29:00,ST006,PRD0162,CUST0307,3,19501.87,Cash,Physical Store
TXN004686,2025-05-08 13:15:00,ST002,PRD0250,CUST0790,3,2291.41,Card,Physical Store
TXN004687,2025-11-10 11:00:00,ST005,PRD0108,CUST0733,2,7369.56,Online,Physical Store
TXN004688,2025-03-11 19:44:00,ST006,PRD0204,CUST0086,5,20131.16,Online,Physical Store
TXN004689,2025-04-07 10:38:00,ST003,PRD0287,CUST0959,2,3212.74,Cash,Physical Store
TXN004690,2025-02-17 09:16:00,ST004,PRD0318,CUST1002,3,9023.94,Online,Physical Store
TXN004691,2025-05-20 19:31:00,ST001,PRD0104,CUST0921,4,12631.32,Online,Physical Store
TXN004692,2025-10-29 17:02:00,ST005,PRD0295,CUST0855,4,20720.46,Cash,Physical Store
TXN004693,2025-11-05 12:23:00,ST004,PRD0200,CUST0689,5,997.46,Mobile Wallet,Physical Store
TXN004694,2025-04-30 17:24:00,ST006,PRD0049,CUST0065,2,17860.23,Online,Physical Store
TXN004695,2025-01-11 13:30:00,ST006,PRD0106,CUST0823,5,11908.0,Cash,Physical Store
TXN004696,2025-01-27 16:55:00,ST006,PRD0011,CUST0601,1,12715.64,Mobile Wallet,Physical Store
TXN004697,2025-06-10 14:39:00,ST001,PRD0328,CUST0570,2,8691.06,Mobile Wallet,Physical Store
TXN004698,2025-03-24 20:06:00,ST006,PRD0258,CUST1037,4,3276.89,Mobile Wallet,Physical Store
TXN004699,2025-02-04 18:46:00,ST003,PRD0218,CUST0207,4,17938.6,Mobile Wallet,Physical Store
TXN004700,2025-04-03 11:26:00,ST001,PRD0127,CUST0632,1,5043.76,Cash,Physical Store
TXN004701,2025-05-16 16:54:00,ST006,PRD0170,CUST0901,5,1914.37,Mobile Wallet,Physical Store
TXN004702,2025-08-19 09:09:00,ST006,PRD0198,CUST0672,4,2914.92,Card,Physical Store
TXN004703,2025-10-09 21:04:00,ST001,PRD0284,CUST0295,5,20638.42,Card,Physical Store
TXN004704,2025-09-09 20:35:00,ST006,PRD0320,CUST1043,3,8347.21,Card,Physical Store
TXN004705,2025-05-13 17:43:00,ST004,PRD0299,CUST0132,5,8975.12,Cash,Physical Store
TXN004706,2025-11-23 16:18:00,ST003,PRD0052,CUST0713,5,7984.07,Online,Physical Store
TXN004707,2025-04-09 15:45:00,ST002,PRD0117,CUST0127,3,14750.74,Mobile Wallet,Physical Store
TXN004708,2025-08-02 11:07:00,ST005,PRD0272,CUST0658,3,9997.42,Mobile Wallet,Physical Store
TXN004709,2025-09-10 08:31:00,ST003,PRD0064,CUST0892,5,1220.74,Online,Physical Store
TXN004710,2025-10-08 19:59:00,ST001,PRD0049,CUST0555,3,17860.23,Cash,Physical Store
TXN004711,2025-01-31 19:46:00,ST003,PRD0140,CUST0075,4,12592.3,Mobile Wallet,Physical Store
TXN004712,2025-01-24 10:15:00,ST003,PRD0063,CUST0105,4,13040.87,Cash,Physical Store
TXN004713,2025-08-16 20:38:00,ST004,PRD0249,CUST0326,5,15746.95,Card,Physical Store
TXN004714,2025-04-01 19:35:00,ST002,PRD0258,CUST0677,3,3276.89,Mobile Wallet,Physical Store
TXN004715,2025-04-16 19:17:00,ST006,PRD0133,CUST0995,5,1638.63,Card,Physical Store
TXN004716,2025-07-11 09:51:00,ST004,PRD0329,CUST0984,2,2156.83,Mobile Wallet,Physical Store
TXN004717,2025-11-20 21:56:00,ST006,PRD0165,CUST0565,4,15750.95,Online,Physical Store
TXN004718,2025-09-18 21:29:00,ST001,PRD0287,CUST0499,4,3212.74,Cash,Physical Store
TXN004719,2025-12-25 13:12:00,ST006,PRD0301,CUST0293,3,16353.38,Cash,Physical Store
TXN004720,2025-08-09 19:51:00,ST005,PRD0254,CUST0942,1,11992.71,Online,Physical Store
TXN004721,2025-04-10 19:25:00,ST003,PRD0002,CUST0219,4,5132.62,Card,Physical Store
TXN004722,2025-12-25 08:16:00,ST004,PRD0032,CUST0324,3,16689.25,Cash,Physical Store
TXN004723,2025-01-24 12:07:00,ST006,PRD0103,CUST0204,4,9758.61,Mobile Wallet,Physical Store
TXN004724,2025-09-11 15:22:00,ST004,PRD0076,CUST0984,1,3801.59,Cash,Physical Store
TXN004725,2025-03-21 15:36:00,ST004,PRD0240,CUST0211,4,5346.51,Card,Physical Store
TXN004726,2025-06-16 08:26:00,ST002,PRD0152,CUST0366,4,13560.83,Cash,Physical Store
TXN004727,2025-12-19 12:13:00,ST006,PRD0263,CUST0207,4,3550.61,Mobile Wallet,Physical Store
TXN004728,2025-08-25 14:08:00,ST002,PRD0086,CUST0898,1,347.58,Online,Physical Store
TXN004729,2025-06-09 11:04:00,ST001,PRD0203,CUST0476,5,10598.59,Online,Physical Store
TXN004730,2025-09-19 12:26:00,ST003,PRD0140,CUST0989,2,12592.3,Mobile Wallet,Physical Store
TXN004731,2025-01-28 21:18:00,ST002,PRD0197,CUST0958,5,13667.49,Cash,Physical Store
TXN004732,2025-12-16 11:27:00,ST006,PRD0318,CUST0044,4,9023.94,Cash,Physical Store
TXN004733,2025-06-13 19:50:00,ST004,PRD0180,CUST0068,2,18463.04,Cash,Physical Store
TXN004734,2025-05-02 12:01:00,ST001,PRD0320,CUST0966,2,8347.21,Card,Physical Store
TXN004735,2025-03-21 20:49:00,ST004,PRD0029,CUST0885,4,14939.28,Mobile Wallet,Physical Store
TXN004736,2025-07-27 13:18:00,ST002,PRD0336,CUST0009,3,2121.27,Card,Physical Store
TXN004737,2025-05-23 10:40:00,ST005,PRD0334,CUST0234,4,9286.96,Online,Physical Store
TXN004738,2025-04-24 13:14:00,ST001,PRD0086,CUST1026,4,347.58,Mobile Wallet,Physical Store
TXN004739,2025-10-09 18:00:00,ST005,PRD0188,CUST0139,2,10116.21,Cash,Physical Store
TXN004740,2025-06-20 15:14:00,ST004,PRD0096,CUST0238,2,5240.02,Mobile Wallet,Physical Store
TXN004741,2025-10-13 20:59:00,ST003,PRD0335,CUST0789,3,8481.29,Online,Physical Store
TXN004742,2025-07-10 10:26:00,ST001,PRD0057,CUST0646,1,21303.63,Mobile Wallet,Physical Store
TXN004743,2025-01-06 19:22:00,ST003,PRD0188,CUST1020,1,10116.21,Card,Physical Store
TXN004744,2025-11-15 13:02:00,ST004,PRD0288,CUST0817,5,2165.9,Online,Physical Store
TXN004745,2025-05-29 09:08:00,ST005,PRD0098,CUST0704,5,620.21,Mobile Wallet,Physical Store
TXN004746,2025-12-02 10:59:00,ST002,PRD0163,CUST0814,5,16681.73,Mobile Wallet,Physical Store
TXN004747,2025-05-07 13:27:00,ST006,PRD0013,CUST0072,4,22686.55,Card,Physical Store
TXN004748,2025-06-21 18:22:00,ST004,PRD0033,CUST0750,1,21125.63,Mobile Wallet,Physical Store
TXN004749,2025-12-22 13:04:00,ST005,PRD0300,CUST0412,4,6059.15,Online,Physical Store
TXN004750,2025-10-29 13:13:00,ST002,PRD0035,CUST0354,4,12242.79,Online,Physical Store
TXN004751,2025-05-09 20:55:00,ST005,PRD0172,CUST0041,1,20895.21,Mobile Wallet,Physical Store
TXN004752,2025-08-05 19:10:00,ST004,PRD0058,CUST0405,3,9174.14,Cash,Physical Store
TXN004753,2025-07-23 12:43:00,ST002,PRD0193,CUST0158,3,15266.12,Mobile Wallet,Physical Store
TXN004754,2025-06-21 11:09:00,ST004,PRD0073,CUST0262,3,13155.27,Cash,Physical Store
TXN004755,2025-12-13 16:06:00,ST005,PRD0002,CUST0220,3,5132.62,Cash,Physical Store
TXN004756,2025-03-27 17:46:00,ST005,PRD0227,CUST0149,5,17168.54,Online,Physical Store
TXN004757,2025-01-23 20:53:00,ST004,PRD0285,CUST0515,2,11577.34,Online,Physical Store
TXN004758,2025-10-11 18:48:00,ST004,PRD0332,CUST0245,2,7226.95,Cash,Physical Store
TXN004759,2025-09-07 20:59:00,ST006,PRD0308,CUST0512,1,8374.13,Cash,Physical Store
TXN004760,2025-09-24 21:01:00,ST006,PRD0166,CUST0025,3,15634.98,Cash,Physical Store
TXN004761,2025-10-07 09:17:00,ST003,PRD0009,CUST0395,2,2429.12,Cash,Physical Store
TXN004762,2025-06-24 08:35:00,ST004,PRD0058,CUST0099,3,9174.14,Card,Physical Store
TXN004763,2025-06-24 18:33:00,ST001,PRD0222,CUST0078,2,19331.27,Card,Physical Store
TXN004764,2025-02-05 09:26:00,ST001,PRD0213,CUST0622,4,2681.49,Card,Physical Store
TXN004765,2025-11-22 09:10:00,ST004,PRD0149,CUST0881,4,19334.45,Online,Physical Store
TXN004766,2025-03-15 16:07:00,ST005,PRD0077,CUST0711,5,22335.09,Card,Physical Store
TXN004767,2025-07-23 20:10:00,ST005,PRD0027,CUST0937,3,3678.01,Online,Physical Store
TXN004768,2025-10-27 19:46:00,ST004,PRD0165,CUST0154,2,15750.95,Cash,Physical Store
TXN004769,2025-10-24 10:00:00,ST006,PRD0126,CUST0459,1,8272.6,Online,Physical Store
TXN004770,2025-08-10 13:26:00,ST004,PRD0182,CUST1015,1,19280.03,Mobile Wallet,Physical Store
TXN004771,2025-07-01 15:54:00,ST001,PRD0263,CUST0198,2,3550.61,Online,Physical Store
TXN004772,2025-10-22 17:22:00,ST005,PRD0030,CUST0621,2,19772.8,Mobile Wallet,Physical Store
TXN004773,2025-05-29 18:06:00,ST001,PRD0204,CUST0555,3,20131.16,Mobile Wallet,Physical Store
TXN004774,2025-03-15 19:45:00,ST002,PRD0289,CUST0662,2,9318.7,Card,Physical Store
TXN004775,2025-04-26 08:30:00,ST004,PRD0076,CUST0556,5,3801.59,Mobile Wallet,Physical Store
TXN004776,2025-05-11 09:58:00,ST002,PRD0096,CUST0847,1,5240.02,Online,Physical Store
TXN004777,2025-07-05 15:16:00,ST005,PRD0165,CUST0813,1,15750.95,Cash,Physical Store
TXN004778,2025-12-19 13:54:00,ST002,PRD0259,CUST0410,5,7839.33,Online,Physical Store
TXN004779,2025-01-19 16:14:00,ST002,PRD0189,CUST0556,3,11978.82,Mobile Wallet,Physical Store
TXN004780,2025-09-21 16:22:00,ST005,PRD0290,CUST1045,1,1192.9,Card,Physical Store
TXN004781,2025-01-08 14:39:00,ST005,PRD0197,CUST0764,4,13667.49,Card,Physical Store
TXN004782,2025-04-02 13:42:00,ST004,PRD0307,CUST0850,2,11194.39,Mobile Wallet,Physical Store
TXN004783,2025-12-19 10:08:00,ST002,PRD0123,CUST0849,5,13170.98,Cash,Physical Store
TXN004784,2025-03-31 15:21:00,ST005,PRD0119,CUST0521,1,9036.76,Card,Physical Store
TXN004785,2025-11-10 19:38:00,ST005,PRD0177,CUST0695,4,6812.39,Cash,Physical Store
TXN004786,2025-03-24 20:59:00,ST004,PRD0069,CUST0037,1,12214.5,Mobile Wallet,Physical Store
TXN004787,2025-02-11 18:01:00,ST003,PRD0216,CUST0267,5,5330.04,Online,Physical Store
TXN004788,2025-01-10 10:47:00,ST004,PRD0198,CUST0587,3,2914.92,Card,Physical Store
TXN004789,2025-07-06 18:13:00,ST006,PRD0143,CUST0196,3,7468.23,Card,Physical Store
TXN004790,2025-11-15 09:01:00,ST006,PRD0112,CUST0382,2,11463.12,Cash,Physical Store
TXN004791,2025-09-28 14:53:00,ST006,PRD0219,CUST0960,5,19961.51,Cash,Physical Store
TXN004792,2025-08-06 14:40:00,ST004,PRD0250,CUST0527,4,2291.41,Card,Physical Store
TXN004793,2025-01-27 19:59:00,ST003,PRD0050,CUST0163,1,2136.14,Cash,Physical Store
TXN004794,2025-10-10 11:32:00,ST005,PRD0129,CUST0506,4,13492.02,Card,Physical Store
TXN004795,2025-07-21 08:50:00,ST006,PRD0044,CUST0916,4,646.96,Mobile Wallet,Physical Store
TXN004796,2025-11-14 20:22:00,ST006,PRD0330,CUST0455,2,17208.76,Online,Physical Store
TXN004797,2025-03-14 10:20:00,ST002,PRD0109,CUST0463,5,6325.94,Card,Physical Store
TXN004798,2025-05-16 10:23:00,ST002,PRD0253,CUST0977,4,17101.61,Mobile Wallet,Physical Store
TXN004799,2025-08-22 12:23:00,ST002,PRD0229,CUST0695,1,22339.45,Cash,Physical Store
TXN004800,2025-12-04 20:33:00,ST001,PRD0270,CUST0706,2,18277.44,Cash,Physical Store
TXN004801,2025-05-25 16:19:00,ST006,PRD0222,CUST0072,2,19331.27,Mobile Wallet,Physical Store
TXN004802,2025-04-08 16:14:00,ST004,PRD0299,CUST0812,5,8975.12,Online,Physical Store
TXN004803,2025-04-01 20:50:00,ST003,PRD0009,CUST0585,4,2429.12,Card,Physical Store
TXN004804,2025-07-08 18:32:00,ST004,PRD0305,CUST0638,4,1169.36,Cash,Physical Store
TXN004805,2025-07-16 17:44:00,ST003,PRD0126,CUST0364,5,8272.6,Card,Physical Store
TXN004806,2025-03-08 18:40:00,ST003,PRD0028,CUST0308,3,9297.13,Mobile Wallet,Physical Store
TXN004807,2025-02-11 21:26:00,ST003,PRD0331,CUST0972,5,7946.53,Mobile Wallet,Physical Store
TXN004808,2025-08-16 18:28:00,ST005,PRD0269,CUST0140,5,6185.21,Mobile Wallet,Physical Store
TXN004809,2025-04-21 19:26:00,ST003,PRD0041,CUST0461,5,16598.91,Online,Physical Store
TXN004810,2025-11-23 13:50:00,ST001,PRD0300,CUST0277,1,6059.15,Online,Physical Store
TXN004811,2025-08-13 10:14:00,ST001,PRD0324,CUST0681,1,10127.07,Online,Physical Store
TXN004812,2025-08-24 11:31:00,ST004,PRD0250,CUST0866,2,2291.41,Card,Physical Store
TXN004813,2025-09-16 20:37:00,ST005,PRD0195,CUST0724,3,2320.2,Mobile Wallet,Physical Store
TXN004814,2025-12-14 15:36:00,ST006,PRD0044,CUST0981,5,646.96,Card,Physical Store
TXN004815,2025-03-11 08:02:00,ST001,PRD0282,CUST0253,1,5174.17,Cash,Physical Store
TXN004816,2025-05-11 10:32:00,ST001,PRD0209,CUST0853,5,2802.76,Mobile Wallet,Physical Store
TXN004817,2025-04-04 13:05:00,ST005,PRD0165,CUST1001,3,15750.95,Online,Physical Store
TXN004818,2025-02-25 12:55:00,ST006,PRD0299,CUST0088,5,8975.12,Mobile Wallet,Physical Store
TXN004819,2025-08-16 09:40:00,ST001,PRD0008,CUST1048,1,18695.07,Online,Physical Store
TXN004820,2025-11-20 13:32:00,ST002,PRD0248,CUST0376,3,7269.43,Card,Physical Store
TXN004821,2025-09-05 21:43:00,ST004,PRD0329,CUST0601,5,2156.83,Mobile Wallet,Physical Store
TXN004822,2025-06-28 19:42:00,ST002,PRD0066,CUST0610,5,13064.65,Cash,Physical Store
TXN004823,2025-06-26 09:29:00,ST006,PRD0064,CUST0952,2,1220.74,Online,Physical Store
TXN004824,2025-02-02 10:41:00,ST002,PRD0112,CUST0525,2,11463.12,Online,Physical Store
TXN004825,2025-04-29 14:29:00,ST004,PRD0192,CUST0917,4,812.19,Mobile Wallet,Physical Store
TXN004826,2025-04-19 12:57:00,ST005,PRD0067,CUST0795,3,2993.21,Mobile Wallet,Physical Store
TXN004827,2025-06-15 08:13:00,ST006,PRD0036,CUST0019,3,5751.78,Mobile Wallet,Physical Store
TXN004828,2025-11-03 09:16:00,ST001,PRD0001,CUST0964,4,11200.87,Card,Physical Store
TXN004829,2025-09-19 08:50:00,ST005,PRD0212,CUST0175,5,7877.4,Cash,Physical Store
TXN004830,2025-09-04 21:16:00,ST005,PRD0202,CUST0805,4,17402.33,Mobile Wallet,Physical Store
TXN004831,2025-12-09 12:30:00,ST001,PRD0078,CUST0185,4,15781.51,Card,Physical Store
TXN004832,2025-05-29 20:14:00,ST005,PRD0189,CUST0799,4,11978.82,Card,Physical Store
TXN004833,2025-01-26 11:09:00,ST005,PRD0179,CUST0404,4,20362.49,Online,Physical Store
TXN004834,2025-03-15 13:20:00,ST004,PRD0273,CUST0913,4,13625.49,Card,Physical Store
TXN004835,2025-06-13 19:00:00,ST006,PRD0243,CUST0192,1,3916.43,Mobile Wallet,Physical Store
TXN004836,2025-04-01 16:44:00,ST004,PRD0115,CUST0610,4,3172.29,Online,Physical Store
TXN004837,2025-08-01 19:43:00,ST001,PRD0037,CUST0376,4,4663.44,Online,Physical Store
TXN004838,2025-11-09 19:40:00,ST006,PRD0312,CUST0420,4,6604.88,Card,Physical Store
TXN004839,2025-02-24 20:36:00,ST003,PRD0203,CUST0361,4,10598.59,Mobile Wallet,Physical Store
TXN004840,2025-12-24 12:16:00,ST003,PRD0115,CUST0079,5,3172.29,Cash,Physical Store
TXN004841,2025-11-19 17:53:00,ST002,PRD0173,CUST0806,4,8871.76,Cash,Physical Store
TXN004842,2025-02-01 18:25:00,ST006,PRD0103,CUST0799,2,9758.61,Cash,Physical Store
TXN004843,2025-01-28 13:43:00,ST001,PRD0040,CUST0797,3,11363.76,Mobile Wallet,Physical Store
TXN004844,2025-09-19 15:55:00,ST005,PRD0332,CUST0114,3,7226.95,Cash,Physical Store
TXN004845,2025-02-16 11:47:00,ST006,PRD0335,CUST0746,2,8481.29,Mobile Wallet,Physical Store
TXN004846,2025-11-20 18:40:00,ST002,PRD0127,CUST0852,3,5043.76,Mobile Wallet,Physical Store
TXN004847,2025-11-18 10:48:00,ST006,PRD0305,CUST0650,5,1169.36,Mobile Wallet,Physical Store
TXN004848,2025-08-14 15:30:00,ST003,PRD0032,CUST0686,3,16689.25,Cash,Physical Store
TXN004849,2025-08-31 09:11:00,ST005,PRD0301,CUST0787,5,16353.38,Cash,Physical Store
TXN004850,2025-06-16 12:45:00,ST001,PRD0282,CUST0375,4,5174.17,Cash,Physical Store
TXN004851,2025-12-03 10:36:00,ST002,PRD0127,CUST0445,1,5043.76,Card,Physical Store
TXN004852,2025-07-20 16:36:00,ST004,PRD0100,CUST0965,3,12867.68,Cash,Physical Store
TXN004853,2025-03-22 09:15:00,ST003,PRD0223,CUST0589,1,16691.47,Mobile Wallet,Physical Store
TXN004854,2025-09-04 09:44:00,ST003,PRD0070,CUST0139,5,13037.06,Card,Physical Store
TXN004855,2025-12-25 18:41:00,ST003,PRD0192,CUST0130,5,812.19,Mobile Wallet,Physical Store
TXN004856,2025-02-13 15:27:00,ST005,PRD0187,CUST0689,5,17512.81,Card,Physical Store
TXN004857,2025-03-21 11:44:00,ST006,PRD0189,CUST0741,2,11978.82,Online,Physical Store
TXN004858,2025-10-12 15:42:00,ST001,PRD0014,CUST0896,2,6143.33,Card,Physical Store
TXN004859,2025-03-17 16:49:00,ST003,PRD0091,CUST0457,2,17670.77,Card,Physical Store
TXN004860,2025-10-06 21:28:00,ST003,PRD0270,CUST1020,1,18277.44,Card,Physical Store
TXN004861,2025-06-29 20:57:00,ST004,PRD0307,CUST0840,3,11194.39,Card,Physical Store
TXN004862,2025-07-30 16:42:00,ST004,PRD0159,CUST1022,3,2977.17,Online,Physical Store
TXN004863,2025-12-13 13:20:00,ST005,PRD0018,CUST0932,2,21346.27,Card,Physical Store
TXN004864,2025-02-22 20:00:00,ST005,PRD0063,CUST0724,1,13040.87,Cash,Physical Store
TXN004865,2025-10-04 15:20:00,ST001,PRD0207,CUST0636,3,10872.38,Online,Physical Store
TXN004866,2025-10-05 09:41:00,ST001,PRD0007,CUST0656,5,13705.32,Cash,Physical Store
TXN004867,2025-01-01 16:57:00,ST005,PRD0329,CUST0862,4,2156.83,Mobile Wallet,Physical Store
TXN004868,2025-05-14 12:31:00,ST002,PRD0223,CUST0163,5,16691.47,Mobile Wallet,Physical Store
TXN004869,2025-09-30 20:49:00,ST002,PRD0281,CUST0875,4,4870.82,Mobile Wallet,Physical Store
TXN004870,2025-11-21 12:24:00,ST002,PRD0170,CUST0497,2,1914.37,Online,Physical Store
TXN004871,2025-08-16 15:17:00,ST002,PRD0294,CUST0837,2,2896.16,Mobile Wallet,Physical Store
TXN004872,2025-10-23 21:09:00,ST005,PRD0080,CUST0882,2,5394.99,Cash,Physical Store
TXN004873,2025-11-12 09:22:00,ST004,PRD0001,CUST0372,2,11200.87,Online,Physical Store
TXN004874,2025-04-16 16:56:00,ST003,PRD0328,CUST1022,2,8691.06,Online,Physical Store
TXN004875,2025-01-26 13:10:00,ST003,PRD0060,CUST0594,1,20909.2,Cash,Physical Store
TXN004876,2025-05-10 15:08:00,ST004,PRD0214,CUST0055,5,829.59,Mobile Wallet,Physical Store
TXN004877,2025-03-25 17:04:00,ST004,PRD0139,CUST0728,5,3538.08,Mobile Wallet,Physical Store
TXN004878,2025-05-01 14:24:00,ST001,PRD0009,CUST0650,5,2429.12,Cash,Physical Store
TXN004879,2025-08-13 20:19:00,ST004,PRD0249,CUST0475,4,15746.95,Online,Physical Store
TXN004880,2025-04-15 17:28:00,ST004,PRD0331,CUST0717,5,7946.53,Online,Physical Store
TXN004881,2025-09-17 19:38:00,ST001,PRD0178,CUST0742,4,970.06,Card,Physical Store
TXN004882,2025-02-27 20:40:00,ST003,PRD0314,CUST0519,3,14001.37,Mobile Wallet,Physical Store
TXN004883,2025-02-03 14:15:00,ST003,PRD0290,CUST0656,2,1192.9,Mobile Wallet,Physical Store
TXN004884,2025-05-09 15:30:00,ST004,PRD0248,CUST0569,2,7269.43,Card,Physical Store
TXN004885,2025-02-10 10:14:00,ST004,PRD0260,CUST0562,5,9674.14,Mobile Wallet,Physical Store
TXN004886,2025-07-09 14:57:00,ST005,PRD0038,CUST0167,5,16717.88,Mobile Wallet,Physical Store
TXN004887,2025-06-20 13:31:00,ST006,PRD0304,CUST0453,2,2572.59,Card,Physical Store
TXN004888,2025-11-01 08:40:00,ST005,PRD0015,CUST0123,3,7026.68,Cash,Physical Store
TXN004889,2025-06-13 12:22:00,ST004,PRD0059,CUST0898,2,2986.61,Online,Physical Store
TXN004890,2025-10-09 13:18:00,ST001,PRD0017,CUST0661,5,13431.35,Card,Physical Store
TXN004891,2025-05-22 12:59:00,ST002,PRD0095,CUST0595,4,14194.94,Mobile Wallet,Physical Store
TXN004892,2025-02-22 10:12:00,ST001,PRD0313,CUST0480,2,11708.67,Mobile Wallet,Physical Store
TXN004893,2025-06-22 11:12:00,ST005,PRD0191,CUST0399,3,9077.42,Mobile Wallet,Physical Store
TXN004894,2025-06-10 21:37:00,ST004,PRD0278,CUST0042,5,7489.54,Card,Physical Store
TXN004895,2025-09-15 10:46:00,ST005,PRD0062,CUST0827,1,3706.43,Mobile Wallet,Physical Store
TXN004896,2025-10-14 15:48:00,ST005,PRD0323,CUST0667,4,14720.06,Card,Physical Store
TXN004897,2025-12-26 20:30:00,ST002,PRD0098,CUST0953,4,620.21,Cash,Physical Store
TXN004898,2025-10-29 15:29:00,ST004,PRD0113,CUST0507,4,5925.51,Mobile Wallet,Physical Store
TXN004899,2025-01-14 17:31:00,ST003,PRD0292,CUST1022,5,7767.01,Online,Physical Store
TXN004900,2025-01-06 20:56:00,ST003,PRD0029,CUST0599,3,14939.28,Cash,Physical Store
TXN004901,2025-08-16 19:08:00,ST005,PRD0308,CUST0819,2,8374.13,Cash,Physical Store
TXN004902,2025-12-18 09:01:00,ST006,PRD0227,CUST0474,2,17168.54,Card,Physical Store
TXN004903,2025-07-27 13:09:00,ST003,PRD0230,CUST0325,3,17471.77,Mobile Wallet,Physical Store
TXN004904,2025-05-02 08:21:00,ST006,PRD0319,CUST0624,1,6266.57,Online,Physical Store
TXN004905,2025-08-06 15:07:00,ST003,PRD0035,CUST0940,4,12242.79,Card,Physical Store
TXN004906,2025-10-27 16:53:00,ST006,PRD0227,CUST0338,3,17168.54,Online,Physical Store
TXN004907,2025-10-11 09:45:00,ST005,PRD0303,CUST0943,1,11893.96,Online,Physical Store
TXN004908,2025-01-04 15:21:00,ST001,PRD0162,CUST0411,5,19501.87,Online,Physical Store
TXN004909,2025-04-11 19:25:00,ST004,PRD0174,CUST0978,2,14032.47,Card,Physical Store
TXN004910,2025-11-14 13:02:00,ST001,PRD0233,CUST0050,3,11296.41,Card,Physical Store
TXN004911,2025-01-24 14:38:00,ST001,PRD0213,CUST0919,2,2681.49,Card,Physical Store
TXN004912,2025-10-01 09:20:00,ST004,PRD0199,CUST0497,5,10404.09,Cash,Physical Store
TXN004913,2025-04-04 15:55:00,ST004,PRD0267,CUST0684,2,13855.01,Card,Physical Store
TXN004914,2025-02-27 12:46:00,ST001,PRD0294,CUST0350,3,2896.16,Card,Physical Store
TXN004915,2025-08-31 09:30:00,ST006,PRD0124,CUST0006,4,2894.98,Card,Physical Store
TXN004916,2025-10-17 08:53:00,ST002,PRD0271,CUST0762,5,2468.45,Cash,Physical Store
TXN004917,2025-07-28 16:16:00,ST005,PRD0257,CUST0419,4,13818.08,Cash,Physical Store
TXN004918,2025-08-05 15:10:00,ST003,PRD0102,CUST0809,4,18335.61,Mobile Wallet,Physical Store
TXN004919,2025-01-24 14:30:00,ST005,PRD0247,CUST0761,3,9781.8,Online,Physical Store
TXN004920,2025-08-18 20:15:00,ST001,PRD0168,CUST0596,1,14853.54,Online,Physical Store
TXN004921,2025-11-24 18:56:00,ST003,PRD0227,CUST0986,2,17168.54,Cash,Physical Store
TXN004922,2025-05-31 08:11:00,ST001,PRD0169,CUST1029,5,10615.75,Cash,Physical Store
TXN004923,2025-11-18 16:58:00,ST004,PRD0164,CUST0667,5,12166.75,Card,Physical Store
TXN004924,2025-04-19 13:31:00,ST004,PRD0258,CUST0598,3,3276.89,Card,Physical Store
TXN004925,2025-01-24 16:01:00,ST001,PRD0079,CUST0591,1,6321.36,Online,Physical Store
TXN004926,2025-02-13 13:03:00,ST002,PRD0240,CUST0621,5,5346.51,Cash,Physical Store
TXN004927,2025-07-27 14:00:00,ST006,PRD0268,CUST0244,4,4050.68,Cash,Physical Store
TXN004928,2025-02-14 13:40:00,ST001,PRD0188,CUST0784,4,10116.21,Card,Physical Store
TXN004929,2025-11-28 12:01:00,ST001,PRD0142,CUST0903,3,1184.22,Cash,Physical Store
TXN004930,2025-01-22 21:53:00,ST003,PRD0160,CUST0688,5,16917.41,Cash,Physical Store
TXN004931,2025-11-25 16:37:00,ST001,PRD0071,CUST0267,4,3015.69,Mobile Wallet,Physical Store
TXN004932,2025-10-20 17:43:00,ST005,PRD0020,CUST0788,3,18682.24,Online,Physical Store
TXN004933,2025-11-16 11:21:00,ST001,PRD0224,CUST0714,5,9276.41,Card,Physical Store
TXN004934,2025-12-02 14:13:00,ST003,PRD0288,CUST0446,4,2165.9,Mobile Wallet,Physical Store
TXN004935,2025-03-13 21:10:00,ST005,PRD0156,CUST0744,3,7788.01,Cash,Physical Store
TXN004936,2025-09-06 08:33:00,ST001,PRD0114,CUST0483,3,9757.31,Online,Physical Store
TXN004937,2025-11-26 18:11:00,ST006,PRD0134,CUST0558,5,16453.67,Mobile Wallet,Physical Store
TXN004938,2025-07-25 19:15:00,ST006,PRD0312,CUST0073,1,6604.88,Cash,Physical Store
TXN004939,2025-05-14 13:13:00,ST006,PRD0303,CUST0038,3,11893.96,Mobile Wallet,Physical Store
TXN004940,2025-09-11 18:10:00,ST001,PRD0162,CUST0214,3,19501.87,Mobile Wallet,Physical Store
TXN004941,2025-02-26 19:28:00,ST002,PRD0027,CUST1029,4,3678.01,Cash,Physical Store
TXN004942,2025-09-12 21:00:00,ST004,PRD0303,CUST1027,1,11893.96,Mobile Wallet,Physical Store
TXN004943,2025-10-01 16:06:00,ST006,PRD0115,CUST0037,2,3172.29,Online,Physical Store
TXN004944,2025-07-14 17:06:00,ST001,PRD0093,CUST0197,3,4406.01,Cash,Physical Store
TXN004945,2025-07-15 12:20:00,ST002,PRD0134,CUST0838,4,16453.67,Online,Physical Store
TXN004946,2025-08-13 11:07:00,ST004,PRD0080,CUST0716,2,5394.99,Cash,Physical Store
TXN004947,2025-03-07 15:25:00,ST004,PRD0304,CUST1026,4,2572.59,Card,Physical Store
TXN004948,2025-03-24 20:48:00,ST006,PRD0300,CUST0727,4,6059.15,Online,Physical Store
TXN004949,2025-09-08 12:23:00,ST006,PRD0020,CUST0123,5,18682.24,Mobile Wallet,Physical Store
TXN004950,2025-03-03 15:57:00,ST003,PRD0119,CUST0452,1,9036.76,Mobile Wallet,Physical Store
TXN004951,2025-02-18 14:02:00,ST001,PRD0143,CUST0354,4,7468.23,Online,Physical Store
TXN004952,2025-05-10 15:05:00,ST003,PRD0214,CUST0682,1,829.59,Online,Physical Store
TXN004953,2025-02-23 13:11:00,ST003,PRD0221,CUST0536,3,6401.8,Card,Physical Store
TXN004954,2025-11-03 20:26:00,ST003,PRD0306,CUST0586,3,2327.28,Cash,Physical Store
TXN004955,2025-12-04 18:53:00,ST006,PRD0294,CUST0235,2,2896.16,Mobile Wallet,Physical Store
TXN004956,2025-10-13 08:16:00,ST004,PRD0305,CUST1037,4,1169.36,Card,Physical Store
TXN004957,2025-01-11 17:12:00,ST002,PRD0281,CUST0394,4,4870.82,Mobile Wallet,Physical Store
TXN004958,2025-06-16 19:10:00,ST006,PRD0160,CUST0356,4,16917.41,Mobile Wallet,Physical Store
TXN004959,2025-01-02 19:51:00,ST003,PRD0249,CUST0577,1,15746.95,Mobile Wallet,Physical Store
TXN004960,2025-05-14 21:48:00,ST004,PRD0139,CUST0007,2,3538.08,Cash,Physical Store
TXN004961,2025-04-08 13:12:00,ST003,PRD0145,CUST0318,3,10608.78,Online,Physical Store
TXN004962,2025-07-17 09:35:00,ST006,PRD0102,CUST0294,4,18335.61,Card,Physical Store
TXN004963,2025-02-15 11:34:00,ST003,PRD0131,CUST0252,3,7115.22,Cash,Physical Store
TXN004964,2025-01-05 17:42:00,ST006,PRD0181,CUST0560,2,8249.71,Online,Physical Store
TXN004965,2025-03-14 21:30:00,ST004,PRD0174,CUST0014,3,14032.47,Cash,Physical Store
TXN004966,2025-09-19 12:41:00,ST004,PRD0270,CUST0353,1,18277.44,Card,Physical Store
TXN004967,2025-08-30 09:09:00,ST003,PRD0201,CUST0386,2,4607.12,Cash,Physical Store
TXN004968,2025-12-21 18:11:00,ST005,PRD0317,CUST0434,4,13310.61,Cash,Physical Store
TXN004969,2025-05-08 10:26:00,ST002,PRD0241,CUST0325,4,5942.64,Card,Physical Store
TXN004970,2025-03-21 14:08:00,ST004,PRD0230,CUST0916,4,17471.77,Online,Physical Store
TXN004971,2025-08-11 17:21:00,ST005,PRD0260,CUST1042,1,9674.14,Online,Physical Store
TXN004972,2025-07-17 16:28:00,ST005,PRD0328,CUST0938,3,8691.06,Card,Physical Store
TXN004973,2025-10-22 12:17:00,ST002,PRD0311,CUST0398,1,4148.18,Mobile Wallet,Physical Store
TXN004974,2025-09-08 13:40:00,ST004,PRD0254,CUST0322,4,11992.71,Online,Physical Store
TXN004975,2025-12-30 21:38:00,ST004,PRD0003,CUST0677,2,7463.9,Mobile Wallet,Physical Store
TXN004976,2025-08-13 18:32:00,ST002,PRD0108,CUST0383,1,7369.56,Cash,Physical Store
TXN004977,2025-07-23 09:57:00,ST004,PRD0106,CUST0220,4,11908.0,Cash,Physical Store
TXN004978,2025-06-24 11:19:00,ST006,PRD0022,CUST0425,5,13125.31,Card,Physical Store
TXN004979,2025-04-07 11:06:00,ST005,PRD0335,CUST0654,1,8481.29,Cash,Physical Store
TXN004980,2025-02-23 14:25:00,ST002,PRD0144,CUST0024,2,17251.78,Mobile Wallet,Physical Store
TXN004981,2025-03-11 16:03:00,ST005,PRD0062,CUST0455,5,3706.43,Online,Physical Store
TXN004982,2025-04-10 09:07:00,ST005,PRD0182,CUST0566,2,19280.03,Mobile Wallet,Physical Store
TXN004983,2025-10-06 09:23:00,ST001,PRD0249,CUST0504,3,15746.95,Online,Physical Store
TXN004984,2025-10-24 20:05:00,ST001,PRD0012,CUST0774,4,3550.38,Mobile Wallet,Physical Store
TXN004985,2025-04-04 11:45:00,ST003,PRD0195,CUST0724,1,2320.2,Mobile Wallet,Physical Store
TXN004986,2025-01-20 10:26:00,ST003,PRD0335,CUST0358,2,8481.29,Mobile Wallet,Physical Store
TXN004987,2025-10-10 18:38:00,ST001,PRD0068,CUST0297,3,12827.93,Card,Physical Store
TXN004988,2025-08-07 18:06:00,ST004,PRD0126,CUST0691,1,8272.6,Card,Physical Store
TXN004989,2025-02-03 08:33:00,ST003,PRD0149,CUST0068,1,19334.45,Mobile Wallet,Physical Store
TXN004990,2025-11-11 17:31:00,ST002,PRD0334,CUST0037,4,9286.96,Cash,Physical Store
TXN004991,2025-01-20 17:39:00,ST004,PRD0245,CUST0725,2,8847.6,Mobile Wallet,Physical Store
TXN004992,2025-08-03 13:03:00,ST005,PRD0274,CUST0440,4,2220.38,Cash,Physical Store
TXN004993,2025-07-20 16:59:00,ST001,PRD0084,CUST0233,3,16667.34,Mobile Wallet,Physical Store
TXN004994,2025-04-26 15:12:00,ST003,PRD0028,CUST0929,1,9297.13,Card,Physical Store
TXN004995,2025-10-24 08:12:00,ST002,PRD0317,CUST0021,5,13310.61,Cash,Physical Store
TXN004996,2025-01-27 13:54:00,ST001,PRD0201,CUST0363,4,4607.12,Mobile Wallet,Physical Store
TXN004997,2025-01-04 18:11:00,ST003,PRD0334,CUST0583,4,9286.96,Online,Physical Store
TXN004998,2025-12-01 15:39:00,ST002,PRD0268,CUST0352,1,4050.68,Card,Physical Store
TXN004999,2025-08-25 11:34:00,ST002,PRD0061,CUST0677,2,15518.33,Card,Physical Store
TXN005000,2025-03-30 10:36:00,ST003,PRD0233,CUST0358,3,11296.41,Cash,Physical Store
TXN005001,2025-02-27 12:37:00,ST003,PRD0128,CUST0606,4,9239.11,Online,Physical Store
TXN005002,2025-05-01 18:05:00,ST003,PRD0260,CUST0823,3,9674.14,Online,Physical Store
TXN005003,2025-08-21 16:03:00,ST002,PRD0030,CUST0974,5,19772.8,Online,Physical Store
TXN005004,2025-08-08 11:25:00,ST003,PRD0211,CUST0496,4,11225.27,Online,Physical Store
TXN005005,2025-11-23 18:23:00,ST003,PRD0332,CUST0035,3,7226.95,Card,Physical Store
TXN005006,2025-10-04 15:23:00,ST006,PRD0020,CUST0028,4,18682.24,Mobile Wallet,Physical Store
TXN005007,2025-01-17 17:37:00,ST004,PRD0028,CUST0386,1,9297.13,Card,Physical Store
TXN005008,2025-02-18 18:56:00,ST005,PRD0040,CUST0465,3,11363.76,Cash,Physical Store
TXN005009,2025-05-25 11:13:00,ST006,PRD0122,CUST0226,3,5139.97,Mobile Wallet,Physical Store
TXN005010,2025-10-25 14:16:00,ST001,PRD0010,CUST0237,1,15285.57,Online,Physical Store
TXN005011,2025-07-27 08:05:00,ST003,PRD0317,CUST0410,2,13310.61,Card,Physical Store
TXN005012,2025-01-04 21:59:00,ST004,PRD0223,CUST0341,2,16691.47,Cash,Physical Store
TXN005013,2025-12-18 17:13:00,ST002,PRD0040,CUST0795,3,11363.76,Mobile Wallet,Physical Store
TXN005014,2025-07-24 21:59:00,ST004,PRD0117,CUST0474,1,14750.74,Cash,Physical Store
TXN005015,2025-05-30 08:57:00,ST001,PRD0282,CUST0320,2,5174.17,Cash,Physical Store
TXN005016,2025-02-02 15:05:00,ST005,PRD0230,CUST0248,5,17471.77,Online,Physical Store
TXN005017,2025-06-12 15:58:00,ST001,PRD0129,CUST0095,3,13492.02,Online,Physical Store
TXN005018,2025-01-15 16:04:00,ST003,PRD0307,CUST0024,1,11194.39,Mobile Wallet,Physical Store
TXN005019,2025-08-14 20:51:00,ST004,PRD0120,CUST0734,2,14398.39,Card,Physical Store
TXN005020,2025-07-06 17:23:00,ST002,PRD0045,CUST0967,4,1726.89,Online,Physical Store
TXN005021,2025-04-04 12:07:00,ST006,PRD0123,CUST0058,2,13170.98,Card,Physical Store
TXN005022,2025-09-27 20:48:00,ST001,PRD0193,CUST0981,1,15266.12,Mobile Wallet,Physical Store
TXN005023,2025-08-01 13:47:00,ST003,PRD0217,CUST0045,2,20488.83,Card,Physical Store
TXN005024,2025-04-09 13:56:00,ST003,PRD0229,CUST0902,4,22339.45,Cash,Physical Store
TXN005025,2025-12-07 12:37:00,ST001,PRD0023,CUST0753,4,5149.18,Mobile Wallet,Physical Store
TXN005026,2025-06-22 11:09:00,ST005,PRD0066,CUST1016,5,13064.65,Mobile Wallet,Physical Store
TXN005027,2025-12-22 20:43:00,ST001,PRD0179,CUST0335,4,20362.49,Online,Physical Store
TXN005028,2025-09-27 15:58:00,ST006,PRD0268,CUST0237,4,4050.68,Card,Physical Store
TXN005029,2025-02-20 15:06:00,ST001,PRD0163,CUST0233,1,16681.73,Online,Physical Store
TXN005030,2025-03-25 19:16:00,ST006,PRD0060,CUST0322,3,20909.2,Online,Physical Store
TXN005031,2025-07-06 12:26:00,ST006,PRD0226,CUST0445,1,18502.93,Card,Physical Store
TXN005032,2025-08-16 09:59:00,ST005,PRD0241,CUST0541,1,5942.64,Cash,Physical Store
TXN005033,2025-12-16 14:25:00,ST003,PRD0306,CUST0658,3,2327.28,Cash,Physical Store
TXN005034,2025-10-05 13:30:00,ST001,PRD0003,CUST0394,3,7463.9,Cash,Physical Store
TXN005035,2025-11-29 20:05:00,ST004,PRD0253,CUST0826,1,17101.61,Cash,Physical Store
TXN005036,2025-07-18 09:13:00,ST001,PRD0333,CUST0076,1,6748.68,Card,Physical Store
TXN005037,2025-08-20 11:34:00,ST006,PRD0114,CUST0186,5,9757.31,Cash,Physical Store
TXN005038,2025-08-21 10:01:00,ST005,PRD0126,CUST0652,4,8272.6,Mobile Wallet,Physical Store
TXN005039,2025-07-03 21:27:00,ST001,PRD0133,CUST0026,1,1638.63,Cash,Physical Store
TXN005040,2025-12-07 20:54:00,ST002,PRD0333,CUST0650,3,6748.68,Mobile Wallet,Physical Store
TXN005041,2025-01-30 19:57:00,ST001,PRD0225,CUST0305,3,15148.9,Cash,Physical Store
TXN005042,2025-08-04 21:17:00,ST003,PRD0106,CUST0556,2,11908.0,Cash,Physical Store
TXN005043,2025-03-04 12:56:00,ST006,PRD0243,CUST0650,3,3916.43,Mobile Wallet,Physical Store
TXN005044,2025-08-12 10:17:00,ST002,PRD0271,CUST0299,2,2468.45,Cash,Physical Store
TXN005045,2025-11-26 14:57:00,ST001,PRD0151,CUST0259,1,17351.7,Mobile Wallet,Physical Store
TXN005046,2025-09-19 12:25:00,ST005,PRD0029,CUST0460,5,14939.28,Online,Physical Store
TXN005047,2025-02-20 18:44:00,ST003,PRD0174,CUST0305,2,14032.47,Mobile Wallet,Physical Store
TXN005048,2025-07-20 13:09:00,ST004,PRD0034,CUST1015,3,9530.33,Online,Physical Store
TXN005049,2025-06-16 11:48:00,ST003,PRD0120,CUST0202,4,14398.39,Online,Physical Store
TXN005050,2025-01-05 14:02:00,ST001,PRD0166,CUST0590,1,15634.98,Card,Physical Store
TXN005051,2025-09-01 18:06:00,ST006,PRD0115,CUST0596,4,3172.29,Card,Physical Store
TXN005052,2025-11-20 09:48:00,ST005,PRD0007,CUST1017,5,13705.32,Cash,Physical Store
TXN005053,2025-11-24 15:34:00,ST006,PRD0220,CUST0658,4,11025.69,Mobile Wallet,Physical Store
TXN005054,2025-01-28 09:35:00,ST003,PRD0270,CUST0466,1,18277.44,Cash,Physical Store
TXN005055,2025-12-23 18:20:00,ST004,PRD0325,CUST0570,3,10102.17,Online,Physical Store
TXN005056,2025-09-13 11:15:00,ST006,PRD0137,CUST0457,3,4588.15,Mobile Wallet,Physical Store
TXN005057,2025-05-08 14:48:00,ST001,PRD0309,CUST0979,1,20175.41,Mobile Wallet,Physical Store
TXN005058,2025-09-15 20:23:00,ST001,PRD0080,CUST0744,2,5394.99,Mobile Wallet,Physical Store
TXN005059,2025-06-13 08:16:00,ST001,PRD0003,CUST0439,4,7463.9,Cash,Physical Store
TXN005060,2025-03-01 16:20:00,ST005,PRD0319,CUST0815,5,6266.57,Mobile Wallet,Physical Store
TXN005061,2025-05-18 18:01:00,ST005,PRD0318,CUST0735,2,9023.94,Cash,Physical Store
TXN005062,2025-06-17 19:50:00,ST003,PRD0182,CUST0067,5,19280.03,Mobile Wallet,Physical Store
TXN005063,2025-10-20 10:32:00,ST006,PRD0035,CUST0547,4,12242.79,Card,Physical Store
TXN005064,2025-07-19 14:32:00,ST006,PRD0026,CUST0813,2,17486.51,Card,Physical Store
TXN005065,2025-05-28 09:27:00,ST005,PRD0326,CUST0195,1,8972.53,Online,Physical Store
TXN005066,2025-05-18 08:51:00,ST006,PRD0326,CUST0781,2,8972.53,Mobile Wallet,Physical Store
TXN005067,2025-09-20 18:57:00,ST005,PRD0314,CUST0054,5,14001.37,Cash,Physical Store
TXN005068,2025-07-21 16:51:00,ST002,PRD0104,CUST0183,1,12631.32,Cash,Physical Store
TXN005069,2025-08-24 17:21:00,ST002,PRD0309,CUST0286,5,20175.41,Card,Physical Store
TXN005070,2025-04-18 11:05:00,ST004,PRD0095,CUST0675,4,14194.94,Mobile Wallet,Physical Store
TXN005071,2025-03-12 13:00:00,ST001,PRD0110,CUST0705,4,5481.63,Mobile Wallet,Physical Store
TXN005072,2025-03-31 19:29:00,ST002,PRD0060,CUST0535,1,20909.2,Online,Physical Store
TXN005073,2025-03-31 15:41:00,ST002,PRD0254,CUST0387,2,11992.71,Online,Physical Store
TXN005074,2025-11-30 15:14:00,ST001,PRD0251,CUST0521,2,6655.05,Online,Physical Store
TXN005075,2025-03-19 08:38:00,ST004,PRD0130,CUST0380,1,15909.47,Card,Physical Store
TXN005076,2025-09-04 12:07:00,ST001,PRD0190,CUST1041,4,5190.85,Online,Physical Store
TXN005077,2025-03-15 13:03:00,ST002,PRD0169,CUST0279,3,10615.75,Cash,Physical Store
TXN005078,2025-10-22 13:22:00,ST005,PRD0281,CUST1007,4,4870.82,Card,Physical Store
TXN005079,2025-07-22 12:42:00,ST004,PRD0094,CUST1001,2,19664.63,Online,Physical Store
TXN005080,2025-08-21 10:14:00,ST006,PRD0267,CUST0204,4,13855.01,Cash,Physical Store
TXN005081,2025-03-07 17:09:00,ST001,PRD0044,CUST0491,3,646.96,Cash,Physical Store
TXN005082,2025-12-04 18:04:00,ST001,PRD0123,CUST0425,1,13170.98,Cash,Physical Store
TXN005083,2025-09-01 13:12:00,ST003,PRD0191,CUST0091,2,9077.42,Mobile Wallet,Physical Store
TXN005084,2025-10-23 12:33:00,ST002,PRD0148,CUST0213,2,2911.86,Card,Physical Store
TXN005085,2025-03-06 10:14:00,ST004,PRD0088,CUST0069,5,2632.29,Card,Physical Store
TXN005086,2025-09-26 20:20:00,ST003,PRD0243,CUST0122,5,3916.43,Card,Physical Store
TXN005087,2025-10-27 21:53:00,ST001,PRD0054,CUST0510,4,3904.5,Online,Physical Store
TXN005088,2025-10-15 15:33:00,ST002,PRD0106,CUST0983,5,11908.0,Cash,Physical Store
TXN005089,2025-04-26 09:27:00,ST004,PRD0284,CUST0381,2,20638.42,Cash,Physical Store
TXN005090,2025-09-22 08:39:00,ST001,PRD0306,CUST0429,4,2327.28,Online,Physical Store
TXN005091,2025-02-24 17:14:00,ST003,PRD0039,CUST0920,5,15677.76,Online,Physical Store
TXN005092,2025-11-03 16:35:00,ST004,PRD0127,CUST0007,2,5043.76,Online,Physical Store
TXN005093,2025-11-29 15:56:00,ST002,PRD0119,CUST0253,1,9036.76,Card,Physical Store
TXN005094,2025-08-17 08:42:00,ST002,PRD0129,CUST0546,4,13492.02,Online,Physical Store
TXN005095,2025-07-07 13:19:00,ST001,PRD0016,CUST0901,4,20268.14,Cash,Physical Store
TXN005096,2025-06-14 11:58:00,ST005,PRD0183,CUST0660,5,10505.4,Card,Physical Store
TXN005097,2025-04-15 12:35:00,ST001,PRD0052,CUST0255,5,7984.07,Card,Physical Store
TXN005098,2025-10-17 18:47:00,ST002,PRD0119,CUST0660,1,9036.76,Online,Physical Store
TXN005099,2025-09-09 15:37:00,ST005,PRD0284,CUST0340,3,20638.42,Mobile Wallet,Physical Store
TXN005100,2025-07-01 11:29:00,ST003,PRD0036,CUST0761,4,5751.78,Cash,Physical Store
TXN005101,2025-06-14 21:51:00,ST004,PRD0121,CUST0444,1,11401.01,Cash,Physical Store
TXN005102,2025-07-15 14:26:00,ST002,PRD0253,CUST0125,4,17101.61,Card,Physical Store
TXN005103,2025-02-16 09:36:00,ST001,PRD0036,CUST0883,1,5751.78,Online,Physical Store
TXN005104,2025-06-22 19:14:00,ST002,PRD0014,CUST0502,4,6143.33,Cash,Physical Store
TXN005105,2025-04-08 12:43:00,ST004,PRD0030,CUST0472,4,19772.8,Cash,Physical Store
TXN005106,2025-08-27 08:49:00,ST006,PRD0111,CUST0995,5,20533.53,Card,Physical Store
TXN005107,2025-01-15 14:06:00,ST001,PRD0276,CUST0281,1,21897.23,Online,Physical Store
TXN005108,2025-07-09 16:08:00,ST001,PRD0024,CUST0977,2,13723.71,Mobile Wallet,Physical Store
TXN005109,2025-04-04 21:17:00,ST003,PRD0230,CUST0612,2,17471.77,Mobile Wallet,Physical Store
TXN005110,2025-10-14 12:59:00,ST003,PRD0245,CUST0500,2,8847.6,Online,Physical Store
TXN005111,2025-02-01 20:27:00,ST006,PRD0169,CUST0276,5,10615.75,Cash,Physical Store
TXN005112,2025-06-21 19:57:00,ST005,PRD0113,CUST0788,4,5925.51,Cash,Physical Store
TXN005113,2025-03-08 08:52:00,ST005,PRD0231,CUST0326,1,17703.38,Online,Physical Store
TXN005114,2025-09-02 16:52:00,ST003,PRD0310,CUST0047,2,21244.72,Online,Physical Store
TXN005115,2025-01-06 16:06:00,ST006,PRD0292,CUST0849,5,7767.01,Online,Physical Store
TXN005116,2025-05-23 13:27:00,ST001,PRD0168,CUST0915,5,14853.54,Mobile Wallet,Physical Store
TXN005117,2025-05-15 12:11:00,ST001,PRD0018,CUST0645,3,21346.27,Online,Physical Store
TXN005118,2025-02-13 13:59:00,ST003,PRD0167,CUST0860,4,474.16,Cash,Physical Store
TXN005119,2025-10-16 20:11:00,ST006,PRD0025,CUST0240,4,5447.28,Mobile Wallet,Physical Store
TXN005120,2025-06-11 17:47:00,ST001,PRD0306,CUST0498,1,2327.28,Cash,Physical Store
TXN005121,2025-04-25 12:55:00,ST001,PRD0322,CUST0161,3,1196.67,Online,Physical Store
TXN005122,2025-11-19 16:03:00,ST005,PRD0199,CUST0981,1,10404.09,Cash,Physical Store
TXN005123,2025-05-11 20:50:00,ST003,PRD0140,CUST0888,3,12592.3,Online,Physical Store
TXN005124,2025-01-03 08:00:00,ST001,PRD0021,CUST0602,1,1768.36,Online,Physical Store
TXN005125,2025-07-31 12:54:00,ST004,PRD0184,CUST0516,5,3319.57,Mobile Wallet,Physical Store
TXN005126,2025-09-28 20:13:00,ST002,PRD0152,CUST0903,3,13560.83,Online,Physical Store
TXN005127,2025-07-28 08:18:00,ST004,PRD0283,CUST0291,3,16821.68,Mobile Wallet,Physical Store
TXN005128,2025-03-10 13:28:00,ST002,PRD0217,CUST0124,1,20488.83,Cash,Physical Store
TXN005129,2025-12-23 15:38:00,ST005,PRD0170,CUST0163,1,1914.37,Cash,Physical Store
TXN005130,2025-03-29 18:57:00,ST002,PRD0055,CUST0787,3,18651.16,Online,Physical Store
TXN005131,2025-01-31 16:43:00,ST003,PRD0061,CUST0754,5,15518.33,Cash,Physical Store
TXN005132,2025-06-07 11:06:00,ST001,PRD0174,CUST0045,4,14032.47,Mobile Wallet,Physical Store
TXN005133,2025-05-12 09:40:00,ST004,PRD0222,CUST0563,4,19331.27,Mobile Wallet,Physical Store
TXN005134,2025-04-07 21:49:00,ST002,PRD0052,CUST0082,2,7984.07,Card,Physical Store
TXN005135,2025-03-04 17:29:00,ST002,PRD0206,CUST0967,1,2082.08,Online,Physical Store
TXN005136,2025-06-07 14:06:00,ST003,PRD0212,CUST1045,3,7877.4,Online,Physical Store
TXN005137,2025-07-14 17:26:00,ST005,PRD0145,CUST0749,5,10608.78,Card,Physical Store
TXN005138,2025-05-09 18:19:00,ST005,PRD0044,CUST0467,2,646.96,Cash,Physical Store
TXN005139,2025-02-15 21:51:00,ST003,PRD0124,CUST0910,2,2894.98,Online,Physical Store
TXN005140,2025-09-10 19:38:00,ST005,PRD0081,CUST0938,3,15889.25,Cash,Physical Store
TXN005141,2025-05-17 21:19:00,ST001,PRD0272,CUST0627,1,9997.42,Online,Physical Store
TXN005142,2025-07-16 13:54:00,ST002,PRD0279,CUST0523,4,1882.31,Card,Physical Store
TXN005143,2025-11-26 19:18:00,ST005,PRD0287,CUST1031,4,3212.74,Cash,Physical Store
TXN005144,2025-11-26 15:48:00,ST006,PRD0125,CUST0980,4,13628.37,Mobile Wallet,Physical Store
TXN005145,2025-08-03 20:16:00,ST004,PRD0293,CUST0963,2,17487.15,Cash,Physical Store
TXN005146,2025-06-14 11:17:00,ST005,PRD0076,CUST0719,1,3801.59,Cash,Physical Store
TXN005147,2025-10-03 15:07:00,ST005,PRD0217,CUST0260,5,20488.83,Mobile Wallet,Physical Store
TXN005148,2025-06-06 15:27:00,ST006,PRD0235,CUST0886,4,17055.79,Mobile Wallet,Physical Store
TXN005149,2025-01-30 19:39:00,ST002,PRD0042,CUST0247,5,21532.78,Online,Physical Store
TXN005150,2025-03-25 14:53:00,ST005,PRD0130,CUST0259,3,15909.47,Card,Physical Store
TXN005151,2025-02-27 15:27:00,ST005,PRD0297,CUST1017,1,14685.23,Online,Physical Store
TXN005152,2025-08-04 20:54:00,ST001,PRD0230,CUST0653,5,17471.77,Cash,Physical Store
TXN005153,2025-11-18 13:54:00,ST006,PRD0335,CUST0894,2,8481.29,Mobile Wallet,Physical Store
TXN005154,2025-09-06 08:42:00,ST004,PRD0156,CUST0569,4,7788.01,Mobile Wallet,Physical Store
TXN005155,2025-02-26 12:02:00,ST001,PRD0182,CUST0923,4,19280.03,Card,Physical Store
TXN005156,2025-07-06 19:01:00,ST003,PRD0044,CUST0738,3,646.96,Online,Physical Store
TXN005157,2025-11-13 12:02:00,ST003,PRD0328,CUST0657,4,8691.06,Card,Physical Store
TXN005158,2025-07-09 14:40:00,ST003,PRD0111,CUST1005,3,20533.53,Online,Physical Store
TXN005159,2025-07-02 13:46:00,ST006,PRD0173,CUST0970,4,8871.76,Mobile Wallet,Physical Store
TXN005160,2025-04-18 11:52:00,ST001,PRD0174,CUST0557,2,14032.47,Online,Physical Store
TXN005161,2025-01-14 17:57:00,ST006,PRD0175,CUST0442,1,4600.64,Mobile Wallet,Physical Store
TXN005162,2025-03-24 15:59:00,ST006,PRD0241,CUST0268,5,5942.64,Card,Physical Store
TXN005163,2025-09-01 14:36:00,ST004,PRD0168,CUST1040,5,14853.54,Cash,Physical Store
TXN005164,2025-10-12 17:17:00,ST001,PRD0081,CUST0874,4,15889.25,Card,Physical Store
TXN005165,2025-07-29 14:51:00,ST004,PRD0313,CUST0064,2,11708.67,Mobile Wallet,Physical Store
TXN005166,2025-12-15 12:16:00,ST003,PRD0277,CUST0354,5,8719.93,Card,Physical Store
TXN005167,2025-12-21 13:02:00,ST004,PRD0029,CUST0988,5,14939.28,Cash,Physical Store
TXN005168,2025-08-10 13:14:00,ST006,PRD0245,CUST1016,4,8847.6,Online,Physical Store
TXN005169,2025-03-13 12:31:00,ST005,PRD0055,CUST0861,3,18651.16,Cash,Physical Store
TXN005170,2025-10-28 09:24:00,ST003,PRD0099,CUST0878,5,20583.54,Cash,Physical Store
TXN005171,2025-12-18 15:51:00,ST002,PRD0089,CUST0703,5,4127.23,Online,Physical Store
TXN005172,2025-01-19 09:24:00,ST004,PRD0311,CUST0152,3,4148.18,Mobile Wallet,Physical Store
TXN005173,2025-09-29 08:30:00,ST002,PRD0320,CUST1044,2,8347.21,Cash,Physical Store
TXN005174,2025-09-02 18:02:00,ST002,PRD0011,CUST0130,2,12715.64,Online,Physical Store
TXN005175,2025-10-24 08:09:00,ST002,PRD0107,CUST0984,3,10336.83,Card,Physical Store
TXN005176,2025-08-10 17:55:00,ST003,PRD0090,CUST0571,5,18163.73,Cash,Physical Store
TXN005177,2025-10-10 08:05:00,ST005,PRD0195,CUST0722,5,2320.2,Cash,Physical Store
TXN005178,2025-03-02 18:44:00,ST003,PRD0090,CUST0616,4,18163.73,Cash,Physical Store
TXN005179,2025-05-07 09:06:00,ST004,PRD0278,CUST0319,5,7489.54,Cash,Physical Store
TXN005180,2025-05-15 14:58:00,ST001,PRD0183,CUST0715,1,10505.4,Card,Physical Store
TXN005181,2025-01-15 20:12:00,ST005,PRD0119,CUST0122,3,9036.76,Mobile Wallet,Physical Store
TXN005182,2025-08-10 18:27:00,ST002,PRD0331,CUST0520,2,7946.53,Online,Physical Store
TXN005183,2025-04-07 16:43:00,ST006,PRD0107,CUST0987,3,10336.83,Online,Physical Store
TXN005184,2025-03-23 16:32:00,ST004,PRD0154,CUST0789,2,13504.25,Mobile Wallet,Physical Store
TXN005185,2025-05-04 12:40:00,ST006,PRD0282,CUST0665,1,5174.17,Card,Physical Store
TXN005186,2025-01-05 21:46:00,ST002,PRD0092,CUST0919,4,22187.45,Cash,Physical Store
TXN005187,2025-08-21 17:13:00,ST003,PRD0039,CUST0822,2,15677.76,Cash,Physical Store
TXN005188,2025-06-18 13:12:00,ST005,PRD0081,CUST0870,4,15889.25,Card,Physical Store
TXN005189,2025-05-23 21:53:00,ST002,PRD0336,CUST0626,5,2121.27,Mobile Wallet,Physical Store
TXN005190,2025-03-15 14:35:00,ST002,PRD0237,CUST0999,5,1672.14,Online,Physical Store
TXN005191,2025-11-01 09:51:00,ST002,PRD0088,CUST0894,4,2632.29,Mobile Wallet,Physical Store
TXN005192,2025-09-03 12:31:00,ST001,PRD0276,CUST0786,5,21897.23,Cash,Physical Store
TXN005193,2025-05-31 08:28:00,ST004,PRD0195,CUST0339,5,2320.2,Mobile Wallet,Physical Store
TXN005194,2025-06-10 10:53:00,ST004,PRD0145,CUST0206,3,10608.78,Card,Physical Store
TXN005195,2025-02-08 18:32:00,ST003,PRD0026,CUST0289,1,17486.51,Cash,Physical Store
TXN005196,2025-05-16 09:45:00,ST005,PRD0005,CUST0943,1,13674.28,Cash,Physical Store
TXN005197,2025-03-10 17:49:00,ST004,PRD0144,CUST0511,2,17251.78,Cash,Physical Store
TXN005198,2025-04-03 14:23:00,ST005,PRD0225,CUST0205,3,15148.9,Mobile Wallet,Physical Store
TXN005199,2025-04-24 20:22:00,ST005,PRD0163,CUST0062,1,16681.73,Card,Physical Store
TXN005200,2025-07-09 11:57:00,ST001,PRD0033,CUST0163,1,21125.63,Online,Physical Store
TXN005201,2025-09-19 12:23:00,ST001,PRD0203,CUST0908,2,10598.59,Card,Physical Store
TXN005202,2025-09-02 08:44:00,ST003,PRD0024,CUST0135,4,13723.71,Card,Physical Store
TXN005203,2025-02-17 15:23:00,ST002,PRD0213,CUST0057,4,2681.49,Cash,Physical Store
TXN005204,2025-04-05 09:45:00,ST002,PRD0228,CUST0437,4,11198.46,Card,Physical Store
TXN005205,2025-11-01 15:51:00,ST001,PRD0325,CUST0091,1,10102.17,Cash,Physical Store
TXN005206,2025-12-05 12:36:00,ST001,PRD0088,CUST0848,2,2632.29,Card,Physical Store
TXN005207,2025-03-23 19:43:00,ST004,PRD0134,CUST0032,1,16453.67,Cash,Physical Store
TXN005208,2025-04-17 16:24:00,ST004,PRD0172,CUST0553,5,20895.21,Mobile Wallet,Physical Store
TXN005209,2025-01-28 10:58:00,ST003,PRD0333,CUST0642,1,6748.68,Card,Physical Store
TXN005210,2025-06-24 16:46:00,ST001,PRD0022,CUST0567,4,13125.31,Cash,Physical Store
TXN005211,2025-10-13 19:54:00,ST003,PRD0016,CUST0067,3,20268.14,Cash,Physical Store
TXN005212,2025-02-12 13:47:00,ST005,PRD0125,CUST0144,1,13628.37,Online,Physical Store
TXN005213,2025-11-09 21:40:00,ST004,PRD0209,CUST0120,2,2802.76,Mobile Wallet,Physical Store
TXN005214,2025-11-04 20:12:00,ST005,PRD0141,CUST1013,4,11741.07,Mobile Wallet,Physical Store
TXN005215,2025-08-02 08:54:00,ST003,PRD0168,CUST0526,5,14853.54,Mobile Wallet,Physical Store
TXN005216,2025-03-18 13:30:00,ST002,PRD0180,CUST0017,3,18463.04,Card,Physical Store
TXN005217,2025-06-08 14:55:00,ST005,PRD0134,CUST0117,4,16453.67,Online,Physical Store
TXN005218,2025-12-06 19:44:00,ST006,PRD0257,CUST0850,1,13818.08,Mobile Wallet,Physical Store
TXN005219,2025-06-22 21:16:00,ST004,PRD0055,CUST0327,4,18651.16,Cash,Physical Store
TXN005220,2025-03-01 12:35:00,ST001,PRD0286,CUST0199,4,14935.58,Online,Physical Store
TXN005221,2025-10-12 08:04:00,ST003,PRD0291,CUST1023,3,11295.17,Mobile Wallet,Physical Store
TXN005222,2025-01-22 16:10:00,ST004,PRD0206,CUST1008,5,2082.08,Online,Physical Store
TXN005223,2025-01-24 12:17:00,ST003,PRD0149,CUST0188,3,19334.45,Card,Physical Store
TXN005224,2025-11-16 12:49:00,ST006,PRD0075,CUST0829,4,20450.52,Cash,Physical Store
TXN005225,2025-09-29 16:03:00,ST003,PRD0178,CUST0090,1,970.06,Cash,Physical Store
TXN005226,2025-04-27 15:42:00,ST004,PRD0263,CUST0851,2,3550.61,Online,Physical Store
TXN005227,2025-11-13 15:02:00,ST001,PRD0151,CUST0293,3,17351.7,Mobile Wallet,Physical Store
TXN005228,2025-10-16 18:32:00,ST001,PRD0060,CUST0604,2,20909.2,Mobile Wallet,Physical Store
TXN005229,2025-07-15 18:34:00,ST001,PRD0041,CUST0900,1,16598.91,Mobile Wallet,Physical Store
TXN005230,2025-10-01 09:57:00,ST003,PRD0136,CUST0451,4,12055.78,Mobile Wallet,Physical Store
TXN005231,2025-03-20 18:59:00,ST004,PRD0116,CUST0958,4,18307.89,Cash,Physical Store
TXN005232,2025-12-16 08:20:00,ST001,PRD0129,CUST0249,4,13492.02,Online,Physical Store
TXN005233,2025-01-20 08:50:00,ST001,PRD0254,CUST0886,1,11992.71,Mobile Wallet,Physical Store
TXN005234,2025-06-28 20:07:00,ST004,PRD0275,CUST0013,1,837.23,Mobile Wallet,Physical Store
TXN005235,2025-10-11 12:11:00,ST003,PRD0260,CUST0582,3,9674.14,Mobile Wallet,Physical Store
TXN005236,2025-08-12 09:33:00,ST004,PRD0321,CUST0877,4,11771.0,Cash,Physical Store
TXN005237,2025-08-10 14:31:00,ST006,PRD0068,CUST0190,5,12827.93,Card,Physical Store
TXN005238,2025-04-01 16:48:00,ST001,PRD0120,CUST0614,5,14398.39,Online,Physical Store
TXN005239,2025-04-16 08:40:00,ST003,PRD0304,CUST0310,1,2572.59,Card,Physical Store
TXN005240,2025-08-20 10:47:00,ST002,PRD0187,CUST0994,5,17512.81,Card,Physical Store
TXN005241,2025-08-05 21:29:00,ST006,PRD0144,CUST0112,5,17251.78,Cash,Physical Store
TXN005242,2025-03-29 18:49:00,ST005,PRD0024,CUST0708,5,13723.71,Online,Physical Store
TXN005243,2025-05-27 19:29:00,ST006,PRD0322,CUST0801,5,1196.67,Cash,Physical Store
TXN005244,2025-02-16 10:42:00,ST002,PRD0085,CUST0701,4,15600.74,Cash,Physical Store
TXN005245,2025-09-30 11:26:00,ST005,PRD0050,CUST0030,5,2136.14,Cash,Physical Store
TXN005246,2025-03-18 13:31:00,ST006,PRD0020,CUST0144,4,18682.24,Card,Physical Store
TXN005247,2025-01-25 19:41:00,ST001,PRD0204,CUST0494,4,20131.16,Card,Physical Store
TXN005248,2025-07-10 13:39:00,ST001,PRD0181,CUST0217,3,8249.71,Mobile Wallet,Physical Store
TXN005249,2025-08-13 14:48:00,ST002,PRD0040,CUST0893,4,11363.76,Mobile Wallet,Physical Store
TXN005250,2025-06-27 16:55:00,ST001,PRD0204,CUST0395,4,20131.16,Card,Physical Store
TXN005251,2025-07-04 11:55:00,ST002,PRD0193,CUST1000,2,15266.12,Cash,Physical Store
TXN005252,2025-11-13 10:11:00,ST001,PRD0168,CUST0566,3,14853.54,Cash,Physical Store
TXN005253,2025-07-18 17:17:00,ST004,PRD0010,CUST0900,5,15285.57,Card,Physical Store
TXN005254,2025-11-29 21:35:00,ST002,PRD0255,CUST0199,5,5769.03,Online,Physical Store
TXN005255,2025-03-02 20:03:00,ST004,PRD0027,CUST0010,4,3678.01,Online,Physical Store
TXN005256,2025-10-04 12:32:00,ST002,PRD0148,CUST0494,5,2911.86,Cash,Physical Store
TXN005257,2025-01-03 12:27:00,ST006,PRD0032,CUST0462,3,16689.25,Mobile Wallet,Physical Store
TXN005258,2025-01-01 19:34:00,ST004,PRD0312,CUST1017,1,6604.88,Online,Physical Store
TXN005259,2025-10-17 21:54:00,ST005,PRD0126,CUST0964,3,8272.6,Cash,Physical Store
TXN005260,2025-05-26 12:29:00,ST006,PRD0313,CUST0105,3,11708.67,Card,Physical Store
TXN005261,2025-01-30 12:30:00,ST006,PRD0008,CUST0260,4,18695.07,Cash,Physical Store
TXN005262,2025-03-23 21:29:00,ST001,PRD0218,CUST0539,3,17938.6,Card,Physical Store
TXN005263,2025-01-03 18:49:00,ST001,PRD0025,CUST0657,1,5447.28,Online,Physical Store
TXN005264,2025-09-09 13:19:00,ST005,PRD0247,CUST0430,5,9781.8,Cash,Physical Store
TXN005265,2025-10-05 12:11:00,ST004,PRD0249,CUST0630,1,15746.95,Card,Physical Store
TXN005266,2025-09-19 10:32:00,ST002,PRD0167,CUST0006,4,474.16,Online,Physical Store
TXN005267,2025-06-11 11:11:00,ST005,PRD0007,CUST0759,2,13705.32,Online,Physical Store
TXN005268,2025-02-07 13:53:00,ST002,PRD0190,CUST0115,1,5190.85,Online,Physical Store
TXN005269,2025-03-22 12:29:00,ST005,PRD0042,CUST0189,4,21532.78,Mobile Wallet,Physical Store
TXN005270,2025-12-11 20:49:00,ST001,PRD0177,CUST0028,3,6812.39,Card,Physical Store
TXN005271,2025-11-15 19:44:00,ST005,PRD0062,CUST0548,1,3706.43,Cash,Physical Store
TXN005272,2025-07-03 19:05:00,ST001,PRD0149,CUST0209,2,19334.45,Cash,Physical Store
TXN005273,2025-09-10 12:40:00,ST001,PRD0022,CUST0563,3,13125.31,Online,Physical Store
TXN005274,2025-08-08 17:38:00,ST004,PRD0109,CUST0443,2,6325.94,Mobile Wallet,Physical Store
TXN005275,2025-12-25 17:09:00,ST002,PRD0196,CUST0544,4,14688.58,Mobile Wallet,Physical Store
TXN005276,2025-11-10 11:02:00,ST002,PRD0291,CUST0309,3,11295.17,Card,Physical Store
TXN005277,2025-11-05 08:24:00,ST002,PRD0027,CUST0752,4,3678.01,Mobile Wallet,Physical Store
TXN005278,2025-01-24 15:05:00,ST002,PRD0077,CUST0618,1,22335.09,Mobile Wallet,Physical Store
TXN005279,2025-04-16 17:54:00,ST006,PRD0153,CUST0178,2,17511.62,Online,Physical Store
TXN005280,2025-10-02 21:04:00,ST004,PRD0291,CUST0455,4,11295.17,Online,Physical Store
TXN005281,2025-04-08 14:19:00,ST006,PRD0107,CUST0876,3,10336.83,Card,Physical Store
TXN005282,2025-02-13 18:19:00,ST004,PRD0162,CUST0574,3,19501.87,Cash,Physical Store
TXN005283,2025-07-08 08:48:00,ST003,PRD0279,CUST0655,1,1882.31,Mobile Wallet,Physical Store
TXN005284,2025-12-26 11:50:00,ST004,PRD0335,CUST0221,5,8481.29,Mobile Wallet,Physical Store
TXN005285,2025-07-30 20:14:00,ST002,PRD0123,CUST0095,2,13170.98,Cash,Physical Store
TXN005286,2025-05-24 10:51:00,ST006,PRD0108,CUST0493,2,7369.56,Card,Physical Store
TXN005287,2025-02-23 18:36:00,ST003,PRD0198,CUST0009,2,2914.92,Cash,Physical Store
TXN005288,2025-11-09 19:45:00,ST003,PRD0079,CUST1016,1,6321.36,Cash,Physical Store
TXN005289,2025-01-13 20:19:00,ST004,PRD0126,CUST0892,4,8272.6,Online,Physical Store
TXN005290,2025-08-28 08:51:00,ST001,PRD0256,CUST0313,4,2281.57,Card,Physical Store
TXN005291,2025-08-26 13:30:00,ST002,PRD0260,CUST0858,4,9674.14,Mobile Wallet,Physical Store
TXN005292,2025-09-15 08:22:00,ST005,PRD0106,CUST0995,2,11908.0,Cash,Physical Store
TXN005293,2025-10-12 20:33:00,ST001,PRD0076,CUST0413,2,3801.59,Mobile Wallet,Physical Store
TXN005294,2025-01-16 09:38:00,ST004,PRD0298,CUST0348,3,8588.83,Mobile Wallet,Physical Store
TXN005295,2025-01-26 18:43:00,ST005,PRD0239,CUST0742,1,12672.74,Mobile Wallet,Physical Store
TXN005296,2025-03-12 09:00:00,ST002,PRD0289,CUST1039,4,9318.7,Mobile Wallet,Physical Store
TXN005297,2025-08-24 16:59:00,ST004,PRD0090,CUST1036,1,18163.73,Mobile Wallet,Physical Store
TXN005298,2025-01-06 08:24:00,ST001,PRD0205,CUST1033,5,9509.22,Card,Physical Store
TXN005299,2025-09-07 17:03:00,ST002,PRD0160,CUST0335,3,16917.41,Online,Physical Store
TXN005300,2025-07-13 13:32:00,ST001,PRD0012,CUST0865,5,3550.38,Mobile Wallet,Physical Store
TXN005301,2025-11-02 10:10:00,ST006,PRD0324,CUST0585,1,10127.07,Mobile Wallet,Physical Store
TXN005302,2025-11-06 15:00:00,ST005,PRD0112,CUST0253,1,11463.12,Cash,Physical Store
TXN005303,2025-09-29 11:16:00,ST005,PRD0287,CUST0009,5,3212.74,Online,Physical Store
TXN005304,2025-05-13 12:58:00,ST005,PRD0272,CUST0934,5,9997.42,Cash,Physical Store
TXN005305,2025-05-20 16:15:00,ST003,PRD0099,CUST0523,4,20583.54,Mobile Wallet,Physical Store
TXN005306,2025-12-21 15:58:00,ST001,PRD0325,CUST0278,4,10102.17,Card,Physical Store
TXN005307,2025-02-21 11:04:00,ST006,PRD0259,CUST0061,4,7839.33,Mobile Wallet,Physical Store
TXN005308,2025-08-01 12:03:00,ST002,PRD0164,CUST0976,3,12166.75,Cash,Physical Store
TXN005309,2025-09-29 15:46:00,ST004,PRD0285,CUST0018,2,11577.34,Card,Physical Store
TXN005310,2025-11-25 20:21:00,ST002,PRD0124,CUST0899,1,2894.98,Mobile Wallet,Physical Store
TXN005311,2025-09-27 16:31:00,ST003,PRD0012,CUST0589,1,3550.38,Online,Physical Store
TXN005312,2025-09-07 16:40:00,ST002,PRD0051,CUST0482,4,10472.7,Cash,Physical Store
TXN005313,2025-05-26 21:10:00,ST004,PRD0062,CUST0979,3,3706.43,Card,Physical Store
TXN005314,2025-05-19 15:38:00,ST002,PRD0309,CUST0565,3,20175.41,Card,Physical Store
TXN005315,2025-02-26 15:34:00,ST006,PRD0082,CUST0921,2,20809.35,Cash,Physical Store
TXN005316,2025-06-30 18:55:00,ST004,PRD0316,CUST0979,4,13933.6,Card,Physical Store
TXN005317,2025-01-17 16:19:00,ST003,PRD0008,CUST0903,5,18695.07,Mobile Wallet,Physical Store
TXN005318,2025-05-10 08:48:00,ST004,PRD0059,CUST0681,4,2986.61,Online,Physical Store
TXN005319,2025-07-28 14:08:00,ST006,PRD0060,CUST0995,5,20909.2,Online,Physical Store
TXN005320,2025-08-07 13:40:00,ST006,PRD0065,CUST0648,3,17099.96,Online,Physical Store
TXN005321,2025-03-18 12:21:00,ST004,PRD0288,CUST0865,4,2165.9,Card,Physical Store
TXN005322,2025-11-09 10:36:00,ST002,PRD0311,CUST0113,4,4148.18,Card,Physical Store
TXN005323,2025-08-04 15:39:00,ST006,PRD0139,CUST0090,4,3538.08,Cash,Physical Store
TXN005324,2025-02-20 13:49:00,ST005,PRD0134,CUST0214,2,16453.67,Card,Physical Store
TXN005325,2025-08-13 19:59:00,ST005,PRD0120,CUST0834,5,14398.39,Card,Physical Store
TXN005326,2025-05-02 17:08:00,ST002,PRD0104,CUST0800,2,12631.32,Online,Physical Store
TXN005327,2025-11-28 12:27:00,ST002,PRD0333,CUST1027,4,6748.68,Mobile Wallet,Physical Store
TXN005328,2025-08-09 09:03:00,ST003,PRD0117,CUST0739,4,14750.74,Mobile Wallet,Physical Store
TXN005329,2025-05-18 18:35:00,ST004,PRD0027,CUST0640,2,3678.01,Cash,Physical Store
TXN005330,2025-12-28 12:53:00,ST002,PRD0297,CUST0330,4,14685.23,Mobile Wallet,Physical Store
TXN005331,2025-04-29 18:23:00,ST001,PRD0003,CUST0817,1,7463.9,Cash,Physical Store
TXN005332,2025-03-18 21:27:00,ST006,PRD0212,CUST0585,4,7877.4,Cash,Physical Store
TXN005333,2025-10-27 20:27:00,ST001,PRD0039,CUST0584,5,15677.76,Cash,Physical Store
TXN005334,2025-01-04 08:38:00,ST003,PRD0055,CUST0881,4,18651.16,Online,Physical Store
TXN005335,2025-06-08 13:19:00,ST001,PRD0128,CUST0080,1,9239.11,Mobile Wallet,Physical Store
TXN005336,2025-09-23 21:17:00,ST006,PRD0205,CUST0267,4,9509.22,Online,Physical Store
TXN005337,2025-11-30 19:10:00,ST006,PRD0003,CUST0645,2,7463.9,Card,Physical Store
TXN005338,2025-06-24 18:43:00,ST006,PRD0282,CUST1038,4,5174.17,Card,Physical Store
TXN005339,2025-01-29 15:49:00,ST004,PRD0102,CUST0324,1,18335.61,Mobile Wallet,Physical Store
TXN005340,2025-07-11 21:49:00,ST006,PRD0205,CUST0218,1,9509.22,Mobile Wallet,Physical Store
TXN005341,2025-01-31 18:34:00,ST004,PRD0207,CUST0135,1,10872.38,Cash,Physical Store
TXN005342,2025-04-20 18:58:00,ST003,PRD0130,CUST0002,2,15909.47,Cash,Physical Store
TXN005343,2025-01-12 14:17:00,ST004,PRD0091,CUST0303,4,17670.77,Online,Physical Store
TXN005344,2025-05-06 12:53:00,ST003,PRD0295,CUST0628,4,20720.46,Card,Physical Store
TXN005345,2025-08-09 18:43:00,ST002,PRD0183,CUST0125,3,10505.4,Online,Physical Store
TXN005346,2025-09-13 15:43:00,ST004,PRD0135,CUST0163,1,310.8,Cash,Physical Store
TXN005347,2025-03-22 16:23:00,ST006,PRD0294,CUST0722,2,2896.16,Mobile Wallet,Physical Store
TXN005348,2025-06-25 13:38:00,ST005,PRD0328,CUST1011,3,8691.06,Card,Physical Store
TXN005349,2025-01-31 12:46:00,ST002,PRD0036,CUST0706,3,5751.78,Card,Physical Store
TXN005350,2025-04-27 08:51:00,ST006,PRD0051,CUST0818,3,10472.7,Card,Physical Store
TXN005351,2025-01-11 18:15:00,ST004,PRD0322,CUST0275,5,1196.67,Mobile Wallet,Physical Store
TXN005352,2025-12-27 12:18:00,ST002,PRD0330,CUST0589,2,17208.76,Card,Physical Store
TXN005353,2025-10-31 19:19:00,ST004,PRD0177,CUST0936,5,6812.39,Mobile Wallet,Physical Store
TXN005354,2025-12-21 18:46:00,ST004,PRD0145,CUST0111,3,10608.78,Mobile Wallet,Physical Store
TXN005355,2025-03-08 12:40:00,ST005,PRD0326,CUST0806,3,8972.53,Mobile Wallet,Physical Store
TXN005356,2025-03-18 20:55:00,ST001,PRD0262,CUST0433,3,19768.74,Cash,Physical Store
TXN005357,2025-07-29 15:40:00,ST005,PRD0039,CUST0045,1,15677.76,Mobile Wallet,Physical Store
TXN005358,2025-10-14 12:18:00,ST005,PRD0089,CUST1041,2,4127.23,Card,Physical Store
TXN005359,2025-02-03 14:40:00,ST002,PRD0133,CUST0269,1,1638.63,Card,Physical Store
TXN005360,2025-08-05 13:32:00,ST002,PRD0179,CUST0963,1,20362.49,Online,Physical Store
TXN005361,2025-09-22 17:04:00,ST004,PRD0001,CUST0702,3,11200.87,Cash,Physical Store
TXN005362,2025-07-05 20:54:00,ST003,PRD0271,CUST0535,2,2468.45,Online,Physical Store
TXN005363,2025-07-13 13:07:00,ST003,PRD0334,CUST0302,2,9286.96,Card,Physical Store
TXN005364,2025-05-16 12:03:00,ST001,PRD0240,CUST0055,5,5346.51,Mobile Wallet,Physical Store
TXN005365,2025-11-30 11:04:00,ST006,PRD0123,CUST0674,5,13170.98,Online,Physical Store
TXN005366,2025-05-03 13:59:00,ST005,PRD0231,CUST0552,3,17703.38,Cash,Physical Store
TXN005367,2025-08-30 11:44:00,ST002,PRD0064,CUST0320,5,1220.74,Cash,Physical Store
TXN005368,2025-11-23 09:50:00,ST003,PRD0037,CUST0374,4,4663.44,Card,Physical Store
TXN005369,2025-02-18 18:32:00,ST003,PRD0041,CUST0655,3,16598.91,Mobile Wallet,Physical Store
TXN005370,2025-10-11 16:37:00,ST001,PRD0112,CUST0952,4,11463.12,Mobile Wallet,Physical Store
TXN005371,2025-01-30 13:54:00,ST005,PRD0015,CUST0910,1,7026.68,Online,Physical Store
TXN005372,2025-11-27 19:01:00,ST004,PRD0327,CUST0824,2,8268.43,Card,Physical Store
TXN005373,2025-04-05 15:25:00,ST002,PRD0092,CUST0523,2,22187.45,Mobile Wallet,Physical Store
TXN005374,2025-06-21 15:09:00,ST005,PRD0002,CUST1016,5,5132.62,Cash,Physical Store
TXN005375,2025-05-11 19:31:00,ST005,PRD0021,CUST0986,5,1768.36,Card,Physical Store
TXN005376,2025-08-14 17:59:00,ST006,PRD0265,CUST1022,4,10997.21,Online,Physical Store
TXN005377,2025-03-25 19:41:00,ST004,PRD0098,CUST0891,2,620.21,Cash,Physical Store
TXN005378,2025-09-23 12:23:00,ST006,PRD0142,CUST0549,1,1184.22,Card,Physical Store
TXN005379,2025-09-17 13:28:00,ST002,PRD0292,CUST0315,5,7767.01,Mobile Wallet,Physical Store
TXN005380,2025-03-17 19:38:00,ST003,PRD0010,CUST0207,4,15285.57,Cash,Physical Store
TXN005381,2025-06-11 17:46:00,ST004,PRD0296,CUST0643,2,10919.63,Online,Physical Store
TXN005382,2025-08-17 21:51:00,ST003,PRD0279,CUST1012,1,1882.31,Online,Physical Store
TXN005383,2025-04-25 11:13:00,ST002,PRD0037,CUST0914,5,4663.44,Cash,Physical Store
TXN005384,2025-12-07 11:41:00,ST004,PRD0153,CUST1014,3,17511.62,Cash,Physical Store
TXN005385,2025-11-12 21:27:00,ST003,PRD0049,CUST0952,4,17860.23,Cash,Physical Store
TXN005386,2025-03-14 09:51:00,ST002,PRD0011,CUST0042,1,12715.64,Mobile Wallet,Physical Store
TXN005387,2025-09-28 14:19:00,ST006,PRD0313,CUST0731,5,11708.67,Mobile Wallet,Physical Store
TXN005388,2025-01-29 20:00:00,ST003,PRD0180,CUST0248,2,18463.04,Card,Physical Store
TXN005389,2025-09-20 18:03:00,ST001,PRD0333,CUST0864,2,6748.68,Cash,Physical Store
TXN005390,2025-06-19 11:56:00,ST002,PRD0254,CUST0785,5,11992.71,Card,Physical Store
TXN005391,2025-10-12 15:40:00,ST003,PRD0295,CUST0344,4,20720.46,Mobile Wallet,Physical Store
TXN005392,2025-04-06 10:25:00,ST002,PRD0264,CUST0975,3,8405.05,Cash,Physical Store
TXN005393,2025-02-09 19:56:00,ST002,PRD0179,CUST0335,3,20362.49,Mobile Wallet,Physical Store
TXN005394,2025-03-10 21:42:00,ST004,PRD0014,CUST0911,3,6143.33,Card,Physical Store
TXN005395,2025-02-19 12:55:00,ST006,PRD0334,CUST0614,3,9286.96,Online,Physical Store
TXN005396,2025-02-28 17:45:00,ST003,PRD0290,CUST0770,3,1192.9,Mobile Wallet,Physical Store
TXN005397,2025-04-01 18:16:00,ST005,PRD0104,CUST0570,1,12631.32,Card,Physical Store
TXN005398,2025-09-10 15:42:00,ST002,PRD0039,CUST0727,4,15677.76,Mobile Wallet,Physical Store
TXN005399,2025-09-28 13:00:00,ST003,PRD0332,CUST0911,1,7226.95,Cash,Physical Store
TXN005400,2025-10-05 10:22:00,ST002,PRD0046,CUST0243,1,20894.04,Cash,Physical Store
TXN005401,2025-12-01 16:27:00,ST004,PRD0232,CUST0268,1,14516.97,Online,Physical Store
TXN005402,2025-10-24 09:17:00,ST004,PRD0143,CUST0765,4,7468.23,Cash,Physical Store
TXN005403,2025-11-14 14:51:00,ST001,PRD0207,CUST0941,4,10872.38,Cash,Physical Store
TXN005404,2025-06-20 08:45:00,ST001,PRD0139,CUST0481,3,3538.08,Cash,Physical Store
TXN005405,2025-01-01 10:25:00,ST004,PRD0335,CUST0762,3,8481.29,Mobile Wallet,Physical Store
TXN005406,2025-12-22 12:29:00,ST003,PRD0190,CUST0859,4,5190.85,Mobile Wallet,Physical Store
TXN005407,2025-04-09 19:08:00,ST003,PRD0302,CUST0977,4,9747.03,Cash,Physical Store
TXN005408,2025-01-31 13:00:00,ST001,PRD0222,CUST0665,5,19331.27,Card,Physical Store
TXN005409,2025-05-04 11:03:00,ST006,PRD0314,CUST0609,4,14001.37,Card,Physical Store
TXN005410,2025-03-02 12:44:00,ST001,PRD0249,CUST0048,4,15746.95,Mobile Wallet,Physical Store
TXN005411,2025-06-21 11:54:00,ST003,PRD0237,CUST0451,1,1672.14,Card,Physical Store
TXN005412,2025-06-01 10:34:00,ST006,PRD0306,CUST0001,4,2327.28,Cash,Physical Store
TXN005413,2025-11-22 21:26:00,ST005,PRD0077,CUST0415,1,22335.09,Mobile Wallet,Physical Store
TXN005414,2025-02-27 13:55:00,ST001,PRD0029,CUST0981,1,14939.28,Mobile Wallet,Physical Store
TXN005415,2025-07-23 09:25:00,ST004,PRD0310,CUST0112,2,21244.72,Mobile Wallet,Physical Store
TXN005416,2025-01-30 13:36:00,ST001,PRD0031,CUST0552,1,5505.62,Mobile Wallet,Physical Store
TXN005417,2025-12-03 21:36:00,ST005,PRD0328,CUST0962,4,8691.06,Mobile Wallet,Physical Store
TXN005418,2025-12-12 11:06:00,ST004,PRD0305,CUST0584,4,1169.36,Cash,Physical Store
TXN005419,2025-10-18 17:24:00,ST005,PRD0025,CUST0945,3,5447.28,Mobile Wallet,Physical Store
TXN005420,2025-02-05 21:09:00,ST001,PRD0077,CUST1048,2,22335.09,Mobile Wallet,Physical Store
TXN005421,2025-10-05 16:19:00,ST005,PRD0241,CUST0927,5,5942.64,Card,Physical Store
TXN005422,2025-05-12 20:13:00,ST004,PRD0234,CUST0714,5,15054.11,Mobile Wallet,Physical Store
TXN005423,2025-10-03 18:27:00,ST005,PRD0091,CUST0916,3,17670.77,Card,Physical Store
TXN005424,2025-12-23 11:00:00,ST003,PRD0019,CUST0902,1,7427.25,Online,Physical Store
TXN005425,2025-09-07 21:21:00,ST001,PRD0303,CUST0727,1,11893.96,Card,Physical Store
TXN005426,2025-04-21 14:28:00,ST003,PRD0078,CUST0180,1,15781.51,Mobile Wallet,Physical Store
TXN005427,2025-08-17 20:46:00,ST001,PRD0268,CUST0136,3,4050.68,Card,Physical Store
TXN005428,2025-10-01 10:18:00,ST006,PRD0208,CUST0632,5,826.73,Cash,Physical Store
TXN005429,2025-11-25 11:28:00,ST001,PRD0041,CUST0861,3,16598.91,Online,Physical Store
TXN005430,2025-12-10 18:10:00,ST005,PRD0111,CUST0217,3,20533.53,Mobile Wallet,Physical Store
TXN005431,2025-11-24 11:30:00,ST001,PRD0276,CUST0176,2,21897.23,Cash,Physical Store
TXN005432,2025-07-06 09:32:00,ST005,PRD0039,CUST0495,4,15677.76,Cash,Physical Store
TXN005433,2025-01-14 12:57:00,ST004,PRD0226,CUST0099,3,18502.93,Online,Physical Store
TXN005434,2025-05-25 17:16:00,ST001,PRD0031,CUST0711,5,5505.62,Online,Physical Store
TXN005435,2025-02-20 17:48:00,ST004,PRD0115,CUST0523,2,3172.29,Cash,Physical Store
TXN005436,2025-12-27 18:04:00,ST005,PRD0319,CUST0329,4,6266.57,Cash,Physical Store
TXN005437,2025-01-11 17:32:00,ST005,PRD0219,CUST0103,4,19961.51,Cash,Physical Store
TXN005438,2025-05-30 12:55:00,ST006,PRD0042,CUST0879,4,21532.78,Mobile Wallet,Physical Store
TXN005439,2025-02-19 09:30:00,ST003,PRD0239,CUST0312,5,12672.74,Card,Physical Store
TXN005440,2025-01-02 14:56:00,ST001,PRD0241,CUST0103,5,5942.64,Online,Physical Store
TXN005441,2025-09-23 19:22:00,ST006,PRD0284,CUST0315,3,20638.42,Cash,Physical Store
TXN005442,2025-05-11 17:41:00,ST006,PRD0246,CUST0993,5,437.82,Online,Physical Store
TXN005443,2025-12-26 15:11:00,ST002,PRD0146,CUST0014,1,4109.1,Cash,Physical Store
TXN005444,2025-04-12 09:23:00,ST004,PRD0034,CUST0848,1,9530.33,Online,Physical Store
TXN005445,2025-10-29 16:38:00,ST006,PRD0223,CUST0365,2,16691.47,Online,Physical Store
TXN005446,2025-11-09 12:40:00,ST006,PRD0240,CUST0859,3,5346.51,Cash,Physical Store
TXN005447,2025-11-09 12:37:00,ST002,PRD0178,CUST1037,2,970.06,Online,Physical Store
TXN005448,2025-02-08 17:36:00,ST002,PRD0020,CUST0170,1,18682.24,Mobile Wallet,Physical Store
TXN005449,2025-04-29 11:16:00,ST004,PRD0319,CUST0275,2,6266.57,Mobile Wallet,Physical Store
TXN005450,2025-12-24 20:30:00,ST003,PRD0029,CUST0671,5,14939.28,Card,Physical Store
TXN005451,2025-08-05 16:11:00,ST003,PRD0121,CUST0739,3,11401.01,Card,Physical Store
TXN005452,2025-12-22 12:16:00,ST002,PRD0276,CUST0373,1,21897.23,Cash,Physical Store
TXN005453,2025-03-02 09:20:00,ST004,PRD0332,CUST0695,4,7226.95,Online,Physical Store
TXN005454,2025-02-21 18:23:00,ST005,PRD0053,CUST0432,5,4167.18,Online,Physical Store
TXN005455,2025-07-08 20:15:00,ST003,PRD0081,CUST0420,4,15889.25,Cash,Physical Store
TXN005456,2025-09-16 20:13:00,ST001,PRD0313,CUST1014,2,11708.67,Mobile Wallet,Physical Store
TXN005457,2025-06-13 10:52:00,ST002,PRD0164,CUST0307,2,12166.75,Online,Physical Store
TXN005458,2025-05-01 12:44:00,ST005,PRD0075,CUST0197,2,20450.52,Online,Physical Store
TXN005459,2025-09-05 20:36:00,ST002,PRD0222,CUST0668,4,19331.27,Cash,Physical Store
TXN005460,2025-09-09 11:56:00,ST001,PRD0115,CUST0766,1,3172.29,Mobile Wallet,Physical Store
TXN005461,2025-12-30 12:54:00,ST001,PRD0167,CUST0668,5,474.16,Online,Physical Store
TXN005462,2025-09-23 10:39:00,ST006,PRD0150,CUST0086,4,3759.79,Card,Physical Store
TXN005463,2025-09-23 14:11:00,ST004,PRD0188,CUST0712,5,10116.21,Card,Physical Store
TXN005464,2025-10-23 11:55:00,ST002,PRD0232,CUST0048,4,14516.97,Online,Physical Store
TXN005465,2025-09-17 15:46:00,ST005,PRD0112,CUST0780,1,11463.12,Cash,Physical Store
TXN005466,2025-07-08 13:34:00,ST002,PRD0069,CUST0279,4,12214.5,Card,Physical Store
TXN005467,2025-12-28 18:05:00,ST001,PRD0210,CUST0943,3,17734.18,Cash,Physical Store
TXN005468,2025-02-13 13:12:00,ST002,PRD0070,CUST0921,1,13037.06,Online,Physical Store
TXN005469,2025-02-18 21:57:00,ST003,PRD0147,CUST0909,4,17668.05,Mobile Wallet,Physical Store
TXN005470,2025-12-24 16:32:00,ST001,PRD0216,CUST0434,4,5330.04,Card,Physical Store
TXN005471,2025-08-14 17:37:00,ST005,PRD0276,CUST0968,1,21897.23,Cash,Physical Store
TXN005472,2025-12-20 21:21:00,ST005,PRD0128,CUST1037,2,9239.11,Cash,Physical Store
TXN005473,2025-04-01 19:09:00,ST004,PRD0336,CUST0457,5,2121.27,Online,Physical Store
TXN005474,2025-08-20 19:47:00,ST004,PRD0187,CUST0400,4,17512.81,Online,Physical Store
TXN005475,2025-05-28 13:07:00,ST002,PRD0082,CUST0672,4,20809.35,Card,Physical Store
TXN005476,2025-03-20 08:34:00,ST003,PRD0106,CUST0575,4,11908.0,Online,Physical Store
TXN005477,2025-03-09 17:36:00,ST005,PRD0198,CUST0250,2,2914.92,Cash,Physical Store
TXN005478,2025-08-18 09:35:00,ST005,PRD0193,CUST0091,4,15266.12,Card,Physical Store
TXN005479,2025-11-06 17:16:00,ST004,PRD0175,CUST0153,1,4600.64,Card,Physical Store
TXN005480,2025-09-23 19:09:00,ST004,PRD0316,CUST0289,1,13933.6,Card,Physical Store
TXN005481,2025-10-26 16:46:00,ST006,PRD0194,CUST0031,3,16959.55,Card,Physical Store
TXN005482,2025-09-06 16:23:00,ST002,PRD0254,CUST0217,1,11992.71,Mobile Wallet,Physical Store
TXN005483,2025-11-30 11:40:00,ST005,PRD0007,CUST0738,4,13705.32,Online,Physical Store
TXN005484,2025-11-30 18:48:00,ST006,PRD0213,CUST0361,3,2681.49,Cash,Physical Store
TXN005485,2025-12-18 17:24:00,ST002,PRD0315,CUST0615,1,6862.13,Card,Physical Store
TXN005486,2025-06-13 10:35:00,ST005,PRD0271,CUST0004,5,2468.45,Mobile Wallet,Physical Store
TXN005487,2025-01-16 16:04:00,ST001,PRD0047,CUST0008,4,5346.17,Online,Physical Store
TXN005488,2025-11-02 19:11:00,ST002,PRD0105,CUST0820,1,3477.95,Mobile Wallet,Physical Store
TXN005489,2025-09-19 08:32:00,ST006,PRD0333,CUST0684,5,6748.68,Online,Physical Store
TXN005490,2025-05-14 20:49:00,ST002,PRD0140,CUST0429,4,12592.3,Cash,Physical Store
TXN005491,2025-04-12 10:27:00,ST002,PRD0254,CUST1016,4,11992.71,Card,Physical Store
TXN005492,2025-02-07 19:37:00,ST003,PRD0039,CUST1033,1,15677.76,Card,Physical Store
TXN005493,2025-09-20 12:44:00,ST004,PRD0124,CUST0096,5,2894.98,Mobile Wallet,Physical Store
TXN005494,2025-06-18 20:24:00,ST001,PRD0263,CUST0536,2,3550.61,Cash,Physical Store
TXN005495,2025-10-12 20:02:00,ST004,PRD0034,CUST0968,3,9530.33,Card,Physical Store
TXN005496,2025-11-03 09:45:00,ST002,PRD0117,CUST0215,1,14750.74,Mobile Wallet,Physical Store
TXN005497,2025-07-02 17:44:00,ST001,PRD0226,CUST0634,4,18502.93,Card,Physical Store
TXN005498,2025-01-30 10:43:00,ST001,PRD0109,CUST0219,2,6325.94,Mobile Wallet,Physical Store
TXN005499,2025-09-28 09:28:00,ST006,PRD0009,CUST0632,2,2429.12,Card,Physical Store
TXN005500,2025-03-13 15:54:00,ST005,PRD0162,CUST0189,1,19501.87,Online,Physical Store
